{
    "loss": 1.2265625,
    "acc": 0.6662421822547913,
    "macro_f1": 0.5495566129684448,
    "total_f1": 0.7452001571655273,
    "inf_f1": 0.6318711638450623,
    "perc_f1": 0.46394020318984985,
    "backg_f1": 0.2776096761226654
}