{
    "loss": 1.0078125,
    "acc": 0.6114243865013123,
    "macro_f1": 0.5397748351097107,
    "total_f1": 0.7622740864753723,
    "inf_f1": 0.6078163385391235,
    "perc_f1": 0.4199337959289551,
    "backg_f1": 0.3550295829772949
}