{
    "loss": 1.03125,
    "acc": 0.6438663601875305,
    "macro_f1": 0.523013710975647,
    "total_f1": 0.756242036819458,
    "inf_f1": 0.5443675518035889,
    "perc_f1": 0.440418541431427,
    "backg_f1": 0.29105937480926514
}