{
    "loss": 0.9921875,
    "acc": 0.6170638799667358,
    "macro_f1": 0.5169028043746948,
    "total_f1": 0.7589291334152222,
    "inf_f1": 0.5697438716888428,
    "perc_f1": 0.3406478464603424,
    "backg_f1": 0.3749218285083771
}