{
    "loss": 1.3671875,
    "acc": 0.5759505033493042,
    "macro_f1": 0.5054048299789429,
    "total_f1": 0.7381880283355713,
    "inf_f1": 0.5769572854042053,
    "perc_f1": 0.3747609853744507,
    "backg_f1": 0.329594224691391
}