{
    "loss": 1.0234375,
    "acc": 0.5727366209030151,
    "macro_f1": 0.5316055417060852,
    "total_f1": 0.7369083166122437,
    "inf_f1": 0.608442485332489,
    "perc_f1": 0.39978763461112976,
    "backg_f1": 0.4152868986129761
}