{
    "loss": 1.4921875,
    "acc": 0.6496270895004272,
    "macro_f1": 0.5416470170021057,
    "total_f1": 0.7532356977462769,
    "inf_f1": 0.636898398399353,
    "perc_f1": 0.4304129481315613,
    "backg_f1": 0.28268060088157654
}