{
    "loss": 1.3984375,
    "acc": 0.2870039641857147,
    "macro_f1": 0.2572529911994934,
    "total_f1": 0.5702455639839172,
    "inf_f1": 0.2044491469860077,
    "perc_f1": 0.21108275651931763,
    "backg_f1": 0.22118929028511047
}