{
    "loss": 1.3828125,
    "acc": 0.2990635335445404,
    "macro_f1": 0.2674252390861511,
    "total_f1": 0.577734112739563,
    "inf_f1": 0.2186836451292038,
    "perc_f1": 0.21994608640670776,
    "backg_f1": 0.22160209715366364
}