{
    "loss": 1.3828125,
    "acc": 0.297446608543396,
    "macro_f1": 0.2657647728919983,
    "total_f1": 0.5760360956192017,
    "inf_f1": 0.21651311218738556,
    "perc_f1": 0.21843615174293518,
    "backg_f1": 0.2203584909439087
}