{
    "loss": 1.3828125,
    "acc": 0.29596441984176636,
    "macro_f1": 0.26557254791259766,
    "total_f1": 0.5763825178146362,
    "inf_f1": 0.21742942929267883,
    "perc_f1": 0.21900679171085358,
    "backg_f1": 0.2224789559841156
}