{
    "loss": 1.390625,
    "acc": 0.2907094359397888,
    "macro_f1": 0.261296808719635,
    "total_f1": 0.5736442804336548,
    "inf_f1": 0.21205748617649078,
    "perc_f1": 0.21444281935691833,
    "backg_f1": 0.22318284213542938
}