{
    "loss": 1.390625,
    "acc": 0.2994677722454071,
    "macro_f1": 0.26802584528923035,
    "total_f1": 0.578242301940918,
    "inf_f1": 0.22068965435028076,
    "perc_f1": 0.21978417038917542,
    "backg_f1": 0.22218580543994904
}