{
    "loss": 1.3828125,
    "acc": 0.29805296659469604,
    "macro_f1": 0.26709723472595215,
    "total_f1": 0.5770007371902466,
    "inf_f1": 0.21975700557231903,
    "perc_f1": 0.21933622658252716,
    "backg_f1": 0.22265881299972534
}