{
    "loss": 1.3828125,
    "acc": 0.2973792254924774,
    "macro_f1": 0.2663003206253052,
    "total_f1": 0.5770983695983887,
    "inf_f1": 0.21626420319080353,
    "perc_f1": 0.21976058185100555,
    "backg_f1": 0.22273173928260803
}