{
    "loss": 1.40625,
    "acc": 0.279121458530426,
    "macro_f1": 0.2501949071884155,
    "total_f1": 0.5640819668769836,
    "inf_f1": 0.1891939789056778,
    "perc_f1": 0.20517665147781372,
    "backg_f1": 0.22575172781944275
}