{
    "loss": 1.484375,
    "acc": 0.17348244786262512,
    "macro_f1": 0.16107580065727234,
    "total_f1": 0.5837603211402893,
    "inf_f1": 0.12938308715820312,
    "perc_f1": 0.14711730182170868,
    "backg_f1": 0.26748332381248474
}