{
    "loss": 1.390625,
    "acc": 0.28693661093711853,
    "macro_f1": 0.25914475321769714,
    "total_f1": 0.5745446085929871,
    "inf_f1": 0.20774148404598236,
    "perc_f1": 0.21373485028743744,
    "backg_f1": 0.22719502449035645
}