{
    "loss": 1.3984375,
    "acc": 0.2871387302875519,
    "macro_f1": 0.2558186650276184,
    "total_f1": 0.5668708682060242,
    "inf_f1": 0.19676214456558228,
    "perc_f1": 0.2083333283662796,
    "backg_f1": 0.22331483662128448
}