{
    "loss": 1.3828125,
    "acc": 0.298255056142807,
    "macro_f1": 0.26687484979629517,
    "total_f1": 0.5775314569473267,
    "inf_f1": 0.21738360822200775,
    "perc_f1": 0.22046394646167755,
    "backg_f1": 0.22153142094612122
}