{
    "loss": 1.390625,
    "acc": 0.2911810278892517,
    "macro_f1": 0.2624208331108093,
    "total_f1": 0.5749512314796448,
    "inf_f1": 0.21646234393119812,
    "perc_f1": 0.216341033577919,
    "backg_f1": 0.22204001247882843
}