{
    "loss": 1.4140625,
    "acc": 0.27278852462768555,
    "macro_f1": 0.24511577188968658,
    "total_f1": 0.560833215713501,
    "inf_f1": 0.18801042437553406,
    "perc_f1": 0.19932305812835693,
    "backg_f1": 0.22152788937091827
}