{
    "loss": 1.453125,
    "acc": 0.2071009874343872,
    "macro_f1": 0.1989380121231079,
    "total_f1": 0.5664758086204529,
    "inf_f1": 0.15502840280532837,
    "perc_f1": 0.17448559403419495,
    "backg_f1": 0.24124038219451904
}