{
    "loss": 1.421875,
    "acc": 0.2530485689640045,
    "macro_f1": 0.23225095868110657,
    "total_f1": 0.560940146446228,
    "inf_f1": 0.1792735755443573,
    "perc_f1": 0.19506849348545074,
    "backg_f1": 0.21867667138576508
}