{
    "loss": 1.3828125,
    "acc": 0.29933300614356995,
    "macro_f1": 0.2678133547306061,
    "total_f1": 0.5780293345451355,
    "inf_f1": 0.21869488060474396,
    "perc_f1": 0.22086331248283386,
    "backg_f1": 0.2222222238779068
}