{
    "loss": 1.4375,
    "acc": 0.24927575886249542,
    "macro_f1": 0.22618576884269714,
    "total_f1": 0.5562720894813538,
    "inf_f1": 0.16387207806110382,
    "perc_f1": 0.1804572194814682,
    "backg_f1": 0.2280084490776062
}