{
    "loss": 1.046875,
    "acc": 0.6386513710021973,
    "macro_f1": 0.5201688408851624,
    "total_f1": 0.7440567016601562,
    "inf_f1": 0.6175298690795898,
    "perc_f1": 0.40256500244140625,
    "backg_f1": 0.25858014822006226
}