{
    "loss": 1.375,
    "acc": 0.659329354763031,
    "macro_f1": 0.5744737386703491,
    "total_f1": 0.7724546790122986,
    "inf_f1": 0.6532025337219238,
    "perc_f1": 0.45604002475738525,
    "backg_f1": 0.3748053312301636
}