{
    "loss": 1.03125,
    "acc": 0.49857497215270996,
    "macro_f1": 0.4736458659172058,
    "total_f1": 0.699203610420227,
    "inf_f1": 0.6208141446113586,
    "perc_f1": 0.32446667551994324,
    "backg_f1": 0.3375510275363922
}