{
    "loss": 1.453125,
    "acc": 0.6496270895004272,
    "macro_f1": 0.5683423280715942,
    "total_f1": 0.7516913414001465,
    "inf_f1": 0.6285145282745361,
    "perc_f1": 0.4502507150173187,
    "backg_f1": 0.39994382858276367
}