{
    "loss": 2.1875,
    "acc": 0.6948638558387756,
    "macro_f1": 0.5868306159973145,
    "total_f1": 0.7502447366714478,
    "inf_f1": 0.6645469069480896,
    "perc_f1": 0.4534910023212433,
    "backg_f1": 0.39765167236328125
}