{
    "loss": 1.890625,
    "acc": 0.7060821056365967,
    "macro_f1": 0.6063476800918579,
    "total_f1": 0.764421284198761,
    "inf_f1": 0.6766142249107361,
    "perc_f1": 0.478281170129776,
    "backg_f1": 0.43241265416145325
}