{
    "loss": 1.0234375,
    "acc": 0.5846219062805176,
    "macro_f1": 0.535674512386322,
    "total_f1": 0.7399375438690186,
    "inf_f1": 0.6156716346740723,
    "perc_f1": 0.42323020100593567,
    "backg_f1": 0.3793847858905792
}