{
    "loss": 1.7734375,
    "acc": 0.6752774119377136,
    "macro_f1": 0.5884240865707397,
    "total_f1": 0.7500705718994141,
    "inf_f1": 0.649927020072937,
    "perc_f1": 0.45556285977363586,
    "backg_f1": 0.43651050329208374
}