{
    "loss": 1.1328125,
    "acc": 0.5475107431411743,
    "macro_f1": 0.5296131372451782,
    "total_f1": 0.7094773650169373,
    "inf_f1": 0.6486625671386719,
    "perc_f1": 0.4304167628288269,
    "backg_f1": 0.37738558650016785
}