{
    "loss": 1.609375,
    "acc": 0.6805530190467834,
    "macro_f1": 0.5769000053405762,
    "total_f1": 0.7632884979248047,
    "inf_f1": 0.6174083352088928,
    "perc_f1": 0.47058823704719543,
    "backg_f1": 0.3920966684818268
}