{
    "loss": 2.375,
    "acc": 0.6812806725502014,
    "macro_f1": 0.5971344709396362,
    "total_f1": 0.7538428902626038,
    "inf_f1": 0.6779661178588867,
    "perc_f1": 0.4685012400150299,
    "backg_f1": 0.4292601943016052
}