{
    "loss": 1.109375,
    "acc": 0.5328967571258545,
    "macro_f1": 0.4716305136680603,
    "total_f1": 0.7100654244422913,
    "inf_f1": 0.4768478572368622,
    "perc_f1": 0.3738833963871002,
    "backg_f1": 0.34266212582588196
}