{
    "loss": 1.140625,
    "acc": 0.5962646007537842,
    "macro_f1": 0.44514209032058716,
    "total_f1": 0.7162248492240906,
    "inf_f1": 0.3985212445259094,
    "perc_f1": 0.3806460201740265,
    "backg_f1": 0.21254801750183105
}