{
    "loss": 1.0703125,
    "acc": 0.5803165435791016,
    "macro_f1": 0.4761667847633362,
    "total_f1": 0.7182102203369141,
    "inf_f1": 0.5072103142738342,
    "perc_f1": 0.3055950105190277,
    "backg_f1": 0.347514271736145
}