{
    "loss": 1.09375,
    "acc": 0.5697047114372253,
    "macro_f1": 0.47782376408576965,
    "total_f1": 0.7192884683609009,
    "inf_f1": 0.5090595483779907,
    "perc_f1": 0.31246086955070496,
    "backg_f1": 0.3604554235935211
}