{
    "loss": 1.3828125,
    "acc": 0.521496593952179,
    "macro_f1": 0.3566412329673767,
    "total_f1": 0.5434019565582275,
    "inf_f1": 0.20381061732769012,
    "perc_f1": 0.22663043439388275,
    "backg_f1": 0.2973516583442688
}