{
    "loss": 1.109375,
    "acc": 0.6623145937919617,
    "macro_f1": 0.5104726552963257,
    "total_f1": 0.7011964917182922,
    "inf_f1": 0.5990909337997437,
    "perc_f1": 0.3486191928386688,
    "backg_f1": 0.27861666679382324
}