{
    "loss": 1.0546875,
    "acc": 0.5411916375160217,
    "macro_f1": 0.5000171065330505,
    "total_f1": 0.7313588857650757,
    "inf_f1": 0.6216955184936523,
    "perc_f1": 0.395587682723999,
    "backg_f1": 0.2830188572406769
}