{
    "loss": 1.15625,
    "acc": 0.5737403631210327,
    "macro_f1": 0.490080863237381,
    "total_f1": 0.7279343605041504,
    "inf_f1": 0.564428985118866,
    "perc_f1": 0.3077441155910492,
    "backg_f1": 0.35686808824539185
}