{
    "loss": 0.5078125,
    "acc": 0.7685352563858032,
    "total_f1": 0.7110609412193298
}