{
    "loss": 0.5625,
    "acc": 0.7622061371803284,
    "total_f1": 0.7131952047348022
}