{
    "loss": 0.5390625,
    "acc": 0.7766727209091187,
    "total_f1": 0.7041916251182556
}