{
    "loss": 0.466796875,
    "acc": 0.775768518447876,
    "total_f1": 0.7188208699226379
}