{
    "loss": 0.46484375,
    "acc": 0.7893308997154236,
    "total_f1": 0.7182587385177612
}