{
    "loss": 0.52734375,
    "acc": 0.7597567439079285,
    "total_f1": 0.7052303552627563
}