{
    "loss": 0.58203125,
    "acc": 0.7435200810432434,
    "total_f1": 0.6785555481910706
}