{
    "loss": 0.6015625,
    "acc": 0.7459408640861511,
    "total_f1": 0.685384213924408
}