{
    "loss": 0.61328125,
    "acc": 0.7737230658531189,
    "total_f1": 0.7155580520629883
}