{
    "loss": 0.578125,
    "acc": 0.7849286794662476,
    "total_f1": 0.7008370757102966
}