{
    "loss": 0.478515625,
    "acc": 0.777102530002594,
    "total_f1": 0.7239619493484497
}