{
    "loss": 0.67578125,
    "acc": 0.6233065724372864,
    "total_f1": 0.6735516786575317
}