{
    "loss": 1.2734375,
    "acc": 0.4995620846748352,
    "macro_f1": 0.36133918166160583,
    "total_f1": 0.6385064721107483,
    "inf_f1": 0.3976525068283081,
    "perc_f1": 0.2978091239929199,
    "backg_f1": 0.0670391097664833
}