{
    "loss": 1.0390625,
    "acc": 0.5137775540351868,
    "macro_f1": 0.5018075704574585,
    "total_f1": 0.7018157839775085,
    "inf_f1": 0.653436005115509,
    "perc_f1": 0.3863894045352936,
    "backg_f1": 0.3444739878177643
}