{
    "loss": 1.0078125,
    "acc": 0.6235936284065247,
    "macro_f1": 0.5278383493423462,
    "total_f1": 0.75456303358078,
    "inf_f1": 0.6064935326576233,
    "perc_f1": 0.3450327217578888,
    "backg_f1": 0.37802639603614807
}