{
    "loss": 1.5625,
    "acc": 0.6791080236434937,
    "macro_f1": 0.594100832939148,
    "total_f1": 0.7503134608268738,
    "inf_f1": 0.6949055790901184,
    "perc_f1": 0.46090954542160034,
    "backg_f1": 0.40881913900375366
}