{
    "loss": 1.828125,
    "acc": 0.6981068253517151,
    "macro_f1": 0.5810849070549011,
    "total_f1": 0.729871928691864,
    "inf_f1": 0.695955753326416,
    "perc_f1": 0.4559643268585205,
    "backg_f1": 0.34087273478507996
}