{
    "loss": 1.21875,
    "acc": 0.6543825268745422,
    "macro_f1": 0.5907403826713562,
    "total_f1": 0.7585103511810303,
    "inf_f1": 0.6807716488838196,
    "perc_f1": 0.5042808055877686,
    "backg_f1": 0.38621631264686584
}