{
    "loss": 1.234375,
    "acc": 0.6883379220962524,
    "macro_f1": 0.584276556968689,
    "total_f1": 0.7383342981338501,
    "inf_f1": 0.6691176295280457,
    "perc_f1": 0.47934678196907043,
    "backg_f1": 0.36251330375671387
}