{
    "loss": 1.46875,
    "acc": 0.6780974268913269,
    "macro_f1": 0.5944339036941528,
    "total_f1": 0.750039279460907,
    "inf_f1": 0.69486403465271,
    "perc_f1": 0.4694882035255432,
    "backg_f1": 0.401045560836792
}