{
    "loss": 1.34375,
    "acc": 0.6533039212226868,
    "macro_f1": 0.5767042636871338,
    "total_f1": 0.734997570514679,
    "inf_f1": 0.6727007031440735,
    "perc_f1": 0.4426631033420563,
    "backg_f1": 0.40030935406684875
}