{
    "loss": 1.5,
    "acc": 0.6830329895019531,
    "macro_f1": 0.5743855834007263,
    "total_f1": 0.7385477423667908,
    "inf_f1": 0.6882855892181396,
    "perc_f1": 0.43180087208747864,
    "backg_f1": 0.3552532196044922
}