{
    "loss": 1.1015625,
    "acc": 0.6753708720207214,
    "macro_f1": 0.5497633218765259,
    "total_f1": 0.7626498937606812,
    "inf_f1": 0.634636402130127,
    "perc_f1": 0.33740830421447754,
    "backg_f1": 0.3982832729816437
}