{
    "loss": 1.1171875,
    "acc": 0.6281720995903015,
    "macro_f1": 0.5427406430244446,
    "total_f1": 0.7306634187698364,
    "inf_f1": 0.6418439745903015,
    "perc_f1": 0.41050833463668823,
    "backg_f1": 0.34517765045166016
}