{
    "loss": 1.1015625,
    "acc": 0.5912712812423706,
    "macro_f1": 0.44201284646987915,
    "total_f1": 0.7302062511444092,
    "inf_f1": 0.493120014667511,
    "perc_f1": 0.3369218409061432,
    "backg_f1": 0.1589249223470688
}