{
    "loss": 1.4765625,
    "acc": 0.6666053533554077,
    "macro_f1": 0.5714990496635437,
    "total_f1": 0.7533848285675049,
    "inf_f1": 0.67022305727005,
    "perc_f1": 0.4355444312095642,
    "backg_f1": 0.36806946992874146
}