{
    "loss": 1.0546875,
    "acc": 0.5959911942481995,
    "macro_f1": 0.5176104307174683,
    "total_f1": 0.7447617650032043,
    "inf_f1": 0.6003937125205994,
    "perc_f1": 0.4112149477005005,
    "backg_f1": 0.29012346267700195
}