{
    "loss": 1.171875,
    "acc": 0.6059826016426086,
    "macro_f1": 0.4780113995075226,
    "total_f1": 0.7351878881454468,
    "inf_f1": 0.5079705715179443,
    "perc_f1": 0.27628445625305176,
    "backg_f1": 0.3518484830856323
}