{
    "loss": 1.015625,
    "acc": 0.5536349415779114,
    "macro_f1": 0.5284326076507568,
    "total_f1": 0.722442626953125,
    "inf_f1": 0.6391879320144653,
    "perc_f1": 0.4313206970691681,
    "backg_f1": 0.3600163757801056
}