{
    "loss": 1.0703125,
    "acc": 0.602182149887085,
    "macro_f1": 0.45017707347869873,
    "total_f1": 0.7373793125152588,
    "inf_f1": 0.5194675326347351,
    "perc_f1": 0.3189893364906311,
    "backg_f1": 0.17231307923793793
}