{
    "loss": 1.15625,
    "acc": 0.5744146108627319,
    "macro_f1": 0.4873506426811218,
    "total_f1": 0.747563898563385,
    "inf_f1": 0.5710344910621643,
    "perc_f1": 0.3919518291950226,
    "backg_f1": 0.23894523084163666
}