{
    "loss": 0.9921875,
    "acc": 0.6461934447288513,
    "macro_f1": 0.5257666110992432,
    "total_f1": 0.7435236573219299,
    "inf_f1": 0.6358276605606079,
    "perc_f1": 0.3895758092403412,
    "backg_f1": 0.2697933614253998
}