{
    "loss": 0.95703125,
    "acc": 0.6552041172981262,
    "macro_f1": 0.5819942951202393,
    "total_f1": 0.7681995034217834,
    "inf_f1": 0.6632805466651917,
    "perc_f1": 0.4587516486644745,
    "backg_f1": 0.40120187401771545
}