{
    "loss": 1.140625,
    "acc": 0.48216256499290466,
    "macro_f1": 0.4650554358959198,
    "total_f1": 0.6871204972267151,
    "inf_f1": 0.6091370582580566,
    "perc_f1": 0.3420441448688507,
    "backg_f1": 0.33303365111351013
}