{
    "loss": 1.1171875,
    "acc": 0.6433125138282776,
    "macro_f1": 0.542614221572876,
    "total_f1": 0.7389664649963379,
    "inf_f1": 0.6416575908660889,
    "perc_f1": 0.4003387987613678,
    "backg_f1": 0.3326336145401001
}