{
    "loss": 1.390625,
    "acc": 0.2775045335292816,
    "macro_f1": 0.2503521144390106,
    "total_f1": 0.5682194232940674,
    "inf_f1": 0.1955990195274353,
    "perc_f1": 0.2056763768196106,
    "backg_f1": 0.22357913851737976
}