{
    "loss": 1.4140625,
    "acc": 0.2639628052711487,
    "macro_f1": 0.24090442061424255,
    "total_f1": 0.5649043917655945,
    "inf_f1": 0.18486808240413666,
    "perc_f1": 0.1982119083404541,
    "backg_f1": 0.2302941232919693
}