{
    "loss": 1.3984375,
    "acc": 0.27898672223091125,
    "macro_f1": 0.25131696462631226,
    "total_f1": 0.5691131353378296,
    "inf_f1": 0.19546493887901306,
    "perc_f1": 0.2060449719429016,
    "backg_f1": 0.2244420200586319
}