{
    "loss": 1.3984375,
    "acc": 0.2797278165817261,
    "macro_f1": 0.25183191895484924,
    "total_f1": 0.5690945386886597,
    "inf_f1": 0.1967673897743225,
    "perc_f1": 0.20702335238456726,
    "backg_f1": 0.2227800488471985
}