{
    "loss": 1.40625,
    "acc": 0.2771003246307373,
    "macro_f1": 0.2501913905143738,
    "total_f1": 0.5682543516159058,
    "inf_f1": 0.19445419311523438,
    "perc_f1": 0.20656760036945343,
    "backg_f1": 0.22426986694335938
}