{
    "loss": 1.4140625,
    "acc": 0.27939096093177795,
    "macro_f1": 0.25188004970550537,
    "total_f1": 0.5687863826751709,
    "inf_f1": 0.19771328568458557,
    "perc_f1": 0.20665563642978668,
    "backg_f1": 0.22395996749401093
}