{
    "loss": 1.421875,
    "acc": 0.2650407552719116,
    "macro_f1": 0.23963379859924316,
    "total_f1": 0.5610710978507996,
    "inf_f1": 0.18213416635990143,
    "perc_f1": 0.1956726312637329,
    "backg_f1": 0.22232387959957123
}