{
    "loss": 1.453125,
    "acc": 0.21814997494220734,
    "macro_f1": 0.20700490474700928,
    "total_f1": 0.5613771677017212,
    "inf_f1": 0.15623435378074646,
    "perc_f1": 0.17926949262619019,
    "backg_f1": 0.23343433439731598
}