{
    "loss": 1.4296875,
    "acc": 0.26571446657180786,
    "macro_f1": 0.23764081299304962,
    "total_f1": 0.5573714375495911,
    "inf_f1": 0.17308034002780914,
    "perc_f1": 0.1915753036737442,
    "backg_f1": 0.22155508399009705
}