{
    "loss": 1.4296875,
    "acc": 0.26564711332321167,
    "macro_f1": 0.2358769029378891,
    "total_f1": 0.55378258228302,
    "inf_f1": 0.1680140644311905,
    "perc_f1": 0.1839546263217926,
    "backg_f1": 0.22542671859264374
}