{
    "loss": 1.3984375,
    "acc": 0.27945834398269653,
    "macro_f1": 0.2517436742782593,
    "total_f1": 0.5690630078315735,
    "inf_f1": 0.19680197536945343,
    "perc_f1": 0.2071625292301178,
    "backg_f1": 0.22298885881900787
}