{
    "loss": 1.4609375,
    "acc": 0.19544567167758942,
    "macro_f1": 0.1869560182094574,
    "total_f1": 0.5734494924545288,
    "inf_f1": 0.14605170488357544,
    "perc_f1": 0.16508795320987701,
    "backg_f1": 0.25449103116989136
}