{
    "loss": 1.40625,
    "acc": 0.26874619722366333,
    "macro_f1": 0.24420054256916046,
    "total_f1": 0.5657559633255005,
    "inf_f1": 0.19094622135162354,
    "perc_f1": 0.19992384314537048,
    "backg_f1": 0.2253091186285019
}