{
    "loss": 1.4921875,
    "acc": 0.1702485978603363,
    "macro_f1": 0.1546493023633957,
    "total_f1": 0.5858280062675476,
    "inf_f1": 0.12532325088977814,
    "perc_f1": 0.14368116855621338,
    "backg_f1": 0.27053970098495483
}