{
    "loss": 1.46875,
    "acc": 0.17422354221343994,
    "macro_f1": 0.16205739974975586,
    "total_f1": 0.5835018157958984,
    "inf_f1": 0.13077791035175323,
    "perc_f1": 0.1484607756137848,
    "backg_f1": 0.26713016629219055
}