{
    "loss": 1.4140625,
    "acc": 0.2692178189754486,
    "macro_f1": 0.24517658352851868,
    "total_f1": 0.5675553679466248,
    "inf_f1": 0.1927752047777176,
    "perc_f1": 0.20417802035808563,
    "backg_f1": 0.22271154820919037
}