{
    "loss": 1.40625,
    "acc": 0.2722495496273041,
    "macro_f1": 0.2466460019350052,
    "total_f1": 0.5666269063949585,
    "inf_f1": 0.19302485883235931,
    "perc_f1": 0.20392584800720215,
    "backg_f1": 0.221870556473732
}