{
    "loss": 1.40625,
    "acc": 0.27608972787857056,
    "macro_f1": 0.24906355142593384,
    "total_f1": 0.5667521953582764,
    "inf_f1": 0.1944928616285324,
    "perc_f1": 0.2051752656698227,
    "backg_f1": 0.22180214524269104
}