{
    "loss": 1.40625,
    "acc": 0.2797278165817261,
    "macro_f1": 0.2519209682941437,
    "total_f1": 0.5692421793937683,
    "inf_f1": 0.1968766450881958,
    "perc_f1": 0.20624999701976776,
    "backg_f1": 0.22410546243190765
}