{
    "loss": 1.4453125,
    "acc": 0.25250959396362305,
    "macro_f1": 0.22787827253341675,
    "total_f1": 0.5539052486419678,
    "inf_f1": 0.16465795040130615,
    "perc_f1": 0.17967957258224487,
    "backg_f1": 0.22657951712608337
}