{
    "loss": 1.53125,
    "acc": 0.6817051768302917,
    "macro_f1": 0.5611979365348816,
    "total_f1": 0.7503600716590881,
    "inf_f1": 0.6668384671211243,
    "perc_f1": 0.40826180577278137,
    "backg_f1": 0.33608025312423706
}