{
    "loss": 1.015625,
    "acc": 0.6156085133552551,
    "macro_f1": 0.5381430387496948,
    "total_f1": 0.7560348510742188,
    "inf_f1": 0.6293978095054626,
    "perc_f1": 0.3859714865684509,
    "backg_f1": 0.365641713142395
}