{
    "loss": 1.34375,
    "acc": 0.6222181916236877,
    "macro_f1": 0.5689637660980225,
    "total_f1": 0.7464859485626221,
    "inf_f1": 0.6652769446372986,
    "perc_f1": 0.44211798906326294,
    "backg_f1": 0.4054657816886902
}