{
    "loss": 1.078125,
    "acc": 0.6467164158821106,
    "macro_f1": 0.5226723551750183,
    "total_f1": 0.7357070446014404,
    "inf_f1": 0.6092090010643005,
    "perc_f1": 0.3891128897666931,
    "backg_f1": 0.28293314576148987
}