{
    "loss": 1.15625,
    "acc": 0.6579952836036682,
    "macro_f1": 0.5770592093467712,
    "total_f1": 0.77218097448349,
    "inf_f1": 0.6718565821647644,
    "perc_f1": 0.4316176474094391,
    "backg_f1": 0.40014418959617615
}