{
    "loss": 1.015625,
    "acc": 0.49645259976387024,
    "macro_f1": 0.4819987416267395,
    "total_f1": 0.6947323679924011,
    "inf_f1": 0.6401691436767578,
    "perc_f1": 0.33969464898109436,
    "backg_f1": 0.3534526228904724
}