{
    "loss": 1.03125,
    "acc": 0.658694326877594,
    "macro_f1": 0.5425025224685669,
    "total_f1": 0.7568535804748535,
    "inf_f1": 0.5880052447319031,
    "perc_f1": 0.40560293197631836,
    "backg_f1": 0.36172789335250854
}