{
    "loss": 0.98046875,
    "acc": 0.5851243138313293,
    "macro_f1": 0.5331844091415405,
    "total_f1": 0.7338024377822876,
    "inf_f1": 0.6409844756126404,
    "perc_f1": 0.4040403962135315,
    "backg_f1": 0.3619571626186371
}