{
    "loss": 1.3984375,
    "acc": 0.6680589914321899,
    "macro_f1": 0.5857535600662231,
    "total_f1": 0.7553256154060364,
    "inf_f1": 0.6612222194671631,
    "perc_f1": 0.4597395658493042,
    "backg_f1": 0.4164665639400482
}