{
    "loss": 1.15625,
    "acc": 0.622111439704895,
    "macro_f1": 0.5700510144233704,
    "total_f1": 0.7450228929519653,
    "inf_f1": 0.6630552411079407,
    "perc_f1": 0.44538483023643494,
    "backg_f1": 0.41909295320510864
}