{
    "loss": 1.6015625,
    "acc": 0.7005322575569153,
    "macro_f1": 0.5985690355300903,
    "total_f1": 0.7618186473846436,
    "inf_f1": 0.6805633902549744,
    "perc_f1": 0.4557721018791199,
    "backg_f1": 0.42326638102531433
}