{
    "loss": 1.125,
    "acc": 0.6919086575508118,
    "macro_f1": 0.5876287817955017,
    "total_f1": 0.7558120489120483,
    "inf_f1": 0.6680812239646912,
    "perc_f1": 0.48739495873451233,
    "backg_f1": 0.36375632882118225
}