{
    "loss": 1.3203125,
    "acc": 0.695883572101593,
    "macro_f1": 0.6030356287956238,
    "total_f1": 0.7666800022125244,
    "inf_f1": 0.6800689101219177,
    "perc_f1": 0.4940383732318878,
    "backg_f1": 0.40738582611083984
}