{
    "loss": 1.2109375,
    "acc": 0.5462507605552673,
    "macro_f1": 0.41846132278442383,
    "total_f1": 0.6681520938873291,
    "inf_f1": 0.5063427686691284,
    "perc_f1": 0.3339737057685852,
    "backg_f1": 0.1089572161436081
}