{
    "loss": 1.09375,
    "acc": 0.5698259472846985,
    "macro_f1": 0.49283576011657715,
    "total_f1": 0.725915789604187,
    "inf_f1": 0.607809841632843,
    "perc_f1": 0.3849765360355377,
    "backg_f1": 0.2392795830965042
}