{
    "loss": 0.99609375,
    "acc": 0.5718876719474792,
    "macro_f1": 0.5254179239273071,
    "total_f1": 0.7412732243537903,
    "inf_f1": 0.6210594177246094,
    "perc_f1": 0.3907342553138733,
    "backg_f1": 0.3784049153327942
}