{
    "loss": 1.0703125,
    "acc": 0.5393244624137878,
    "macro_f1": 0.5121362209320068,
    "total_f1": 0.7092222571372986,
    "inf_f1": 0.6242097616195679,
    "perc_f1": 0.3893229067325592,
    "backg_f1": 0.3783964216709137
}