{
    "loss": 0.984375,
    "acc": 0.6114243865013123,
    "macro_f1": 0.5262899398803711,
    "total_f1": 0.7489873170852661,
    "inf_f1": 0.5983505249023438,
    "perc_f1": 0.3655860424041748,
    "backg_f1": 0.3720461130142212
}