{
    "loss": 1.0078125,
    "acc": 0.597962498664856,
    "macro_f1": 0.5310359001159668,
    "total_f1": 0.7448905110359192,
    "inf_f1": 0.6301611661911011,
    "perc_f1": 0.35875168442726135,
    "backg_f1": 0.3887673318386078
}