{
    "loss": 1.078125,
    "acc": 0.5415074825286865,
    "macro_f1": 0.4799235463142395,
    "total_f1": 0.7361866235733032,
    "inf_f1": 0.5704020261764526,
    "perc_f1": 0.31879863142967224,
    "backg_f1": 0.3347107470035553
}