{
    "loss": 1.0078125,
    "acc": 0.668303906917572,
    "macro_f1": 0.5591654181480408,
    "total_f1": 0.7654199004173279,
    "inf_f1": 0.6419110894203186,
    "perc_f1": 0.42718061804771423,
    "backg_f1": 0.3442656397819519
}