{
    "loss": 1.75,
    "acc": 0.6681826710700989,
    "macro_f1": 0.5607572793960571,
    "total_f1": 0.7539198398590088,
    "inf_f1": 0.6230068206787109,
    "perc_f1": 0.42910799384117126,
    "backg_f1": 0.3674217164516449
}