{
    "loss": 1.5078125,
    "acc": 0.6607846617698669,
    "macro_f1": 0.5642504692077637,
    "total_f1": 0.7562718987464905,
    "inf_f1": 0.6309024691581726,
    "perc_f1": 0.4427860677242279,
    "backg_f1": 0.36918357014656067
}