{
    "loss": 0.984375,
    "acc": 0.6318597793579102,
    "macro_f1": 0.534098744392395,
    "total_f1": 0.7646713256835938,
    "inf_f1": 0.6070846915245056,
    "perc_f1": 0.3759259283542633,
    "backg_f1": 0.3574831485748291
}