{
    "loss": 1.046875,
    "acc": 0.5957188606262207,
    "macro_f1": 0.5184663534164429,
    "total_f1": 0.7422809600830078,
    "inf_f1": 0.6368238925933838,
    "perc_f1": 0.40277600288391113,
    "backg_f1": 0.276110976934433
}