{
    "loss": 0.96875,
    "acc": 0.6292523145675659,
    "macro_f1": 0.5438718795776367,
    "total_f1": 0.7617530822753906,
    "inf_f1": 0.6196463704109192,
    "perc_f1": 0.40885475277900696,
    "backg_f1": 0.3633716106414795
}