{
    "loss": 1.4140625,
    "acc": 0.6639379262924194,
    "macro_f1": 0.5512250661849976,
    "total_f1": 0.7511072754859924,
    "inf_f1": 0.6556785106658936,
    "perc_f1": 0.37217944860458374,
    "backg_f1": 0.36056533455848694
}