{
    "loss": 2.015625,
    "acc": 0.660420835018158,
    "macro_f1": 0.5603150725364685,
    "total_f1": 0.7444547414779663,
    "inf_f1": 0.6427432298660278,
    "perc_f1": 0.43911033868789673,
    "backg_f1": 0.34837356209754944
}