{
    "loss": 1.03125,
    "acc": 0.6325874924659729,
    "macro_f1": 0.568676233291626,
    "total_f1": 0.7631463408470154,
    "inf_f1": 0.6530912518501282,
    "perc_f1": 0.44377681612968445,
    "backg_f1": 0.3997783660888672
}