{
    "loss": 1.4140625,
    "acc": 0.6632102131843567,
    "macro_f1": 0.5592902898788452,
    "total_f1": 0.7461632490158081,
    "inf_f1": 0.6150712966918945,
    "perc_f1": 0.41332611441612244,
    "backg_f1": 0.39318519830703735
}