{
    "loss": 1.03125,
    "acc": 0.6781274676322937,
    "macro_f1": 0.5475709438323975,
    "total_f1": 0.7518616318702698,
    "inf_f1": 0.6362311840057373,
    "perc_f1": 0.42611682415008545,
    "backg_f1": 0.2955082654953003
}