{
    "loss": 1.078125,
    "acc": 0.5057910084724426,
    "macro_f1": 0.4643644094467163,
    "total_f1": 0.7180267572402954,
    "inf_f1": 0.5521982908248901,
    "perc_f1": 0.34664884209632874,
    "backg_f1": 0.3146751821041107
}