{
    "loss": 0.9921875,
    "acc": 0.6081498861312866,
    "macro_f1": 0.5194798707962036,
    "total_f1": 0.7542892694473267,
    "inf_f1": 0.5919468402862549,
    "perc_f1": 0.3092085123062134,
    "backg_f1": 0.4123762249946594
}