{
    "loss": 1.0078125,
    "acc": 0.6529003381729126,
    "macro_f1": 0.5356636047363281,
    "total_f1": 0.7529703974723816,
    "inf_f1": 0.5855562686920166,
    "perc_f1": 0.39037927985191345,
    "backg_f1": 0.3559625744819641
}