{
    "loss": 1.078125,
    "acc": 0.6855756640434265,
    "macro_f1": 0.5913677215576172,
    "total_f1": 0.7721777558326721,
    "inf_f1": 0.6467751860618591,
    "perc_f1": 0.4819051921367645,
    "backg_f1": 0.4080202579498291
}