{
    "loss": 1.1953125,
    "acc": 0.6357879042625427,
    "macro_f1": 0.5766856670379639,
    "total_f1": 0.7551878690719604,
    "inf_f1": 0.6546803712844849,
    "perc_f1": 0.4608575403690338,
    "backg_f1": 0.4176346957683563
}