{
    "loss": 1.21875,
    "acc": 0.546654999256134,
    "macro_f1": 0.42246097326278687,
    "total_f1": 0.6656256914138794,
    "inf_f1": 0.5067340135574341,
    "perc_f1": 0.33866003155708313,
    "backg_f1": 0.12140992283821106
}