{
    "loss": 1.0078125,
    "acc": 0.5537290573120117,
    "macro_f1": 0.5137888193130493,
    "total_f1": 0.7253516912460327,
    "inf_f1": 0.627888023853302,
    "perc_f1": 0.4006637632846832,
    "backg_f1": 0.3353692293167114
}