{
    "loss": 1.359375,
    "acc": 0.6899548768997192,
    "macro_f1": 0.5848519802093506,
    "total_f1": 0.7664263248443604,
    "inf_f1": 0.656475841999054,
    "perc_f1": 0.45480549335479736,
    "backg_f1": 0.39436084032058716
}