{
    "loss": 1.453125,
    "acc": 0.6437612771987915,
    "macro_f1": 0.5503228902816772,
    "total_f1": 0.7312961220741272,
    "inf_f1": 0.590673565864563,
    "perc_f1": 0.4688427448272705,
    "backg_f1": 0.3436754047870636
}