{
    "loss": 1.125,
    "acc": 0.6482821106910706,
    "macro_f1": 0.5408873558044434,
    "total_f1": 0.7303974032402039,
    "inf_f1": 0.5727272629737854,
    "perc_f1": 0.43916913866996765,
    "backg_f1": 0.3475935757160187
}