{
    "loss": 1.015625,
    "acc": 0.6338155269622803,
    "macro_f1": 0.5357986688613892,
    "total_f1": 0.7240663766860962,
    "inf_f1": 0.5345622301101685,
    "perc_f1": 0.4901408553123474,
    "backg_f1": 0.3316326439380646
}