{
    "loss": 1.546875,
    "acc": 0.6627486348152161,
    "macro_f1": 0.5591583251953125,
    "total_f1": 0.7326732873916626,
    "inf_f1": 0.5957446694374084,
    "perc_f1": 0.4738461673259735,
    "backg_f1": 0.35353535413742065
}