{
    "loss": 1.2734375,
    "acc": 0.5081374049186707,
    "macro_f1": 0.35126793384552,
    "total_f1": 0.5972369909286499,
    "inf_f1": 0.23626373708248138,
    "perc_f1": 0.32664754986763,
    "backg_f1": 0.14035087823867798
}