{
    "loss": 1.125,
    "acc": 0.5244122743606567,
    "macro_f1": 0.4476443827152252,
    "total_f1": 0.7113857269287109,
    "inf_f1": 0.4161490797996521,
    "perc_f1": 0.34560906887054443,
    "backg_f1": 0.331877738237381
}