{
    "loss": 1.28125,
    "acc": 0.623869776725769,
    "macro_f1": 0.5419695973396301,
    "total_f1": 0.721941351890564,
    "inf_f1": 0.5959596037864685,
    "perc_f1": 0.45194804668426514,
    "backg_f1": 0.3448275923728943
}