{
    "loss": 1.1796875,
    "acc": 0.634719729423523,
    "macro_f1": 0.5558578372001648,
    "total_f1": 0.7296748161315918,
    "inf_f1": 0.5951219797134399,
    "perc_f1": 0.4789643883705139,
    "backg_f1": 0.36595743894577026
}