{
    "loss": 1.4375,
    "acc": 0.6663652658462524,
    "macro_f1": 0.5595694780349731,
    "total_f1": 0.7386990189552307,
    "inf_f1": 0.5876288414001465,
    "perc_f1": 0.45847177505493164,
    "backg_f1": 0.37378641963005066
}