{
    "loss": 1.046875,
    "acc": 0.6084991097450256,
    "macro_f1": 0.5185126066207886,
    "total_f1": 0.7238658666610718,
    "inf_f1": 0.5221238732337952,
    "perc_f1": 0.4685138463973999,
    "backg_f1": 0.3171355426311493
}