{
    "loss": 1.0234375,
    "acc": 0.5723327398300171,
    "macro_f1": 0.5057865977287292,
    "total_f1": 0.6760070323944092,
    "inf_f1": 0.8835164904594421,
    "perc_f1": 0.22588235139846802,
    "backg_f1": 0.25954198837280273
}