{
    "loss": 1.265625,
    "acc": 0.590415894985199,
    "macro_f1": 0.35613909363746643,
    "total_f1": 0.548872172832489,
    "inf_f1": 0.44214877486228943,
    "perc_f1": 0.1975308656692505,
    "backg_f1": 0.03947368264198303
}