{
    "loss": 0.921875,
    "acc": 0.5253164768218994,
    "macro_f1": 0.48902857303619385,
    "total_f1": 0.6634066700935364,
    "inf_f1": 0.8640350699424744,
    "perc_f1": 0.22332505881786346,
    "backg_f1": 0.28804346919059753
}