{
    "loss": 0.94921875,
    "acc": 0.6582278609275818,
    "macro_f1": 0.5552479028701782,
    "total_f1": 0.711240291595459,
    "inf_f1": 0.898876428604126,
    "perc_f1": 0.24778760969638824,
    "backg_f1": 0.32686981558799744
}