{
    "loss": 0.91015625,
    "acc": 0.7124773859977722,
    "macro_f1": 0.5623495578765869,
    "total_f1": 0.7230769395828247,
    "inf_f1": 0.8834080696105957,
    "perc_f1": 0.2598870098590851,
    "backg_f1": 0.299651563167572
}