{
    "loss": 1.1484375,
    "acc": 0.594893217086792,
    "macro_f1": 0.5516296029090881,
    "total_f1": 0.721491813659668,
    "inf_f1": 0.6592240929603577,
    "perc_f1": 0.4306369721889496,
    "backg_f1": 0.39761558175086975
}