{
    "loss": 1.078125,
    "acc": 0.6004177331924438,
    "macro_f1": 0.552665114402771,
    "total_f1": 0.7310799956321716,
    "inf_f1": 0.6653929948806763,
    "perc_f1": 0.42295268177986145,
    "backg_f1": 0.3915611803531647
}