{
    "loss": 1.015625,
    "acc": 0.6086370944976807,
    "macro_f1": 0.5464061498641968,
    "total_f1": 0.7358348965644836,
    "inf_f1": 0.6391251683235168,
    "perc_f1": 0.39404794573783875,
    "backg_f1": 0.40917670726776123
}