{
    "loss": 1.5546875,
    "acc": 0.6758067607879639,
    "macro_f1": 0.5885797739028931,
    "total_f1": 0.7361233830451965,
    "inf_f1": 0.6949554681777954,
    "perc_f1": 0.47174033522605896,
    "backg_f1": 0.3782016336917877
}