{
    "loss": 1.46875,
    "acc": 0.6803880333900452,
    "macro_f1": 0.5855085849761963,
    "total_f1": 0.740638256072998,
    "inf_f1": 0.6860533952713013,
    "perc_f1": 0.46569421887397766,
    "backg_f1": 0.37336915731430054
}