{
    "loss": 1.484375,
    "acc": 0.6661052107810974,
    "macro_f1": 0.4671196937561035,
    "total_f1": 0.6145541071891785,
    "inf_f1": 0.4781906306743622,
    "perc_f1": 0.2097664475440979,
    "backg_f1": 0.3656809628009796
}