{
    "loss": 1.5078125,
    "acc": 0.651013970375061,
    "macro_f1": 0.5768739581108093,
    "total_f1": 0.7245844006538391,
    "inf_f1": 0.6959640979766846,
    "perc_f1": 0.45098039507865906,
    "backg_f1": 0.3766879737377167
}