{
    "loss": 1.7421875,
    "acc": 0.6834871768951416,
    "macro_f1": 0.5882107019424438,
    "total_f1": 0.7365392446517944,
    "inf_f1": 0.6964443325996399,
    "perc_f1": 0.45530393719673157,
    "backg_f1": 0.3840177655220032
}