{
    "loss": 1.34375,
    "acc": 0.35026612877845764,
    "macro_f1": 0.29731062054634094,
    "total_f1": 0.5899211764335632,
    "inf_f1": 0.1963859498500824,
    "perc_f1": 0.2357836365699768,
    "backg_f1": 0.2879123091697693
}