{
    "loss": 1.28125,
    "acc": 0.37761908769607544,
    "macro_f1": 0.344599187374115,
    "total_f1": 0.6278700828552246,
    "inf_f1": 0.38825032114982605,
    "perc_f1": 0.29066938161849976,
    "backg_f1": 0.20014862716197968
}