{
    "loss": 1.4375,
    "acc": 0.28855353593826294,
    "macro_f1": 0.2407241016626358,
    "total_f1": 0.5327239632606506,
    "inf_f1": 0.1758936047554016,
    "perc_f1": 0.1920469105243683,
    "backg_f1": 0.17253948748111725
}