{
    "loss": 1.390625,
    "acc": 0.6713602542877197,
    "macro_f1": 0.5755825042724609,
    "total_f1": 0.7385998964309692,
    "inf_f1": 0.6836469173431396,
    "perc_f1": 0.4576559066772461,
    "backg_f1": 0.3499999940395355
}