{
    "loss": 1.7734375,
    "acc": 0.6935255527496338,
    "macro_f1": 0.5941530466079712,
    "total_f1": 0.7390431761741638,
    "inf_f1": 0.7088972330093384,
    "perc_f1": 0.4711751639842987,
    "backg_f1": 0.3725128173828125
}