{
    "loss": 1.8359375,
    "acc": 0.6869231462478638,
    "macro_f1": 0.5912255048751831,
    "total_f1": 0.7431765794754028,
    "inf_f1": 0.6980345249176025,
    "perc_f1": 0.4576321244239807,
    "backg_f1": 0.38752537965774536
}