{
    "loss": 1.171875,
    "acc": 0.600570023059845,
    "macro_f1": 0.4102000594139099,
    "total_f1": 0.6963412761688232,
    "inf_f1": 0.48539844155311584,
    "perc_f1": 0.11327433586120605,
    "backg_f1": 0.25259965658187866
}