{
    "loss": 1.34375,
    "acc": 0.3372748792171478,
    "macro_f1": 0.32320576906204224,
    "total_f1": 0.6422604322433472,
    "inf_f1": 0.3310230076313019,
    "perc_f1": 0.3052653968334198,
    "backg_f1": 0.23284879326820374
}