{
    "loss": 1.1640625,
    "acc": 0.5290764570236206,
    "macro_f1": 0.4481562077999115,
    "total_f1": 0.7114302515983582,
    "inf_f1": 0.4590453803539276,
    "perc_f1": 0.27508455514907837,
    "backg_f1": 0.35483211278915405
}