{
    "loss": 1.1171875,
    "acc": 0.553392767906189,
    "macro_f1": 0.4285377860069275,
    "total_f1": 0.7134576439857483,
    "inf_f1": 0.48046407103538513,
    "perc_f1": 0.15961800515651703,
    "backg_f1": 0.33987849950790405
}