{
    "loss": 1.125,
    "acc": 0.5361712574958801,
    "macro_f1": 0.4619132876396179,
    "total_f1": 0.7179579138755798,
    "inf_f1": 0.4691886603832245,
    "perc_f1": 0.32618024945259094,
    "backg_f1": 0.3439278304576874
}