{
    "loss": 1.1484375,
    "acc": 0.5433872938156128,
    "macro_f1": 0.42319488525390625,
    "total_f1": 0.7110809683799744,
    "inf_f1": 0.5,
    "perc_f1": 0.13260073959827423,
    "backg_f1": 0.3399592339992523
}