{
    "loss": 1.125,
    "acc": 0.6007723212242126,
    "macro_f1": 0.48344123363494873,
    "total_f1": 0.7652724981307983,
    "inf_f1": 0.5489174723625183,
    "perc_f1": 0.2548236846923828,
    "backg_f1": 0.34987181425094604
}