{
    "loss": 1.046875,
    "acc": 0.6272526383399963,
    "macro_f1": 0.4884101450443268,
    "total_f1": 0.7430545687675476,
    "inf_f1": 0.5701653361320496,
    "perc_f1": 0.3720468580722809,
    "backg_f1": 0.20897793769836426
}