{
    "loss": 1.0859375,
    "acc": 0.5115238428115845,
    "macro_f1": 0.48586711287498474,
    "total_f1": 0.7116885781288147,
    "inf_f1": 0.5648801326751709,
    "perc_f1": 0.40351733565330505,
    "backg_f1": 0.32686740159988403
}