{
    "loss": 1.0,
    "acc": 0.6576837301254272,
    "macro_f1": 0.5372310280799866,
    "total_f1": 0.7747966647148132,
    "inf_f1": 0.5833854079246521,
    "perc_f1": 0.3500472903251648,
    "backg_f1": 0.3947520852088928
}