{
    "loss": 1.0859375,
    "acc": 0.618136465549469,
    "macro_f1": 0.5647178292274475,
    "total_f1": 0.7484920620918274,
    "inf_f1": 0.6608372926712036,
    "perc_f1": 0.4300934970378876,
    "backg_f1": 0.4164838492870331
}