{
    "loss": 1.3203125,
    "acc": 0.7093579173088074,
    "macro_f1": 0.5905800461769104,
    "total_f1": 0.7480460405349731,
    "inf_f1": 0.6700416803359985,
    "perc_f1": 0.4562694728374481,
    "backg_f1": 0.39279359579086304
}