{
    "loss": 0.9765625,
    "acc": 0.6815333962440491,
    "macro_f1": 0.5854985117912292,
    "total_f1": 0.7745037078857422,
    "inf_f1": 0.6688759922981262,
    "perc_f1": 0.4592054784297943,
    "backg_f1": 0.3871108293533325
}