{
    "loss": 1.2265625,
    "acc": 0.5674055218696594,
    "macro_f1": 0.4245779514312744,
    "total_f1": 0.6507253050804138,
    "inf_f1": 0.4888888895511627,
    "perc_f1": 0.3421092629432678,
    "backg_f1": 0.12297297269105911
}