{
    "loss": 1.0625,
    "acc": 0.6875295042991638,
    "macro_f1": 0.5924490094184875,
    "total_f1": 0.7607322931289673,
    "inf_f1": 0.6587663292884827,
    "perc_f1": 0.46176761388778687,
    "backg_f1": 0.4235067367553711
}