{
    "loss": 1.03125,
    "acc": 0.6837566494941711,
    "macro_f1": 0.5747860074043274,
    "total_f1": 0.75335294008255,
    "inf_f1": 0.6701449155807495,
    "perc_f1": 0.45250430703163147,
    "backg_f1": 0.34925228357315063
}