{
    "loss": 1.2265625,
    "acc": 0.6439399123191833,
    "macro_f1": 0.5736744403839111,
    "total_f1": 0.7540675401687622,
    "inf_f1": 0.6569260954856873,
    "perc_f1": 0.4623802900314331,
    "backg_f1": 0.389870822429657
}