{
    "loss": 1.15625,
    "acc": 0.633699357509613,
    "macro_f1": 0.4610116481781006,
    "total_f1": 0.6707066893577576,
    "inf_f1": 0.5529623031616211,
    "perc_f1": 0.3967381715774536,
    "backg_f1": 0.09445438534021378
}