{
    "loss": 1.671875,
    "acc": 0.6906285881996155,
    "macro_f1": 0.5938817262649536,
    "total_f1": 0.7622513175010681,
    "inf_f1": 0.6676575541496277,
    "perc_f1": 0.49610793590545654,
    "backg_f1": 0.38150736689567566
}