{
    "loss": 1.4765625,
    "acc": 0.6972984075546265,
    "macro_f1": 0.5915624499320984,
    "total_f1": 0.7629942893981934,
    "inf_f1": 0.6769230961799622,
    "perc_f1": 0.4619164764881134,
    "backg_f1": 0.3896414339542389
}