{
    "loss": 1.6875,
    "acc": 0.6895506381988525,
    "macro_f1": 0.5927623510360718,
    "total_f1": 0.7553390264511108,
    "inf_f1": 0.6806252002716064,
    "perc_f1": 0.4556961953639984,
    "backg_f1": 0.40817803144454956
}