{
    "loss": 1.515625,
    "acc": 0.6873947381973267,
    "macro_f1": 0.5993227362632751,
    "total_f1": 0.7685562372207642,
    "inf_f1": 0.6785396337509155,
    "perc_f1": 0.4701627492904663,
    "backg_f1": 0.42335501313209534
}