{
    "loss": 1.1953125,
    "acc": 0.6623324155807495,
    "macro_f1": 0.575817346572876,
    "total_f1": 0.7538284063339233,
    "inf_f1": 0.6177266836166382,
    "perc_f1": 0.479011207818985,
    "backg_f1": 0.3981916308403015
}