{
    "loss": 1.0078125,
    "acc": 0.6427946090698242,
    "macro_f1": 0.5205310583114624,
    "total_f1": 0.7605953216552734,
    "inf_f1": 0.5714854001998901,
    "perc_f1": 0.32854464650154114,
    "backg_f1": 0.3747502863407135
}