{
    "loss": 1.140625,
    "acc": 0.6063913702964783,
    "macro_f1": 0.4750247299671173,
    "total_f1": 0.7232513427734375,
    "inf_f1": 0.5099111199378967,
    "perc_f1": 0.25175270438194275,
    "backg_f1": 0.3547039330005646
}