{
    "loss": 1.1171875,
    "acc": 0.5667333602905273,
    "macro_f1": 0.40264928340911865,
    "total_f1": 0.7248374819755554,
    "inf_f1": 0.4502212405204773,
    "perc_f1": 0.0979623794555664,
    "backg_f1": 0.29851293563842773
}