{
    "loss": 1.078125,
    "acc": 0.5446000695228577,
    "macro_f1": 0.48303961753845215,
    "total_f1": 0.721813440322876,
    "inf_f1": 0.5107357501983643,
    "perc_f1": 0.37493896484375,
    "backg_f1": 0.33712226152420044
}