{
    "loss": 1.15625,
    "acc": 0.5620641708374023,
    "macro_f1": 0.39295440912246704,
    "total_f1": 0.7134133577346802,
    "inf_f1": 0.41826921701431274,
    "perc_f1": 0.3445805311203003,
    "backg_f1": 0.03589232265949249
}