{
    "loss": 1.25,
    "acc": 0.5354436039924622,
    "macro_f1": 0.44266295433044434,
    "total_f1": 0.7025787234306335,
    "inf_f1": 0.47446808218955994,
    "perc_f1": 0.2427133023738861,
    "backg_f1": 0.33821818232536316
}