{
    "loss": 1.109375,
    "acc": 0.5470256209373474,
    "macro_f1": 0.4190850853919983,
    "total_f1": 0.7211503386497498,
    "inf_f1": 0.4915141463279724,
    "perc_f1": 0.09485204517841339,
    "backg_f1": 0.36851966381073
}