{
    "loss": 1.0546875,
    "acc": 0.6119382977485657,
    "macro_f1": 0.5624194145202637,
    "total_f1": 0.7449736595153809,
    "inf_f1": 0.6708446741104126,
    "perc_f1": 0.42386186122894287,
    "backg_f1": 0.40927693247795105
}