{
    "loss": 1.015625,
    "acc": 0.677625834941864,
    "macro_f1": 0.5893663763999939,
    "total_f1": 0.7627196907997131,
    "inf_f1": 0.6683878302574158,
    "perc_f1": 0.4334007501602173,
    "backg_f1": 0.43983402848243713
}