{
    "loss": 1.15625,
    "acc": 0.6309371590614319,
    "macro_f1": 0.5694027543067932,
    "total_f1": 0.7467901706695557,
    "inf_f1": 0.665058970451355,
    "perc_f1": 0.43780630826950073,
    "backg_f1": 0.4085952639579773
}