{
    "loss": 1.078125,
    "acc": 0.41905274987220764,
    "macro_f1": 0.42463698983192444,
    "total_f1": 0.6617663502693176,
    "inf_f1": 0.6079703569412231,
    "perc_f1": 0.3077286183834076,
    "backg_f1": 0.3007547855377197
}