{
    "loss": 1.2578125,
    "acc": 0.4524018168449402,
    "macro_f1": 0.3913782238960266,
    "total_f1": 0.6356238722801208,
    "inf_f1": 0.3799947202205658,
    "perc_f1": 0.2823942005634308,
    "backg_f1": 0.30039194226264954
}