{
    "loss": 1.40625,
    "acc": 0.2805362939834595,
    "macro_f1": 0.24911388754844666,
    "total_f1": 0.5674899220466614,
    "inf_f1": 0.21091611683368683,
    "perc_f1": 0.2207852154970169,
    "backg_f1": 0.17814625799655914
}