{
    "loss": 1.390625,
    "acc": 0.1301315873861313,
    "macro_f1": 0.06505318731069565,
    "total_f1": 0.5869508385658264,
    "inf_f1": 0.21057303249835968,
    "perc_f1": 0.0,
    "backg_f1": 0.0
}