{
    "loss": 1.1953125,
    "acc": 0.5569098591804504,
    "macro_f1": 0.38070228695869446,
    "total_f1": 0.7101588249206543,
    "inf_f1": 0.39844027161598206,
    "perc_f1": 0.34431004524230957,
    "backg_f1": 0.01049317978322506
}