{
    "loss": 1.15625,
    "acc": 0.6024498343467712,
    "macro_f1": 0.423326313495636,
    "total_f1": 0.6914436221122742,
    "inf_f1": 0.48192259669303894,
    "perc_f1": 0.1407584547996521,
    "backg_f1": 0.2782115042209625
}