{
    "loss": 1.1796875,
    "acc": 0.5660057067871094,
    "macro_f1": 0.41390925645828247,
    "total_f1": 0.7161904573440552,
    "inf_f1": 0.43938013911247253,
    "perc_f1": 0.32810187339782715,
    "backg_f1": 0.11635750532150269
}