{
    "loss": 1.2265625,
    "acc": 0.584561288356781,
    "macro_f1": 0.4230457544326782,
    "total_f1": 0.7171875238418579,
    "inf_f1": 0.43732884526252747,
    "perc_f1": 0.18843556940555573,
    "backg_f1": 0.27708402276039124
}