{
    "loss": 1.1796875,
    "acc": 0.5542417168617249,
    "macro_f1": 0.44154128432273865,
    "total_f1": 0.7128050327301025,
    "inf_f1": 0.410566508769989,
    "perc_f1": 0.3090837597846985,
    "backg_f1": 0.29332953691482544
}