{
    "loss": 1.1796875,
    "acc": 0.5513310432434082,
    "macro_f1": 0.4365563988685608,
    "total_f1": 0.7127010226249695,
    "inf_f1": 0.4024556577205658,
    "perc_f1": 0.33705681562423706,
    "backg_f1": 0.25334638357162476
}