{
    "loss": 1.140625,
    "acc": 0.5633982419967651,
    "macro_f1": 0.4134679436683655,
    "total_f1": 0.7140849828720093,
    "inf_f1": 0.45528456568717957,
    "perc_f1": 0.10189573466777802,
    "backg_f1": 0.333593487739563
}