{
    "loss": 1.3671875,
    "acc": 0.15929901599884033,
    "macro_f1": 0.15940290689468384,
    "total_f1": 0.5900949239730835,
    "inf_f1": 0.16530214250087738,
    "perc_f1": 0.24511465430259705,
    "backg_f1": 0.21090786159038544
}