{
    "loss": 1.171875,
    "acc": 0.5305318236351013,
    "macro_f1": 0.42788106203079224,
    "total_f1": 0.710698127746582,
    "inf_f1": 0.44137316942214966,
    "perc_f1": 0.30548927187919617,
    "backg_f1": 0.23486238718032837
}