{
    "loss": 1.1484375,
    "acc": 0.557334303855896,
    "macro_f1": 0.39483922719955444,
    "total_f1": 0.7088971734046936,
    "inf_f1": 0.4697321653366089,
    "perc_f1": 0.05265357345342636,
    "backg_f1": 0.3087664842605591
}