{
    "loss": 1.2578125,
    "acc": 0.5491477251052856,
    "macro_f1": 0.297749400138855,
    "total_f1": 0.7062057852745056,
    "inf_f1": 0.37433022260665894,
    "perc_f1": 0.03564899414777756,
    "backg_f1": 0.0015891934745013714
}