{
    "loss": 1.046875,
    "acc": 0.6405712962150574,
    "macro_f1": 0.502398669719696,
    "total_f1": 0.7610401511192322,
    "inf_f1": 0.5249854326248169,
    "perc_f1": 0.295658677816391,
    "backg_f1": 0.3750723600387573
}