{
    "loss": 0.9765625,
    "acc": 0.6708886623382568,
    "macro_f1": 0.5542027950286865,
    "total_f1": 0.7550226449966431,
    "inf_f1": 0.6136065125465393,
    "perc_f1": 0.47755974531173706,
    "backg_f1": 0.30612805485725403
}