{
    "loss": 1.4140625,
    "acc": 0.5679444670677185,
    "macro_f1": 0.539685070514679,
    "total_f1": 0.6957266926765442,
    "inf_f1": 0.6561886072158813,
    "perc_f1": 0.4725629389286041,
    "backg_f1": 0.34771355986595154
}