{
    "loss": 1.078125,
    "acc": 0.6690022349357605,
    "macro_f1": 0.5785053968429565,
    "total_f1": 0.7585726380348206,
    "inf_f1": 0.6645104289054871,
    "perc_f1": 0.44371941685676575,
    "backg_f1": 0.3918117582798004
}