{
    "loss": 1.2890625,
    "acc": 0.645422101020813,
    "macro_f1": 0.5299208164215088,
    "total_f1": 0.710087776184082,
    "inf_f1": 0.6772334575653076,
    "perc_f1": 0.4313655197620392,
    "backg_f1": 0.21965660154819489
}