{
    "loss": 1.015625,
    "acc": 0.5669152736663818,
    "macro_f1": 0.5262793898582458,
    "total_f1": 0.7382542490959167,
    "inf_f1": 0.6310336589813232,
    "perc_f1": 0.36468884348869324,
    "backg_f1": 0.4113016426563263
}