{
    "loss": 1.59375,
    "acc": 0.6561760902404785,
    "macro_f1": 0.5464063286781311,
    "total_f1": 0.7391462922096252,
    "inf_f1": 0.6189565658569336,
    "perc_f1": 0.4266799986362457,
    "backg_f1": 0.3254428207874298
}