{
    "loss": 1.390625,
    "acc": 0.581953763961792,
    "macro_f1": 0.5182502865791321,
    "total_f1": 0.7455427646636963,
    "inf_f1": 0.626600980758667,
    "perc_f1": 0.39347967505455017,
    "backg_f1": 0.30734682083129883
}