{
    "loss": 1.1171875,
    "acc": 0.6474440693855286,
    "macro_f1": 0.4832058548927307,
    "total_f1": 0.7306119203567505,
    "inf_f1": 0.46226415038108826,
    "perc_f1": 0.42430904507637024,
    "backg_f1": 0.22059974074363708
}