{
    "loss": 0.96484375,
    "acc": 0.6566005945205688,
    "macro_f1": 0.5270721316337585,
    "total_f1": 0.7767474055290222,
    "inf_f1": 0.571112334728241,
    "perc_f1": 0.3357621729373932,
    "backg_f1": 0.37549126148223877
}