{
    "loss": 0.97265625,
    "acc": 0.6224001049995422,
    "macro_f1": 0.5601304769515991,
    "total_f1": 0.7566656470298767,
    "inf_f1": 0.6321721076965332,
    "perc_f1": 0.4565746784210205,
    "backg_f1": 0.3814562261104584
}