{
    "loss": 1.109375,
    "acc": 0.6615123152732849,
    "macro_f1": 0.5632531046867371,
    "total_f1": 0.7715541124343872,
    "inf_f1": 0.6153454184532166,
    "perc_f1": 0.4252234697341919,
    "backg_f1": 0.39317554235458374
}