{
    "loss": 1.9140625,
    "acc": 0.6923802495002747,
    "macro_f1": 0.5949535965919495,
    "total_f1": 0.7480075359344482,
    "inf_f1": 0.6356730461120605,
    "perc_f1": 0.5052688717842102,
    "backg_f1": 0.41397953033447266
}