{
    "loss": 1.1640625,
    "acc": 0.6457589268684387,
    "macro_f1": 0.45902103185653687,
    "total_f1": 0.628576934337616,
    "inf_f1": 0.5555903315544128,
    "perc_f1": 0.3984605073928833,
    "backg_f1": 0.08273894339799881
}