{
    "loss": 1.6484375,
    "acc": 0.6851040720939636,
    "macro_f1": 0.5829371809959412,
    "total_f1": 0.7472959756851196,
    "inf_f1": 0.6413628458976746,
    "perc_f1": 0.4753340184688568,
    "backg_f1": 0.39146193861961365
}