{
    "loss": 2.09375,
    "acc": 0.6944687962532043,
    "macro_f1": 0.579045295715332,
    "total_f1": 0.7325631976127625,
    "inf_f1": 0.6316112875938416,
    "perc_f1": 0.49851951003074646,
    "backg_f1": 0.35547733306884766
}