{
    "loss": 1.7734375,
    "acc": 0.6985784769058228,
    "macro_f1": 0.58811354637146,
    "total_f1": 0.7414516806602478,
    "inf_f1": 0.6381039023399353,
    "perc_f1": 0.4883333444595337,
    "backg_f1": 0.39347007870674133
}