{
    "loss": 2.109375,
    "acc": 0.6951425075531006,
    "macro_f1": 0.582758903503418,
    "total_f1": 0.7307226061820984,
    "inf_f1": 0.6391251683235168,
    "perc_f1": 0.48627227544784546,
    "backg_f1": 0.3769344985485077
}