{
    "loss": 1.3984375,
    "acc": 0.4726133644580841,
    "macro_f1": 0.4720214903354645,
    "total_f1": 0.6695309281349182,
    "inf_f1": 0.616381824016571,
    "perc_f1": 0.35348689556121826,
    "backg_f1": 0.36051735281944275
}