{
    "loss": 1.0390625,
    "acc": 0.6533045768737793,
    "macro_f1": 0.5242753028869629,
    "total_f1": 0.749921441078186,
    "inf_f1": 0.5907621383666992,
    "perc_f1": 0.2958363890647888,
    "backg_f1": 0.39830508828163147
}