{
    "loss": 1.9921875,
    "acc": 0.6955467462539673,
    "macro_f1": 0.5769822597503662,
    "total_f1": 0.7326871156692505,
    "inf_f1": 0.6385650038719177,
    "perc_f1": 0.4925251305103302,
    "backg_f1": 0.34470295906066895
}