{
    "loss": 1.0625,
    "acc": 0.660984992980957,
    "macro_f1": 0.5400744676589966,
    "total_f1": 0.734173059463501,
    "inf_f1": 0.6071319580078125,
    "perc_f1": 0.4497201442718506,
    "backg_f1": 0.28958556056022644
}