{
    "loss": 1.53125,
    "acc": 0.6913696527481079,
    "macro_f1": 0.5875423550605774,
    "total_f1": 0.7421731352806091,
    "inf_f1": 0.6470766663551331,
    "perc_f1": 0.48613375425338745,
    "backg_f1": 0.3905778229236603
}