{
    "loss": 1.2734375,
    "acc": 0.5902445316314697,
    "macro_f1": 0.5419318675994873,
    "total_f1": 0.71535325050354,
    "inf_f1": 0.6604834198951721,
    "perc_f1": 0.41196247935295105,
    "backg_f1": 0.3752495050430298
}