{
    "loss": 1.09375,
    "acc": 0.6482517123222351,
    "macro_f1": 0.5859582424163818,
    "total_f1": 0.7622748017311096,
    "inf_f1": 0.6613771319389343,
    "perc_f1": 0.46408045291900635,
    "backg_f1": 0.4350387454032898
}