{
    "loss": 1.2265625,
    "acc": 0.6461631655693054,
    "macro_f1": 0.5797069072723389,
    "total_f1": 0.7546953558921814,
    "inf_f1": 0.671092689037323,
    "perc_f1": 0.45720523595809937,
    "backg_f1": 0.40799304842948914
}