{
    "loss": 1.0703125,
    "acc": 0.6033146977424622,
    "macro_f1": 0.49478524923324585,
    "total_f1": 0.7435307502746582,
    "inf_f1": 0.5383447408676147,
    "perc_f1": 0.34324172139167786,
    "backg_f1": 0.32374951243400574
}