{
    "loss": 1.15625,
    "acc": 0.684295654296875,
    "macro_f1": 0.5665125250816345,
    "total_f1": 0.7384457588195801,
    "inf_f1": 0.6577352285385132,
    "perc_f1": 0.4722021520137787,
    "backg_f1": 0.3058716356754303
}