{
    "loss": 1.2109375,
    "acc": 0.6462305188179016,
    "macro_f1": 0.5701836347579956,
    "total_f1": 0.7552212476730347,
    "inf_f1": 0.6589339971542358,
    "perc_f1": 0.43041110038757324,
    "backg_f1": 0.400994211435318
}