{
    "loss": 1.0234375,
    "acc": 0.48817625641822815,
    "macro_f1": 0.47923335433006287,
    "total_f1": 0.6928500533103943,
    "inf_f1": 0.6318072080612183,
    "perc_f1": 0.366549015045166,
    "backg_f1": 0.33941540122032166
}