{
    "loss": 1.328125,
    "acc": 0.3413730263710022,
    "macro_f1": 0.30118250846862793,
    "total_f1": 0.6078328490257263,
    "inf_f1": 0.3012682795524597,
    "perc_f1": 0.26059067249298096,
    "backg_f1": 0.17812155187129974
}