{
    "loss": 1.3515625,
    "acc": 0.5787399411201477,
    "macro_f1": 0.5110169649124146,
    "total_f1": 0.7229948043823242,
    "inf_f1": 0.6242982149124146,
    "perc_f1": 0.3734857141971588,
    "backg_f1": 0.3107142746448517
}