{
    "loss": 1.0390625,
    "acc": 0.6713964939117432,
    "macro_f1": 0.5061426758766174,
    "total_f1": 0.7207134962081909,
    "inf_f1": 0.6075292229652405,
    "perc_f1": 0.35892006754875183,
    "backg_f1": 0.22738507390022278
}