{
    "loss": 1.0234375,
    "acc": 0.5814687013626099,
    "macro_f1": 0.517647385597229,
    "total_f1": 0.7427754402160645,
    "inf_f1": 0.5959405899047852,
    "perc_f1": 0.3707551062107086,
    "backg_f1": 0.3703915476799011
}