{
    "loss": 1.0234375,
    "acc": 0.5930507779121399,
    "macro_f1": 0.479192316532135,
    "total_f1": 0.7555919885635376,
    "inf_f1": 0.5480607151985168,
    "perc_f1": 0.25,
    "backg_f1": 0.34540480375289917
}