{
    "loss": 1.15625,
    "acc": 0.589230477809906,
    "macro_f1": 0.5379418730735779,
    "total_f1": 0.7246537804603577,
    "inf_f1": 0.624514102935791,
    "perc_f1": 0.44904762506484985,
    "backg_f1": 0.3432302474975586
}