{
    "loss": 0.99609375,
    "acc": 0.6060881614685059,
    "macro_f1": 0.5479694604873657,
    "total_f1": 0.74918133020401,
    "inf_f1": 0.6167319416999817,
    "perc_f1": 0.44504961371421814,
    "backg_f1": 0.38088443875312805
}