{
    "loss": 1.640625,
    "acc": 0.6839587688446045,
    "macro_f1": 0.5939560532569885,
    "total_f1": 0.7466219067573547,
    "inf_f1": 0.6800574064254761,
    "perc_f1": 0.4654403626918793,
    "backg_f1": 0.41479572653770447
}