{
    "loss": 1.3984375,
    "acc": 0.6861146688461304,
    "macro_f1": 0.6036157608032227,
    "total_f1": 0.7655671834945679,
    "inf_f1": 0.667044460773468,
    "perc_f1": 0.4880762994289398,
    "backg_f1": 0.4413890242576599
}