{
    "loss": 1.7578125,
    "acc": 0.6950750946998596,
    "macro_f1": 0.5904077291488647,
    "total_f1": 0.7375296950340271,
    "inf_f1": 0.693246066570282,
    "perc_f1": 0.4449165463447571,
    "backg_f1": 0.39633670449256897
}