{
    "loss": 1.21875,
    "acc": 0.7063935995101929,
    "macro_f1": 0.602584183216095,
    "total_f1": 0.7465689182281494,
    "inf_f1": 0.6825542449951172,
    "perc_f1": 0.48884379863739014,
    "backg_f1": 0.404519259929657
}