{
    "loss": 1.046875,
    "acc": 0.6160479784011841,
    "macro_f1": 0.5166776776313782,
    "total_f1": 0.7298302054405212,
    "inf_f1": 0.5681686401367188,
    "perc_f1": 0.3967073857784271,
    "backg_f1": 0.3340300917625427
}