{
    "loss": 1.2734375,
    "acc": 0.5025938153266907,
    "macro_f1": 0.3617735207080841,
    "total_f1": 0.638653039932251,
    "inf_f1": 0.3937455713748932,
    "perc_f1": 0.30003783106803894,
    "backg_f1": 0.06631762534379959
}