{
    "loss": 1.03125,
    "acc": 0.5554807186126709,
    "macro_f1": 0.5255513191223145,
    "total_f1": 0.726824939250946,
    "inf_f1": 0.6548895835876465,
    "perc_f1": 0.4299957752227783,
    "backg_f1": 0.3296663761138916
}