{
    "loss": 1.25,
    "acc": 0.6660378575325012,
    "macro_f1": 0.5950217247009277,
    "total_f1": 0.7560669779777527,
    "inf_f1": 0.6602107882499695,
    "perc_f1": 0.4677765965461731,
    "backg_f1": 0.45713382959365845
}