{
    "loss": 1.4375,
    "acc": 0.6718318462371826,
    "macro_f1": 0.6043036580085754,
    "total_f1": 0.7562226057052612,
    "inf_f1": 0.6774098873138428,
    "perc_f1": 0.49297189712524414,
    "backg_f1": 0.4490267336368561
}