{
    "loss": 0.98046875,
    "acc": 0.6516876816749573,
    "macro_f1": 0.5854482054710388,
    "total_f1": 0.7611324787139893,
    "inf_f1": 0.6594624519348145,
    "perc_f1": 0.44392848014831543,
    "backg_f1": 0.4532725512981415
}