{
    "loss": 1.0859375,
    "acc": 0.6937276721000671,
    "macro_f1": 0.5629820823669434,
    "total_f1": 0.7503916621208191,
    "inf_f1": 0.624325156211853,
    "perc_f1": 0.3803759217262268,
    "backg_f1": 0.4048442840576172
}