{
    "loss": 1.015625,
    "acc": 0.616519570350647,
    "macro_f1": 0.5581254959106445,
    "total_f1": 0.7408937811851501,
    "inf_f1": 0.6525809168815613,
    "perc_f1": 0.41859546303749084,
    "backg_f1": 0.4094955623149872
}