{
    "loss": 1.328125,
    "acc": 0.3450111150741577,
    "macro_f1": 0.3031952381134033,
    "total_f1": 0.6063133478164673,
    "inf_f1": 0.2752070128917694,
    "perc_f1": 0.19910657405853271,
    "backg_f1": 0.28568577766418457
}