{
    "loss": 1.03125,
    "acc": 0.6389544010162354,
    "macro_f1": 0.5684070587158203,
    "total_f1": 0.7499462962150574,
    "inf_f1": 0.6638455390930176,
    "perc_f1": 0.42376402020454407,
    "backg_f1": 0.4082620143890381
}