{
    "loss": 1.171875,
    "acc": 0.4704574644565582,
    "macro_f1": 0.4215087890625,
    "total_f1": 0.6625534892082214,
    "inf_f1": 0.5299974679946899,
    "perc_f1": 0.31660518050193787,
    "backg_f1": 0.22778211534023285
}