{
    "loss": 1.4375,
    "acc": 0.28814929723739624,
    "macro_f1": 0.24251945316791534,
    "total_f1": 0.5414884090423584,
    "inf_f1": 0.18218830227851868,
    "perc_f1": 0.20260347425937653,
    "backg_f1": 0.16652506589889526
}