{
    "loss": 1.6484375,
    "acc": 0.6917106509208679,
    "macro_f1": 0.5903161764144897,
    "total_f1": 0.765140950679779,
    "inf_f1": 0.6596452593803406,
    "perc_f1": 0.45513784885406494,
    "backg_f1": 0.41241538524627686
}