{
    "loss": 1.7265625,
    "acc": 0.700200080871582,
    "macro_f1": 0.6031249761581421,
    "total_f1": 0.7747213244438171,
    "inf_f1": 0.6659551858901978,
    "perc_f1": 0.48960840702056885,
    "backg_f1": 0.4192902743816376
}