{
    "loss": 2.125,
    "acc": 0.7106906771659851,
    "macro_f1": 0.6054832339286804,
    "total_f1": 0.7690684199333191,
    "inf_f1": 0.6747117042541504,
    "perc_f1": 0.49615558981895447,
    "backg_f1": 0.40648818016052246
}