{
    "loss": 1.1015625,
    "acc": 0.5883209109306335,
    "macro_f1": 0.4931114912033081,
    "total_f1": 0.7426784634590149,
    "inf_f1": 0.5548192858695984,
    "perc_f1": 0.3935111165046692,
    "backg_f1": 0.25711575150489807
}