{
    "loss": 2.328125,
    "acc": 0.6952276825904846,
    "macro_f1": 0.5908979177474976,
    "total_f1": 0.7622591257095337,
    "inf_f1": 0.6752591729164124,
    "perc_f1": 0.4683183431625366,
    "backg_f1": 0.38349971175193787
}