{
    "loss": 2.21875,
    "acc": 0.6911042332649231,
    "macro_f1": 0.5837661027908325,
    "total_f1": 0.7535516619682312,
    "inf_f1": 0.6580990552902222,
    "perc_f1": 0.4715409576892853,
    "backg_f1": 0.3735189139842987
}