{
    "loss": 1.234375,
    "acc": 0.6330726146697998,
    "macro_f1": 0.5733457803726196,
    "total_f1": 0.7515819072723389,
    "inf_f1": 0.6668481230735779,
    "perc_f1": 0.42926305532455444,
    "backg_f1": 0.4258202612400055
}