{
    "loss": 0.98828125,
    "acc": 0.6351343393325806,
    "macro_f1": 0.5585860013961792,
    "total_f1": 0.7710737586021423,
    "inf_f1": 0.6394301056861877,
    "perc_f1": 0.4106103181838989,
    "backg_f1": 0.3985307514667511
}