{
    "loss": 1.390625,
    "acc": 0.6785519123077393,
    "macro_f1": 0.591539740562439,
    "total_f1": 0.7636439800262451,
    "inf_f1": 0.6765239834785461,
    "perc_f1": 0.489339679479599,
    "backg_f1": 0.3822646141052246
}