{
    "loss": 1.015625,
    "acc": 0.649081289768219,
    "macro_f1": 0.5728937387466431,
    "total_f1": 0.7734003067016602,
    "inf_f1": 0.6452232599258423,
    "perc_f1": 0.44081124663352966,
    "backg_f1": 0.4072827398777008
}