{
    "loss": 1.0,
    "acc": 0.6037232279777527,
    "macro_f1": 0.5289319753646851,
    "total_f1": 0.7496465444564819,
    "inf_f1": 0.6225247383117676,
    "perc_f1": 0.3532492220401764,
    "backg_f1": 0.38365650177001953
}