{
    "loss": 1.0625,
    "acc": 0.631175696849823,
    "macro_f1": 0.5452655553817749,
    "total_f1": 0.7686538100242615,
    "inf_f1": 0.6428214311599731,
    "perc_f1": 0.4421205520629883,
    "backg_f1": 0.3046039640903473
}