{
    "loss": 1.1015625,
    "acc": 0.6659923791885376,
    "macro_f1": 0.5092377662658691,
    "total_f1": 0.7495692372322083,
    "inf_f1": 0.5558505654335022,
    "perc_f1": 0.2663755416870117,
    "backg_f1": 0.388126015663147
}