{
    "loss": 0.984375,
    "acc": 0.607269823551178,
    "macro_f1": 0.5605103969573975,
    "total_f1": 0.7467331290245056,
    "inf_f1": 0.6421967148780823,
    "perc_f1": 0.44124937057495117,
    "backg_f1": 0.4162154197692871
}