{
    "loss": 1.1171875,
    "acc": 0.584344744682312,
    "macro_f1": 0.42259860038757324,
    "total_f1": 0.7279276847839355,
    "inf_f1": 0.482609361410141,
    "perc_f1": 0.33772268891334534,
    "backg_f1": 0.09350649267435074
}