{
    "loss": 1.0,
    "acc": 0.6217072010040283,
    "macro_f1": 0.55687415599823,
    "total_f1": 0.7503786087036133,
    "inf_f1": 0.6390904784202576,
    "perc_f1": 0.4261246919631958,
    "backg_f1": 0.40146350860595703
}