{
    "loss": 0.98828125,
    "acc": 0.665364146232605,
    "macro_f1": 0.5412766933441162,
    "total_f1": 0.7732982039451599,
    "inf_f1": 0.5988576412200928,
    "perc_f1": 0.33343780040740967,
    "backg_f1": 0.40698352456092834
}