{
    "loss": 1.3046875,
    "acc": 0.45139122009277344,
    "macro_f1": 0.33828499913215637,
    "total_f1": 0.6259241700172424,
    "inf_f1": 0.3603206276893616,
    "perc_f1": 0.2898164689540863,
    "backg_f1": 0.07207207381725311
}