{
    "loss": 1.0546875,
    "acc": 0.6813312768936157,
    "macro_f1": 0.5819676518440247,
    "total_f1": 0.7643442749977112,
    "inf_f1": 0.6516854166984558,
    "perc_f1": 0.44769763946533203,
    "backg_f1": 0.40439051389694214
}