{
    "loss": 0.96484375,
    "acc": 0.6124098896980286,
    "macro_f1": 0.5387965440750122,
    "total_f1": 0.7553653717041016,
    "inf_f1": 0.6268134117126465,
    "perc_f1": 0.40169060230255127,
    "backg_f1": 0.35998252034187317
}