{
    "loss": 1.0078125,
    "acc": 0.6888769268989563,
    "macro_f1": 0.5834472179412842,
    "total_f1": 0.7642723917961121,
    "inf_f1": 0.6554433107376099,
    "perc_f1": 0.47165200114250183,
    "backg_f1": 0.37460047006607056
}