{
    "loss": 1.703125,
    "acc": 0.700869083404541,
    "macro_f1": 0.5960549116134644,
    "total_f1": 0.7505886554718018,
    "inf_f1": 0.6856810450553894,
    "perc_f1": 0.45302215218544006,
    "backg_f1": 0.41220179200172424
}