{
    "loss": 1.4140625,
    "acc": 0.6743245720863342,
    "macro_f1": 0.5887426137924194,
    "total_f1": 0.7446457743644714,
    "inf_f1": 0.6813063025474548,
    "perc_f1": 0.46982407569885254,
    "backg_f1": 0.3959999978542328
}