{
    "loss": 1.0078125,
    "acc": 0.5587145686149597,
    "macro_f1": 0.522199273109436,
    "total_f1": 0.7216679453849792,
    "inf_f1": 0.6410185694694519,
    "perc_f1": 0.4130019247531891,
    "backg_f1": 0.34452757239341736
}