{
    "loss": 1.1484375,
    "acc": 0.638145923614502,
    "macro_f1": 0.4721010625362396,
    "total_f1": 0.6960504651069641,
    "inf_f1": 0.5513911247253418,
    "perc_f1": 0.32908761501312256,
    "backg_f1": 0.2020740807056427
}