{
    "loss": 1.875,
    "acc": 0.7059893608093262,
    "macro_f1": 0.5966148972511292,
    "total_f1": 0.7403429746627808,
    "inf_f1": 0.6973492503166199,
    "perc_f1": 0.47042253613471985,
    "backg_f1": 0.3839579224586487
}