{
    "loss": 1.5234375,
    "acc": 0.6863841414451599,
    "macro_f1": 0.5967607498168945,
    "total_f1": 0.7511782050132751,
    "inf_f1": 0.6847537755966187,
    "perc_f1": 0.47149232029914856,
    "backg_f1": 0.41224971413612366
}