{
    "loss": 0.984375,
    "acc": 0.6740550994873047,
    "macro_f1": 0.556845486164093,
    "total_f1": 0.7598851919174194,
    "inf_f1": 0.627216100692749,
    "perc_f1": 0.3807704448699951,
    "backg_f1": 0.39510422945022583
}