{
    "loss": 1.2890625,
    "acc": 0.626490592956543,
    "macro_f1": 0.5735279321670532,
    "total_f1": 0.7350283861160278,
    "inf_f1": 0.6827725172042847,
    "perc_f1": 0.43649473786354065,
    "backg_f1": 0.4203502833843231
}