{
    "loss": 1.828125,
    "acc": 0.6957488656044006,
    "macro_f1": 0.600712776184082,
    "total_f1": 0.748458206653595,
    "inf_f1": 0.696655809879303,
    "perc_f1": 0.4685443639755249,
    "backg_f1": 0.41220149397850037
}