{
    "loss": 1.0625,
    "acc": 0.6346426010131836,
    "macro_f1": 0.5733668804168701,
    "total_f1": 0.7530301809310913,
    "inf_f1": 0.662902295589447,
    "perc_f1": 0.4586108326911926,
    "backg_f1": 0.40065741539001465
}