{
    "loss": 1.734375,
    "acc": 0.698174238204956,
    "macro_f1": 0.6034345626831055,
    "total_f1": 0.7479970455169678,
    "inf_f1": 0.6964181065559387,
    "perc_f1": 0.48580610752105713,
    "backg_f1": 0.40507349371910095
}