{
    "loss": 0.9921875,
    "acc": 0.646432638168335,
    "macro_f1": 0.5598570108413696,
    "total_f1": 0.7704151272773743,
    "inf_f1": 0.6335054039955139,
    "perc_f1": 0.40376517176628113,
    "backg_f1": 0.404285728931427
}