{
    "loss": 1.1484375,
    "acc": 0.4951155483722687,
    "macro_f1": 0.44093188643455505,
    "total_f1": 0.6781824231147766,
    "inf_f1": 0.5297163724899292,
    "perc_f1": 0.30010586977005005,
    "backg_f1": 0.28624460101127625
}