{
    "loss": 1.40625,
    "acc": 0.26908308267593384,
    "macro_f1": 0.24448740482330322,
    "total_f1": 0.5703486204147339,
    "inf_f1": 0.207083597779274,
    "perc_f1": 0.215464249253273,
    "backg_f1": 0.19219104945659637
}