{
    "loss": 0.96484375,
    "acc": 0.6330256462097168,
    "macro_f1": 0.5615755319595337,
    "total_f1": 0.765225887298584,
    "inf_f1": 0.6447140574455261,
    "perc_f1": 0.41175076365470886,
    "backg_f1": 0.41002127528190613
}