{
    "loss": 1.0,
    "acc": 0.6552583575248718,
    "macro_f1": 0.5533350110054016,
    "total_f1": 0.7610240578651428,
    "inf_f1": 0.6139978766441345,
    "perc_f1": 0.40056952834129333,
    "backg_f1": 0.38713473081588745
}