{
    "loss": 0.9765625,
    "acc": 0.6346426010131836,
    "macro_f1": 0.5507320165634155,
    "total_f1": 0.7675591111183167,
    "inf_f1": 0.6363421082496643,
    "perc_f1": 0.4026958644390106,
    "backg_f1": 0.37363067269325256
}