{
    "loss": 1.3125,
    "acc": 0.41952434182167053,
    "macro_f1": 0.35218942165374756,
    "total_f1": 0.6153061389923096,
    "inf_f1": 0.2933185398578644,
    "perc_f1": 0.24627874791622162,
    "backg_f1": 0.29983291029930115
}