{
    "loss": 1.0234375,
    "acc": 0.6803880333900452,
    "macro_f1": 0.5838502645492554,
    "total_f1": 0.7473920583724976,
    "inf_f1": 0.6749189496040344,
    "perc_f1": 0.4663929045200348,
    "backg_f1": 0.37685728073120117
}