{
    "loss": 1.0859375,
    "acc": 0.6707538962364197,
    "macro_f1": 0.5017191767692566,
    "total_f1": 0.694756031036377,
    "inf_f1": 0.6382758021354675,
    "perc_f1": 0.3926141858100891,
    "backg_f1": 0.15476985275745392
}