{
    "loss": 0.984375,
    "acc": 0.6525635123252869,
    "macro_f1": 0.5445314645767212,
    "total_f1": 0.7715395092964172,
    "inf_f1": 0.5821678042411804,
    "perc_f1": 0.38231781125068665,
    "backg_f1": 0.40146252512931824
}