{
    "loss": 1.171875,
    "acc": 0.6184059977531433,
    "macro_f1": 0.5630639791488647,
    "total_f1": 0.7392899394035339,
    "inf_f1": 0.6672171950340271,
    "perc_f1": 0.45113706588745117,
    "backg_f1": 0.3811289072036743
}