{
    "loss": 1.1171875,
    "acc": 0.6991174221038818,
    "macro_f1": 0.6091917753219604,
    "total_f1": 0.7705333232879639,
    "inf_f1": 0.6808263063430786,
    "perc_f1": 0.45998361706733704,
    "backg_f1": 0.466064989566803
}