{
    "loss": 1.40625,
    "acc": 0.7088189721107483,
    "macro_f1": 0.6009619235992432,
    "total_f1": 0.7593901753425598,
    "inf_f1": 0.6905114054679871,
    "perc_f1": 0.48970746994018555,
    "backg_f1": 0.38105443120002747
}