{
    "loss": 1.09375,
    "acc": 0.641447126865387,
    "macro_f1": 0.48436129093170166,
    "total_f1": 0.756550133228302,
    "inf_f1": 0.5406420230865479,
    "perc_f1": 0.3390742838382721,
    "backg_f1": 0.2361980676651001
}