{
    "loss": 1.0703125,
    "acc": 0.4337398111820221,
    "macro_f1": 0.43589550256729126,
    "total_f1": 0.6730435490608215,
    "inf_f1": 0.6070020794868469,
    "perc_f1": 0.32158589363098145,
    "backg_f1": 0.30995553731918335
}