{
    "loss": 1.3515625,
    "acc": 0.31752341985702515,
    "macro_f1": 0.28435543179512024,
    "total_f1": 0.5981394052505493,
    "inf_f1": 0.2668010890483856,
    "perc_f1": 0.2457496076822281,
    "backg_f1": 0.1951121836900711
}