{
    "loss": 1.0234375,
    "acc": 0.6735835075378418,
    "macro_f1": 0.5820894837379456,
    "total_f1": 0.761125385761261,
    "inf_f1": 0.6553063988685608,
    "perc_f1": 0.45592251420021057,
    "backg_f1": 0.3989741802215576
}