{
    "loss": 1.1484375,
    "acc": 0.6229872703552246,
    "macro_f1": 0.5626357793807983,
    "total_f1": 0.7479742169380188,
    "inf_f1": 0.6639388799667358,
    "perc_f1": 0.438962459564209,
    "backg_f1": 0.386311799287796
}