{
    "loss": 1.1328125,
    "acc": 0.6750656962394714,
    "macro_f1": 0.5867613554000854,
    "total_f1": 0.7642276287078857,
    "inf_f1": 0.6594263315200806,
    "perc_f1": 0.447134792804718,
    "backg_f1": 0.4251309037208557
}