{
    "loss": 1.0234375,
    "acc": 0.6249410510063171,
    "macro_f1": 0.5749942064285278,
    "total_f1": 0.7493887543678284,
    "inf_f1": 0.6694444417953491,
    "perc_f1": 0.4412955343723297,
    "backg_f1": 0.4358616769313812
}