{
    "loss": 1.2734375,
    "acc": 0.6582900881767273,
    "macro_f1": 0.5804963111877441,
    "total_f1": 0.7559943795204163,
    "inf_f1": 0.6602217555046082,
    "perc_f1": 0.4364803433418274,
    "backg_f1": 0.42799678444862366
}