{
    "loss": 1.15625,
    "acc": 0.5475714206695557,
    "macro_f1": 0.40575703978538513,
    "total_f1": 0.7059733271598816,
    "inf_f1": 0.46179503202438354,
    "perc_f1": 0.13908205926418304,
    "backg_f1": 0.283446341753006
}