{
    "loss": 1.1484375,
    "acc": 0.5681887269020081,
    "macro_f1": 0.42716509103775024,
    "total_f1": 0.7034510970115662,
    "inf_f1": 0.44750913977622986,
    "perc_f1": 0.16893914341926575,
    "backg_f1": 0.32954826951026917
}