{
    "loss": 1.15625,
    "acc": 0.5582438707351685,
    "macro_f1": 0.38490796089172363,
    "total_f1": 0.708619236946106,
    "inf_f1": 0.47698745131492615,
    "perc_f1": 0.0,
    "backg_f1": 0.31486445665359497
}