{
    "loss": 1.15625,
    "acc": 0.5173730850219727,
    "macro_f1": 0.438812255859375,
    "total_f1": 0.7032082676887512,
    "inf_f1": 0.4916151762008667,
    "perc_f1": 0.24737714231014252,
    "backg_f1": 0.32791760563850403
}