{
    "loss": 1.1640625,
    "acc": 0.601540207862854,
    "macro_f1": 0.39571717381477356,
    "total_f1": 0.6915076971054077,
    "inf_f1": 0.47303059697151184,
    "perc_f1": 0.013550135307013988,
    "backg_f1": 0.306462824344635
}