{
    "loss": 1.1640625,
    "acc": 0.5874719619750977,
    "macro_f1": 0.398905485868454,
    "total_f1": 0.6935951709747314,
    "inf_f1": 0.4106050431728363,
    "perc_f1": 0.34987926483154297,
    "backg_f1": 0.04594683274626732
}