{
    "loss": 0.443359375,
    "acc": 0.79294753074646,
    "total_f1": 0.7309048175811768
}