{
    "loss": 0.443359375,
    "acc": 0.7830017805099487,
    "total_f1": 0.7297297120094299
}