{
    "loss": 0.66015625,
    "acc": 0.7938517332077026,
    "total_f1": 0.7367205619812012
}