{
    "loss": 0.6015625,
    "acc": 0.7748643755912781,
    "total_f1": 0.7353878617286682
}