{
    "loss": 0.59765625,
    "acc": 0.7920433878898621,
    "total_f1": 0.7461368441581726
}