{
    "loss": 0.53125,
    "acc": 0.7667269706726074,
    "total_f1": 0.7306889295578003
}