{
    "loss": 0.55078125,
    "acc": 0.7323688864707947,
    "total_f1": 0.7022132873535156
}