{
    "loss": 1.0390625,
    "acc": 0.5700685381889343,
    "macro_f1": 0.5326101183891296,
    "total_f1": 0.7450512051582336,
    "inf_f1": 0.6300294399261475,
    "perc_f1": 0.4063432812690735,
    "backg_f1": 0.38506877422332764
}