{
    "loss": 1.015625,
    "acc": 0.5868655443191528,
    "macro_f1": 0.5099931955337524,
    "total_f1": 0.7498803734779358,
    "inf_f1": 0.6115075945854187,
    "perc_f1": 0.28580522537231445,
    "backg_f1": 0.3998240530490875
}