{
    "loss": 1.03125,
    "acc": 0.6329513192176819,
    "macro_f1": 0.525834858417511,
    "total_f1": 0.7646269202232361,
    "inf_f1": 0.6124486327171326,
    "perc_f1": 0.42911356687545776,
    "backg_f1": 0.2558252513408661
}