{
    "loss": 0.96484375,
    "acc": 0.6370141506195068,
    "macro_f1": 0.5414522290229797,
    "total_f1": 0.7621713280677795,
    "inf_f1": 0.5976729989051819,
    "perc_f1": 0.3685932457447052,
    "backg_f1": 0.40694424510002136
}