{
    "loss": 1.296875,
    "acc": 0.6217330694198608,
    "macro_f1": 0.5004944801330566,
    "total_f1": 0.7210748195648193,
    "inf_f1": 0.5566037893295288,
    "perc_f1": 0.3370530605316162,
    "backg_f1": 0.31386104226112366
}