{
    "loss": 1.1015625,
    "acc": 0.5849857330322266,
    "macro_f1": 0.4083937704563141,
    "total_f1": 0.7230978012084961,
    "inf_f1": 0.4567016065120697,
    "perc_f1": 0.08960270136594772,
    "backg_f1": 0.3104664981365204
}