{
    "loss": 1.078125,
    "acc": 0.5316233038902283,
    "macro_f1": 0.4850967824459076,
    "total_f1": 0.7198434472084045,
    "inf_f1": 0.5447534918785095,
    "perc_f1": 0.3767378628253937,
    "backg_f1": 0.3308270573616028
}