{
    "loss": 1.15625,
    "acc": 0.6146382689476013,
    "macro_f1": 0.39479243755340576,
    "total_f1": 0.72859126329422,
    "inf_f1": 0.33618929982185364,
    "perc_f1": 0.37131136655807495,
    "backg_f1": 0.04739336669445038
}