{
    "loss": 1.0078125,
    "acc": 0.596143364906311,
    "macro_f1": 0.5163881778717041,
    "total_f1": 0.728405237197876,
    "inf_f1": 0.5975161194801331,
    "perc_f1": 0.35238736867904663,
    "backg_f1": 0.3633737862110138
}