{
    "loss": 1.15625,
    "acc": 0.6702219247817993,
    "macro_f1": 0.5550585985183716,
    "total_f1": 0.7409674525260925,
    "inf_f1": 0.6148566007614136,
    "perc_f1": 0.45576924085617065,
    "backg_f1": 0.33003684878349304
}