{
    "loss": 1.1953125,
    "acc": 0.6830329895019531,
    "macro_f1": 0.5915868878364563,
    "total_f1": 0.7799423336982727,
    "inf_f1": 0.6457523703575134,
    "perc_f1": 0.4635728597640991,
    "backg_f1": 0.4269934892654419
}