{
    "loss": 1.640625,
    "acc": 0.6876302361488342,
    "macro_f1": 0.5670766830444336,
    "total_f1": 0.7225796580314636,
    "inf_f1": 0.6794594526290894,
    "perc_f1": 0.49401435256004333,
    "backg_f1": 0.27268218994140625
}