{
    "loss": 1.1796875,
    "acc": 0.6685055494308472,
    "macro_f1": 0.46892866492271423,
    "total_f1": 0.6992841958999634,
    "inf_f1": 0.638025164604187,
    "perc_f1": 0.3869771361351013,
    "backg_f1": 0.022783908993005753
}