{
    "loss": 1.109375,
    "acc": 0.5771729946136475,
    "macro_f1": 0.49356573820114136,
    "total_f1": 0.7447941899299622,
    "inf_f1": 0.519438624382019,
    "perc_f1": 0.3527180850505829,
    "backg_f1": 0.36383959650993347
}