{
    "loss": 1.234375,
    "acc": 0.6706509590148926,
    "macro_f1": 0.592802882194519,
    "total_f1": 0.7598109841346741,
    "inf_f1": 0.6779575347900391,
    "perc_f1": 0.4900662302970886,
    "backg_f1": 0.39772921800613403
}