{
    "loss": 1.0625,
    "acc": 0.5221282243728638,
    "macro_f1": 0.5012508034706116,
    "total_f1": 0.7092429399490356,
    "inf_f1": 0.6211646795272827,
    "perc_f1": 0.405499130487442,
    "backg_f1": 0.32819417119026184
}