{
    "loss": 1.6015625,
    "acc": 0.6526909470558167,
    "macro_f1": 0.5873507857322693,
    "total_f1": 0.7454557418823242,
    "inf_f1": 0.663806140422821,
    "perc_f1": 0.4883490204811096,
    "backg_f1": 0.4143528342247009
}