{
    "loss": 1.109375,
    "acc": 0.5331392884254456,
    "macro_f1": 0.4626586139202118,
    "total_f1": 0.722418487071991,
    "inf_f1": 0.5289052724838257,
    "perc_f1": 0.30376940965652466,
    "backg_f1": 0.3229549825191498
}