{
    "loss": 1.09375,
    "acc": 0.6308895945549011,
    "macro_f1": 0.4989815354347229,
    "total_f1": 0.7432801723480225,
    "inf_f1": 0.5408271551132202,
    "perc_f1": 0.3674641251564026,
    "backg_f1": 0.27496442198753357
}