{
    "loss": 1.1796875,
    "acc": 0.5569098591804504,
    "macro_f1": 0.3849206566810608,
    "total_f1": 0.7166987061500549,
    "inf_f1": 0.43179982900619507,
    "perc_f1": 0.07984934002161026,
    "backg_f1": 0.26717251539230347
}