{
    "loss": 1.96875,
    "acc": 0.6697314977645874,
    "macro_f1": 0.579406201839447,
    "total_f1": 0.7299882173538208,
    "inf_f1": 0.686291515827179,
    "perc_f1": 0.4615384638309479,
    "backg_f1": 0.36258742213249207
}