{
    "loss": 1.3515625,
    "acc": 0.6276817321777344,
    "macro_f1": 0.5447722673416138,
    "total_f1": 0.7313038110733032,
    "inf_f1": 0.6398369669914246,
    "perc_f1": 0.4007382094860077,
    "backg_f1": 0.3601706922054291
}