{
    "loss": 2.21875,
    "acc": 0.6800907254219055,
    "macro_f1": 0.5775653123855591,
    "total_f1": 0.7367391586303711,
    "inf_f1": 0.6828337907791138,
    "perc_f1": 0.4448074698448181,
    "backg_f1": 0.3635682165622711
}