{
    "loss": 1.1171875,
    "acc": 0.5530219674110413,
    "macro_f1": 0.4818551242351532,
    "total_f1": 0.7318412065505981,
    "inf_f1": 0.49432623386383057,
    "perc_f1": 0.3952876031398773,
    "backg_f1": 0.30870795249938965
}