{
    "loss": 2.109375,
    "acc": 0.677638828754425,
    "macro_f1": 0.5757346153259277,
    "total_f1": 0.7373396158218384,
    "inf_f1": 0.6784043908119202,
    "perc_f1": 0.43608641624450684,
    "backg_f1": 0.3698558807373047
}