{
    "loss": 1.1171875,
    "acc": 0.5683462023735046,
    "macro_f1": 0.4334523677825928,
    "total_f1": 0.7245771288871765,
    "inf_f1": 0.4774634838104248,
    "perc_f1": 0.3308577835559845,
    "backg_f1": 0.16900601983070374
}