{
    "loss": 1.109375,
    "acc": 0.6344244480133057,
    "macro_f1": 0.5474636554718018,
    "total_f1": 0.7327674031257629,
    "inf_f1": 0.6349729299545288,
    "perc_f1": 0.44183266162872314,
    "backg_f1": 0.3328445851802826
}