{
    "loss": 1.8203125,
    "acc": 0.667831301689148,
    "macro_f1": 0.5751441121101379,
    "total_f1": 0.733474850654602,
    "inf_f1": 0.6844444274902344,
    "perc_f1": 0.4561960995197296,
    "backg_f1": 0.35190096497535706
}