{
    "loss": 1.109375,
    "acc": 0.6352213025093079,
    "macro_f1": 0.5061929225921631,
    "total_f1": 0.7515059113502502,
    "inf_f1": 0.5863654017448425,
    "perc_f1": 0.27517446875572205,
    "backg_f1": 0.36059239506721497
}