{
    "loss": 1.53125,
    "acc": 0.6766580939292908,
    "macro_f1": 0.5562397837638855,
    "total_f1": 0.7342276573181152,
    "inf_f1": 0.6630065441131592,
    "perc_f1": 0.46866369247436523,
    "backg_f1": 0.27033016085624695
}