{
    "loss": 1.46875,
    "acc": 0.6277430653572083,
    "macro_f1": 0.5678836703300476,
    "total_f1": 0.7387105226516724,
    "inf_f1": 0.672203779220581,
    "perc_f1": 0.45399051904678345,
    "backg_f1": 0.3767320513725281
}