{
    "loss": 1.7734375,
    "acc": 0.6765354871749878,
    "macro_f1": 0.5786073207855225,
    "total_f1": 0.7422923445701599,
    "inf_f1": 0.6788381934165955,
    "perc_f1": 0.4658922851085663,
    "backg_f1": 0.3529185950756073
}