{
    "loss": 1.3671875,
    "acc": 0.34656065702438354,
    "macro_f1": 0.29647451639175415,
    "total_f1": 0.5775217413902283,
    "inf_f1": 0.24912859499454498,
    "perc_f1": 0.23298379778862,
    "backg_f1": 0.21949483454227448
}