{
    "loss": 1.34375,
    "acc": 0.3658963739871979,
    "macro_f1": 0.312705934047699,
    "total_f1": 0.5910606384277344,
    "inf_f1": 0.27274438738822937,
    "perc_f1": 0.24449127912521362,
    "backg_f1": 0.22469136118888855
}