{
    "loss": 1.328125,
    "acc": 0.38098767399787903,
    "macro_f1": 0.32540667057037354,
    "total_f1": 0.6002485752105713,
    "inf_f1": 0.29583096504211426,
    "perc_f1": 0.24981075525283813,
    "backg_f1": 0.22906537353992462
}