{
    "loss": 1.328125,
    "acc": 0.38051608204841614,
    "macro_f1": 0.32505226135253906,
    "total_f1": 0.6022692322731018,
    "inf_f1": 0.2959088385105133,
    "perc_f1": 0.24938224256038666,
    "backg_f1": 0.22810517251491547
}