{
    "loss": 1.3359375,
    "acc": 0.3840194046497345,
    "macro_f1": 0.3225025236606598,
    "total_f1": 0.5912228226661682,
    "inf_f1": 0.281317800283432,
    "perc_f1": 0.24875812232494354,
    "backg_f1": 0.22448979318141937
}