{
    "loss": 1.3203125,
    "acc": 0.38098767399787903,
    "macro_f1": 0.3250977396965027,
    "total_f1": 0.6033852100372314,
    "inf_f1": 0.2970077693462372,
    "perc_f1": 0.24888889491558075,
    "backg_f1": 0.22635379433631897
}