{
    "loss": 1.3828125,
    "acc": 0.28801456093788147,
    "macro_f1": 0.26324018836021423,
    "total_f1": 0.581589937210083,
    "inf_f1": 0.23179033398628235,
    "perc_f1": 0.22513088583946228,
    "backg_f1": 0.21270620822906494
}