{
    "loss": 1.3984375,
    "acc": 0.297446608543396,
    "macro_f1": 0.26073750853538513,
    "total_f1": 0.5654008388519287,
    "inf_f1": 0.19568178057670593,
    "perc_f1": 0.20300157368183136,
    "backg_f1": 0.2318122237920761
}