{
    "loss": 1.4296875,
    "acc": 0.2555413246154785,
    "macro_f1": 0.23139968514442444,
    "total_f1": 0.5575551986694336,
    "inf_f1": 0.1844870150089264,
    "perc_f1": 0.19248229265213013,
    "backg_f1": 0.19926199316978455
}