{
    "loss": 1.3359375,
    "acc": 0.3768779933452606,
    "macro_f1": 0.3204111158847809,
    "total_f1": 0.596279501914978,
    "inf_f1": 0.29020193219184875,
    "perc_f1": 0.2477419376373291,
    "backg_f1": 0.2203773558139801
}