{
    "loss": 1.3359375,
    "acc": 0.38058343529701233,
    "macro_f1": 0.3241838812828064,
    "total_f1": 0.5977312326431274,
    "inf_f1": 0.29307079315185547,
    "perc_f1": 0.2497609555721283,
    "backg_f1": 0.2270016223192215
}