{
    "loss": 1.34375,
    "acc": 0.34972715377807617,
    "macro_f1": 0.3024364113807678,
    "total_f1": 0.5871214270591736,
    "inf_f1": 0.2610619366168976,
    "perc_f1": 0.2386939376592636,
    "backg_f1": 0.2250174731016159
}