{
    "loss": 1.0,
    "acc": 0.5999029874801636,
    "macro_f1": 0.5322704315185547,
    "total_f1": 0.7445122003555298,
    "inf_f1": 0.6297088861465454,
    "perc_f1": 0.36324888467788696,
    "backg_f1": 0.388807475566864
}