{
    "loss": 1.09375,
    "acc": 0.6039051413536072,
    "macro_f1": 0.491468608379364,
    "total_f1": 0.7399052381515503,
    "inf_f1": 0.5740072131156921,
    "perc_f1": 0.3959989845752716,
    "backg_f1": 0.21238021552562714
}