{
    "loss": 1.3125,
    "acc": 0.6375598907470703,
    "macro_f1": 0.5585521459579468,
    "total_f1": 0.7532260417938232,
    "inf_f1": 0.6247215867042542,
    "perc_f1": 0.45852789282798767,
    "backg_f1": 0.35766738653182983
}