{
    "loss": 0.98046875,
    "acc": 0.6453823447227478,
    "macro_f1": 0.5615220665931702,
    "total_f1": 0.7700992822647095,
    "inf_f1": 0.6373869180679321,
    "perc_f1": 0.4245283007621765,
    "backg_f1": 0.38581207394599915
}