{
    "loss": 1.125,
    "acc": 0.5873506665229797,
    "macro_f1": 0.5423038005828857,
    "total_f1": 0.7283632159233093,
    "inf_f1": 0.6519391536712646,
    "perc_f1": 0.430355429649353,
    "backg_f1": 0.3646199703216553
}