{
    "loss": 0.9765625,
    "acc": 0.6442301869392395,
    "macro_f1": 0.5407261848449707,
    "total_f1": 0.7661306262016296,
    "inf_f1": 0.6164675951004028,
    "perc_f1": 0.35297298431396484,
    "backg_f1": 0.38824063539505005
}