{
    "loss": 1.0234375,
    "acc": 0.5891698598861694,
    "macro_f1": 0.5223298072814941,
    "total_f1": 0.7517356872558594,
    "inf_f1": 0.5898305177688599,
    "perc_f1": 0.35985198616981506,
    "backg_f1": 0.39452192187309265
}