{
    "loss": 0.984375,
    "acc": 0.6571463346481323,
    "macro_f1": 0.5431197881698608,
    "total_f1": 0.7607318758964539,
    "inf_f1": 0.6342423558235168,
    "perc_f1": 0.44828641414642334,
    "backg_f1": 0.2710711658000946
}