{
    "loss": 1.0234375,
    "acc": 0.6615177392959595,
    "macro_f1": 0.5336313247680664,
    "total_f1": 0.7365506887435913,
    "inf_f1": 0.6292603611946106,
    "perc_f1": 0.3664185404777527,
    "backg_f1": 0.32163187861442566
}