{
    "loss": 1.0234375,
    "acc": 0.6261492967605591,
    "macro_f1": 0.52842777967453,
    "total_f1": 0.7496532797813416,
    "inf_f1": 0.5869609713554382,
    "perc_f1": 0.3569711446762085,
    "backg_f1": 0.38659346103668213
}