{
    "loss": 1.296875,
    "acc": 0.6624984741210938,
    "macro_f1": 0.5318901538848877,
    "total_f1": 0.7498341202735901,
    "inf_f1": 0.6293738484382629,
    "perc_f1": 0.3093404769897461,
    "backg_f1": 0.3668164312839508
}