{
    "loss": 0.95703125,
    "acc": 0.6352213025093079,
    "macro_f1": 0.5665926933288574,
    "total_f1": 0.7544330358505249,
    "inf_f1": 0.6366842985153198,
    "perc_f1": 0.4549970328807831,
    "backg_f1": 0.3910630941390991
}