{
    "loss": 1.609375,
    "acc": 0.5123820304870605,
    "macro_f1": 0.4087809920310974,
    "total_f1": 0.6225138902664185,
    "inf_f1": 0.3426966369152069,
    "perc_f1": 0.33040422201156616,
    "backg_f1": 0.2805877923965454
}