{
    "loss": 1.3359375,
    "acc": 0.5003677606582642,
    "macro_f1": 0.3816204071044922,
    "total_f1": 0.5992350578308105,
    "inf_f1": 0.34319525957107544,
    "perc_f1": 0.30535855889320374,
    "backg_f1": 0.2041814923286438
}