{
    "loss": 1.3984375,
    "acc": 0.48136571049690247,
    "macro_f1": 0.39862677454948425,
    "total_f1": 0.6238740086555481,
    "inf_f1": 0.34057024121284485,
    "perc_f1": 0.32670333981513977,
    "backg_f1": 0.2836472690105438
}