{
    "loss": 1.3359375,
    "acc": 0.40983206033706665,
    "macro_f1": 0.3652151823043823,
    "total_f1": 0.6256398558616638,
    "inf_f1": 0.33306771516799927,
    "perc_f1": 0.31747111678123474,
    "backg_f1": 0.26938313245773315
}