{
    "loss": 1.4765625,
    "acc": 0.3514772653579712,
    "macro_f1": 0.29409435391426086,
    "total_f1": 0.5571510791778564,
    "inf_f1": 0.24735110998153687,
    "perc_f1": 0.23057077825069427,
    "backg_f1": 0.2050924301147461
}