{
    "loss": 1.5390625,
    "acc": 0.5340811610221863,
    "macro_f1": 0.40727218985557556,
    "total_f1": 0.609263002872467,
    "inf_f1": 0.34016501903533936,
    "perc_f1": 0.3172700107097626,
    "backg_f1": 0.26340964436531067
}