{
    "loss": 1.625,
    "acc": 0.5066201090812683,
    "macro_f1": 0.4035297632217407,
    "total_f1": 0.609256386756897,
    "inf_f1": 0.3316088914871216,
    "perc_f1": 0.3305855095386505,
    "backg_f1": 0.27980920672416687
}