{
    "loss": 1.5234375,
    "acc": 0.48007845878601074,
    "macro_f1": 0.39342713356018066,
    "total_f1": 0.628801703453064,
    "inf_f1": 0.34548264741897583,
    "perc_f1": 0.3187692165374756,
    "backg_f1": 0.2614600956439972
}