{
    "loss": 1.3359375,
    "acc": 0.38132891058921814,
    "macro_f1": 0.3336734473705292,
    "total_f1": 0.6058422327041626,
    "inf_f1": 0.2920900583267212,
    "perc_f1": 0.2896000146865845,
    "backg_f1": 0.240492582321167
}