{
    "loss": 1.671875,
    "acc": 0.50931715965271,
    "macro_f1": 0.39944782853126526,
    "total_f1": 0.6094759106636047,
    "inf_f1": 0.33618372678756714,
    "perc_f1": 0.30434781312942505,
    "backg_f1": 0.27790507674217224
}