{
    "loss": 1.015625,
    "acc": 0.6946709156036377,
    "macro_f1": 0.5848302841186523,
    "total_f1": 0.7606865763664246,
    "inf_f1": 0.6632478833198547,
    "perc_f1": 0.4174271523952484,
    "backg_f1": 0.42371904850006104
}