{
    "loss": 0.9765625,
    "acc": 0.6335646510124207,
    "macro_f1": 0.5710674524307251,
    "total_f1": 0.7581012845039368,
    "inf_f1": 0.6545741558074951,
    "perc_f1": 0.42273980379104614,
    "backg_f1": 0.4370880722999573
}