{
    "loss": 1.0078125,
    "acc": 0.6186081171035767,
    "macro_f1": 0.5565844774246216,
    "total_f1": 0.7457042336463928,
    "inf_f1": 0.6527131795883179,
    "perc_f1": 0.4155791103839874,
    "backg_f1": 0.4005597233772278
}