{
    "loss": 1.4375,
    "acc": 0.28814929723739624,
    "macro_f1": 0.2425934374332428,
    "total_f1": 0.5415109992027283,
    "inf_f1": 0.18320351839065552,
    "perc_f1": 0.20315119624137878,
    "backg_f1": 0.16546761989593506
}