{
    "loss": 1.1484375,
    "acc": 0.4949134290218353,
    "macro_f1": 0.4422236680984497,
    "total_f1": 0.671047568321228,
    "inf_f1": 0.5588876605033875,
    "perc_f1": 0.3324662446975708,
    "backg_f1": 0.238032266497612
}