{
    "loss": 1.328125,
    "acc": 0.35107457637786865,
    "macro_f1": 0.30740004777908325,
    "total_f1": 0.6077425479888916,
    "inf_f1": 0.277339905500412,
    "perc_f1": 0.20203304290771484,
    "backg_f1": 0.28700724244117737
}