{
    "loss": 1.0234375,
    "acc": 0.5621247887611389,
    "macro_f1": 0.5049547553062439,
    "total_f1": 0.7338519096374512,
    "inf_f1": 0.614973247051239,
    "perc_f1": 0.3188405930995941,
    "backg_f1": 0.38158339262008667
}