{
    "loss": 1.0078125,
    "acc": 0.6720635294914246,
    "macro_f1": 0.5360653400421143,
    "total_f1": 0.7604764103889465,
    "inf_f1": 0.6342364549636841,
    "perc_f1": 0.34304746985435486,
    "backg_f1": 0.3350887596607208
}