{
    "loss": 1.0390625,
    "acc": 0.5318052172660828,
    "macro_f1": 0.4799656271934509,
    "total_f1": 0.7243048548698425,
    "inf_f1": 0.5514774918556213,
    "perc_f1": 0.34789392352104187,
    "backg_f1": 0.3423890769481659
}