{
    "loss": 1.0078125,
    "acc": 0.6792189478874207,
    "macro_f1": 0.5622187852859497,
    "total_f1": 0.7643610835075378,
    "inf_f1": 0.6696736812591553,
    "perc_f1": 0.4418181777000427,
    "backg_f1": 0.3037223219871521
}