{
    "loss": 1.0,
    "acc": 0.5635194778442383,
    "macro_f1": 0.50062096118927,
    "total_f1": 0.7432041764259338,
    "inf_f1": 0.5667022466659546,
    "perc_f1": 0.3832310736179352,
    "backg_f1": 0.3354972004890442
}