{
    "loss": 0.96875,
    "acc": 0.6329513192176819,
    "macro_f1": 0.5528625249862671,
    "total_f1": 0.760773241519928,
    "inf_f1": 0.627216100692749,
    "perc_f1": 0.389934241771698,
    "backg_f1": 0.4082450568675995
}