{
    "loss": 1.171875,
    "acc": 0.6324016451835632,
    "macro_f1": 0.4415677785873413,
    "total_f1": 0.6903852224349976,
    "inf_f1": 0.5384137630462646,
    "perc_f1": 0.3431227505207062,
    "backg_f1": 0.0786142572760582
}