{
    "loss": 1.46875,
    "acc": 0.6879367232322693,
    "macro_f1": 0.5843688249588013,
    "total_f1": 0.7512690424919128,
    "inf_f1": 0.6605792045593262,
    "perc_f1": 0.46583253145217896,
    "backg_f1": 0.384316623210907
}