{
    "loss": 1.0625,
    "acc": 0.6325855255126953,
    "macro_f1": 0.5560410618782043,
    "total_f1": 0.7419033050537109,
    "inf_f1": 0.6271631121635437,
    "perc_f1": 0.44628769159317017,
    "backg_f1": 0.3713375926017761
}