{
    "loss": 1.0546875,
    "acc": 0.6315434575080872,
    "macro_f1": 0.5152082443237305,
    "total_f1": 0.7604557871818542,
    "inf_f1": 0.5799607038497925,
    "perc_f1": 0.29047906398773193,
    "backg_f1": 0.39222291111946106
}