{
    "loss": 1.4609375,
    "acc": 0.6669731736183167,
    "macro_f1": 0.5839546918869019,
    "total_f1": 0.7621081471443176,
    "inf_f1": 0.6643871665000916,
    "perc_f1": 0.5017779469490051,
    "backg_f1": 0.36029019951820374
}