{
    "loss": 1.078125,
    "acc": 0.569756031036377,
    "macro_f1": 0.4979516267776489,
    "total_f1": 0.7427545189857483,
    "inf_f1": 0.545643150806427,
    "perc_f1": 0.3871229588985443,
    "backg_f1": 0.3111035227775574
}