{
    "loss": 1.3125,
    "acc": 0.6815618276596069,
    "macro_f1": 0.5846582055091858,
    "total_f1": 0.759915292263031,
    "inf_f1": 0.6372064352035522,
    "perc_f1": 0.4912133812904358,
    "backg_f1": 0.3837885558605194
}