{
    "loss": 1.40625,
    "acc": 0.11873143166303635,
    "macro_f1": 0.06137582287192345,
    "total_f1": 0.5900307893753052,
    "inf_f1": 0.21003615856170654,
    "perc_f1": 0.035467129200696945,
    "backg_f1": 0.0
}