{
    "loss": 1.421875,
    "acc": 0.1656661182641983,
    "macro_f1": 0.15084442496299744,
    "total_f1": 0.5900307893753052,
    "inf_f1": 0.1016371101140976,
    "perc_f1": 0.2443922758102417,
    "backg_f1": 0.25734832882881165
}