{
    "loss": 1.15625,
    "acc": 0.5510884523391724,
    "macro_f1": 0.4208138585090637,
    "total_f1": 0.7095207571983337,
    "inf_f1": 0.4987749457359314,
    "perc_f1": 0.13151364028453827,
    "backg_f1": 0.315256267786026
}