{
    "loss": 1.1796875,
    "acc": 0.5943241715431213,
    "macro_f1": 0.3851003348827362,
    "total_f1": 0.6940813660621643,
    "inf_f1": 0.46447086334228516,
    "perc_f1": 0.019864559173583984,
    "backg_f1": 0.27120742201805115
}