{
    "loss": 1.2109375,
    "acc": 0.6386849284172058,
    "macro_f1": 0.5610551834106445,
    "total_f1": 0.7529565691947937,
    "inf_f1": 0.6497803330421448,
    "perc_f1": 0.43828222155570984,
    "backg_f1": 0.37026888132095337
}