{
    "loss": 1.125,
    "acc": 0.6668463349342346,
    "macro_f1": 0.5752899646759033,
    "total_f1": 0.755070686340332,
    "inf_f1": 0.6459459662437439,
    "perc_f1": 0.4335291087627411,
    "backg_f1": 0.41292640566825867
}