{
    "loss": 0.98046875,
    "acc": 0.6342383623123169,
    "macro_f1": 0.5313092470169067,
    "total_f1": 0.7578205466270447,
    "inf_f1": 0.5836837887763977,
    "perc_f1": 0.3874133825302124,
    "backg_f1": 0.359392374753952
}