{
    "loss": 1.1015625,
    "acc": 0.6642188429832458,
    "macro_f1": 0.48959577083587646,
    "total_f1": 0.6804525256156921,
    "inf_f1": 0.6049783825874329,
    "perc_f1": 0.38062790036201477,
    "backg_f1": 0.15508559346199036
}