{
    "loss": 1.0234375,
    "acc": 0.682004988193512,
    "macro_f1": 0.5861186385154724,
    "total_f1": 0.7521190047264099,
    "inf_f1": 0.6776956915855408,
    "perc_f1": 0.47074010968208313,
    "backg_f1": 0.3764811158180237
}