{
    "loss": 1.15625,
    "acc": 0.5703717470169067,
    "macro_f1": 0.45251598954200745,
    "total_f1": 0.7117552161216736,
    "inf_f1": 0.42703932523727417,
    "perc_f1": 0.2969121038913727,
    "backg_f1": 0.32374951243400574
}