{
    "loss": 1.203125,
    "acc": 0.5419319868087769,
    "macro_f1": 0.44182875752449036,
    "total_f1": 0.713205873966217,
    "inf_f1": 0.434959352016449,
    "perc_f1": 0.2979363799095154,
    "backg_f1": 0.29632535576820374
}