{
    "loss": 1.3125,
    "acc": 0.30101266503334045,
    "macro_f1": 0.1837393194437027,
    "total_f1": 0.642181396484375,
    "inf_f1": 0.25791388750076294,
    "perc_f1": 0.010156580246984959,
    "backg_f1": 0.002111932495608926
}