{
    "loss": 1.390625,
    "acc": 0.11812503635883331,
    "macro_f1": 0.053198885172605515,
    "total_f1": 0.5899717807769775,
    "inf_f1": 0.210297629237175,
    "perc_f1": 0.0,
    "backg_f1": 0.0
}