{
    "loss": 1.1875,
    "acc": 0.5784973502159119,
    "macro_f1": 0.43894797563552856,
    "total_f1": 0.7002301216125488,
    "inf_f1": 0.4617604613304138,
    "perc_f1": 0.2582387924194336,
    "backg_f1": 0.26641327142715454
}