{
    "loss": 1.3984375,
    "acc": 0.44357529282569885,
    "macro_f1": 0.22091642022132874,
    "total_f1": 0.45141497254371643,
    "inf_f1": 0.007077856454998255,
    "perc_f1": 0.2204899787902832,
    "backg_f1": 0.014770057052373886
}