{
    "loss": 1.3828125,
    "acc": 0.11757928878068924,
    "macro_f1": 0.052604448050260544,
    "total_f1": 0.5900307893753052,
    "inf_f1": 0.21041779220104218,
    "perc_f1": 0.0,
    "backg_f1": 0.0
}