{
    "loss": 1.015625,
    "acc": 0.6867883801460266,
    "macro_f1": 0.5936716198921204,
    "total_f1": 0.7722383737564087,
    "inf_f1": 0.6693901419639587,
    "perc_f1": 0.47598668932914734,
    "backg_f1": 0.40047022700309753
}