{
    "loss": 1.1328125,
    "acc": 0.6712928414344788,
    "macro_f1": 0.5950177311897278,
    "total_f1": 0.7667412161827087,
    "inf_f1": 0.6871508359909058,
    "perc_f1": 0.459940642118454,
    "backg_f1": 0.42516419291496277
}