{
    "loss": 1.3515625,
    "acc": 0.3132789731025696,
    "macro_f1": 0.28327029943466187,
    "total_f1": 0.5980274677276611,
    "inf_f1": 0.2693292498588562,
    "perc_f1": 0.2456033080816269,
    "backg_f1": 0.19871670007705688
}