{
    "loss": 1.1640625,
    "acc": 0.606548547744751,
    "macro_f1": 0.552522599697113,
    "total_f1": 0.7355883717536926,
    "inf_f1": 0.6684406399726868,
    "perc_f1": 0.4183673560619354,
    "backg_f1": 0.38240334391593933
}