{
    "loss": 1.0703125,
    "acc": 0.6372700929641724,
    "macro_f1": 0.5073070526123047,
    "total_f1": 0.7590343356132507,
    "inf_f1": 0.5393678545951843,
    "perc_f1": 0.32129743695259094,
    "backg_f1": 0.36076366901397705
}