{
    "loss": 1.0546875,
    "acc": 0.6185407042503357,
    "macro_f1": 0.5665781497955322,
    "total_f1": 0.7475985884666443,
    "inf_f1": 0.6655647158622742,
    "perc_f1": 0.4357197880744934,
    "backg_f1": 0.411912739276886
}