{
    "loss": 1.0546875,
    "acc": 0.45590513944625854,
    "macro_f1": 0.44545435905456543,
    "total_f1": 0.6778604984283447,
    "inf_f1": 0.5925423502922058,
    "perc_f1": 0.3217151165008545,
    "backg_f1": 0.3194418251514435
}