{
    "loss": 1.3125,
    "acc": 0.6747962236404419,
    "macro_f1": 0.5948368310928345,
    "total_f1": 0.7636391520500183,
    "inf_f1": 0.6931851506233215,
    "perc_f1": 0.45648854970932007,
    "backg_f1": 0.4169696867465973
}