{
    "loss": 1.5625,
    "acc": 0.5351232290267944,
    "macro_f1": 0.4025527536869049,
    "total_f1": 0.6016413569450378,
    "inf_f1": 0.3358449935913086,
    "perc_f1": 0.2852657437324524,
    "backg_f1": 0.2799428105354309
}