{
    "loss": 1.3359375,
    "acc": 0.3897879123687744,
    "macro_f1": 0.33709418773651123,
    "total_f1": 0.6072129607200623,
    "inf_f1": 0.2914228141307831,
    "perc_f1": 0.2936675548553467,
    "backg_f1": 0.23649413883686066
}