{
    "loss": 1.328125,
    "acc": 0.5036165118217468,
    "macro_f1": 0.3859942853450775,
    "total_f1": 0.5947433710098267,
    "inf_f1": 0.3494623601436615,
    "perc_f1": 0.3049095571041107,
    "backg_f1": 0.21512749791145325
}