{
    "loss": 1.59375,
    "acc": 0.4971190392971039,
    "macro_f1": 0.3949703872203827,
    "total_f1": 0.6082618236541748,
    "inf_f1": 0.3448275923728943,
    "perc_f1": 0.291149377822876,
    "backg_f1": 0.2786020338535309
}