{
    "loss": 1.40625,
    "acc": 0.49570921063423157,
    "macro_f1": 0.3973560631275177,
    "total_f1": 0.62289959192276,
    "inf_f1": 0.33402490615844727,
    "perc_f1": 0.2925110161304474,
    "backg_f1": 0.2980741560459137
}