{
    "loss": 1.7109375,
    "acc": 0.5229864120483398,
    "macro_f1": 0.3974088728427887,
    "total_f1": 0.6001420617103577,
    "inf_f1": 0.3467956483364105,
    "perc_f1": 0.2759127616882324,
    "backg_f1": 0.27046385407447815
}