{
    "loss": 1.4765625,
    "acc": 0.35178375244140625,
    "macro_f1": 0.2939950227737427,
    "total_f1": 0.559825599193573,
    "inf_f1": 0.24596181511878967,
    "perc_f1": 0.234417125582695,
    "backg_f1": 0.20066890120506287
}