{
    "loss": 1.3359375,
    "acc": 0.41976216435432434,
    "macro_f1": 0.37202513217926025,
    "total_f1": 0.6277815103530884,
    "inf_f1": 0.3383491039276123,
    "perc_f1": 0.30119213461875916,
    "backg_f1": 0.29516127705574036
}