{
    "loss": 1.015625,
    "acc": 0.5475981831550598,
    "macro_f1": 0.5067643523216248,
    "total_f1": 0.7252289056777954,
    "inf_f1": 0.6285714507102966,
    "perc_f1": 0.37749752402305603,
    "backg_f1": 0.3351173400878906
}