{
    "loss": 1.0546875,
    "acc": 0.6723034381866455,
    "macro_f1": 0.5588632822036743,
    "total_f1": 0.7586151361465454,
    "inf_f1": 0.6356241106987,
    "perc_f1": 0.4634867012500763,
    "backg_f1": 0.31137725710868835
}