{
    "loss": 1.046875,
    "acc": 0.6168564558029175,
    "macro_f1": 0.5640188455581665,
    "total_f1": 0.7494583129882812,
    "inf_f1": 0.6624737977981567,
    "perc_f1": 0.4482758641242981,
    "backg_f1": 0.39334824681282043
}