{
    "loss": 1.15625,
    "acc": 0.6096476316452026,
    "macro_f1": 0.54892897605896,
    "total_f1": 0.744093656539917,
    "inf_f1": 0.6485478281974792,
    "perc_f1": 0.4249773621559143,
    "backg_f1": 0.36995306611061096
}