{
    "loss": 1.0234375,
    "acc": 0.6461631655693054,
    "macro_f1": 0.5222294330596924,
    "total_f1": 0.759874701499939,
    "inf_f1": 0.5730994343757629,
    "perc_f1": 0.3398970067501068,
    "backg_f1": 0.365293025970459
}