{
    "loss": 1.28125,
    "acc": 0.6623997688293457,
    "macro_f1": 0.5780950784683228,
    "total_f1": 0.7608548998832703,
    "inf_f1": 0.6552278995513916,
    "perc_f1": 0.43809524178504944,
    "backg_f1": 0.4140912592411041
}