{
    "loss": 1.3046875,
    "acc": 0.4060499966144562,
    "macro_f1": 0.32093411684036255,
    "total_f1": 0.6225443482398987,
    "inf_f1": 0.32845744490623474,
    "perc_f1": 0.2700161933898926,
    "backg_f1": 0.11064069718122482
}