{
    "loss": 1.140625,
    "acc": 0.6776931881904602,
    "macro_f1": 0.5859848260879517,
    "total_f1": 0.7636927962303162,
    "inf_f1": 0.6532279849052429,
    "perc_f1": 0.4633684754371643,
    "backg_f1": 0.40869563817977905
}