{
    "loss": 1.28125,
    "acc": 0.5683462023735046,
    "macro_f1": 0.4877486526966095,
    "total_f1": 0.7352251410484314,
    "inf_f1": 0.5734521150588989,
    "perc_f1": 0.2835748791694641,
    "backg_f1": 0.35538801550865173
}