{
    "loss": 2.40625,
    "acc": 0.5984430313110352,
    "macro_f1": 0.472237229347229,
    "total_f1": 0.7020336985588074,
    "inf_f1": 0.5473965406417847,
    "perc_f1": 0.31240081787109375,
    "backg_f1": 0.2480127215385437
}