{
    "loss": 1.203125,
    "acc": 0.4063993990421295,
    "macro_f1": 0.3608117699623108,
    "total_f1": 0.6731095314025879,
    "inf_f1": 0.45210590958595276,
    "perc_f1": 0.15648728609085083,
    "backg_f1": 0.3173103630542755
}