{
    "loss": 1.1875,
    "acc": 0.5766212940216064,
    "macro_f1": 0.4872031807899475,
    "total_f1": 0.7378149032592773,
    "inf_f1": 0.5512948036193848,
    "perc_f1": 0.28385597467422485,
    "backg_f1": 0.3597699701786041
}