{
    "loss": 1.5,
    "acc": 0.6267009973526001,
    "macro_f1": 0.4911090135574341,
    "total_f1": 0.7158682346343994,
    "inf_f1": 0.5789200663566589,
    "perc_f1": 0.33887779712677,
    "backg_f1": 0.2436487227678299
}