{
    "loss": 1.140625,
    "acc": 0.6199583411216736,
    "macro_f1": 0.486388236284256,
    "total_f1": 0.7207558155059814,
    "inf_f1": 0.5534062385559082,
    "perc_f1": 0.3157360553741455,
    "backg_f1": 0.2827852964401245
}