{
    "loss": 1.171875,
    "acc": 0.5554125308990479,
    "macro_f1": 0.43060415983200073,
    "total_f1": 0.7214575409889221,
    "inf_f1": 0.36758434772491455,
    "perc_f1": 0.3552403151988983,
    "backg_f1": 0.23775215446949005
}