{
    "loss": 1.671875,
    "acc": 0.5743533372879028,
    "macro_f1": 0.47443199157714844,
    "total_f1": 0.6835023760795593,
    "inf_f1": 0.5655896067619324,
    "perc_f1": 0.31793132424354553,
    "backg_f1": 0.2671433091163635
}