{
    "loss": 1.234375,
    "acc": 0.48608556389808655,
    "macro_f1": 0.350718230009079,
    "total_f1": 0.720668375492096,
    "inf_f1": 0.3661753237247467,
    "perc_f1": 0.3359611928462982,
    "backg_f1": 0.0
}