{
    "loss": 1.1640625,
    "acc": 0.5470256209373474,
    "macro_f1": 0.43933767080307007,
    "total_f1": 0.7086378335952759,
    "inf_f1": 0.5102766752243042,
    "perc_f1": 0.18804411590099335,
    "backg_f1": 0.33391073346138
}