{
    "loss": 1.1640625,
    "acc": 0.6111212372779846,
    "macro_f1": 0.41937747597694397,
    "total_f1": 0.6853707432746887,
    "inf_f1": 0.5018766522407532,
    "perc_f1": 0.16791510581970215,
    "backg_f1": 0.2117365300655365
}