{
    "loss": 1.3828125,
    "acc": 0.19289308786392212,
    "macro_f1": 0.09447789937257767,
    "total_f1": 0.5946418642997742,
    "inf_f1": 0.0,
    "perc_f1": 0.0018665422685444355,
    "backg_f1": 0.29427096247673035
}