{
    "loss": 1.1171875,
    "acc": 0.5700685381889343,
    "macro_f1": 0.4715675413608551,
    "total_f1": 0.7174244523048401,
    "inf_f1": 0.5023255944252014,
    "perc_f1": 0.29365643858909607,
    "backg_f1": 0.3484986424446106
}