{
    "loss": 1.1328125,
    "acc": 0.5388393402099609,
    "macro_f1": 0.46402719616889954,
    "total_f1": 0.7096346020698547,
    "inf_f1": 0.49614861607551575,
    "perc_f1": 0.3184441030025482,
    "backg_f1": 0.3352462351322174
}