{
    "loss": 1.1171875,
    "acc": 0.5994575023651123,
    "macro_f1": 0.43400371074676514,
    "total_f1": 0.725321888923645,
    "inf_f1": 0.4219653308391571,
    "perc_f1": 0.3467492163181305,
    "backg_f1": 0.16730037331581116
}