{
    "loss": 1.1015625,
    "acc": 0.5777576565742493,
    "macro_f1": 0.45449018478393555,
    "total_f1": 0.6951219439506531,
    "inf_f1": 0.5139665007591248,
    "perc_f1": 0.3956834673881531,
    "backg_f1": 0.1526104360818863
}