{
    "loss": 2.4375,
    "acc": 0.6799276471138,
    "macro_f1": 0.5423005819320679,
    "total_f1": 0.7029703259468079,
    "inf_f1": 0.5762711763381958,
    "perc_f1": 0.42957746982574463,
    "backg_f1": 0.3342939615249634
}