{
    "loss": 2.375,
    "acc": 0.6518987417221069,
    "macro_f1": 0.5361829400062561,
    "total_f1": 0.7074829936027527,
    "inf_f1": 0.5792349576950073,
    "perc_f1": 0.40498441457748413,
    "backg_f1": 0.35449734330177307
}