{
    "loss": 1.6171875,
    "acc": 0.6229656338691711,
    "macro_f1": 0.49557241797447205,
    "total_f1": 0.6954596042633057,
    "inf_f1": 0.5400843620300293,
    "perc_f1": 0.3536977469921112,
    "backg_f1": 0.2985915541648865
}