{
    "loss": 1.2421875,
    "acc": 0.6184448599815369,
    "macro_f1": 0.515434205532074,
    "total_f1": 0.7259713411331177,
    "inf_f1": 0.4680851101875305,
    "perc_f1": 0.437158465385437,
    "backg_f1": 0.3736730217933655
}