{
    "loss": 1.1875,
    "acc": 0.6039782762527466,
    "macro_f1": 0.394118070602417,
    "total_f1": 0.6650717854499817,
    "inf_f1": 0.38053098320961,
    "perc_f1": 0.34866827726364136,
    "backg_f1": 0.05076142027974129
}