{
    "loss": 1.8359375,
    "acc": 0.6600361466407776,
    "macro_f1": 0.5490051507949829,
    "total_f1": 0.7120181322097778,
    "inf_f1": 0.6020408272743225,
    "perc_f1": 0.44012945890426636,
    "backg_f1": 0.3448275923728943
}