{
    "loss": 1.1328125,
    "acc": 0.6247389316558838,
    "macro_f1": 0.5624061822891235,
    "total_f1": 0.7452823519706726,
    "inf_f1": 0.6558930277824402,
    "perc_f1": 0.43129342794418335,
    "backg_f1": 0.39774376153945923
}