{
    "loss": 1.2265625,
    "acc": 0.670349657535553,
    "macro_f1": 0.5647716522216797,
    "total_f1": 0.7562196850776672,
    "inf_f1": 0.6577874422073364,
    "perc_f1": 0.42574504017829895,
    "backg_f1": 0.3548584282398224
}