{
    "loss": 1.0234375,
    "acc": 0.6192144155502319,
    "macro_f1": 0.524008572101593,
    "total_f1": 0.7636643648147583,
    "inf_f1": 0.5618332624435425,
    "perc_f1": 0.3579367399215698,
    "backg_f1": 0.3955928683280945
}