{
    "loss": 1.46875,
    "acc": 0.6745941042900085,
    "macro_f1": 0.570807158946991,
    "total_f1": 0.7546296119689941,
    "inf_f1": 0.6600589156150818,
    "perc_f1": 0.4333886206150055,
    "backg_f1": 0.3689395487308502
}