{
    "loss": 1.296875,
    "acc": 0.4498416781425476,
    "macro_f1": 0.34025925397872925,
    "total_f1": 0.6297774314880371,
    "inf_f1": 0.3551922142505646,
    "perc_f1": 0.2700614631175995,
    "backg_f1": 0.10302485525608063
}