{
    "loss": 1.28125,
    "acc": 0.6330930590629578,
    "macro_f1": 0.5581055879592896,
    "total_f1": 0.7472876906394958,
    "inf_f1": 0.6621767282485962,
    "perc_f1": 0.4232456088066101,
    "backg_f1": 0.3673028349876404
}