{
    "loss": 1.5390625,
    "acc": 0.6766152381896973,
    "macro_f1": 0.56453537940979,
    "total_f1": 0.7459939122200012,
    "inf_f1": 0.6533515453338623,
    "perc_f1": 0.42832955718040466,
    "backg_f1": 0.35291749238967896
}