{
    "loss": 0.98828125,
    "acc": 0.5837094783782959,
    "macro_f1": 0.5353001952171326,
    "total_f1": 0.7375345230102539,
    "inf_f1": 0.6563500761985779,
    "perc_f1": 0.3996148407459259,
    "backg_f1": 0.3607122302055359
}