{
    "loss": 1.40625,
    "acc": 0.6652967929840088,
    "macro_f1": 0.5733988881111145,
    "total_f1": 0.7542399168014526,
    "inf_f1": 0.6583710312843323,
    "perc_f1": 0.41333332657814026,
    "backg_f1": 0.41262945532798767
}