{
    "loss": 1.109375,
    "acc": 0.6634777188301086,
    "macro_f1": 0.5612741708755493,
    "total_f1": 0.7446486949920654,
    "inf_f1": 0.6526751518249512,
    "perc_f1": 0.4562171697616577,
    "backg_f1": 0.3236568570137024
}