{
    "loss": 1.109375,
    "acc": 0.5793184041976929,
    "macro_f1": 0.4538596272468567,
    "total_f1": 0.7190701365470886,
    "inf_f1": 0.4991220235824585,
    "perc_f1": 0.17705821990966797,
    "backg_f1": 0.38512036204338074
}