{
    "loss": 1.1171875,
    "acc": 0.5961750745773315,
    "macro_f1": 0.4471197724342346,
    "total_f1": 0.7175089716911316,
    "inf_f1": 0.5011669993400574,
    "perc_f1": 0.1726418435573578,
    "backg_f1": 0.333082377910614
}