{
    "loss": 1.1328125,
    "acc": 0.5378202795982361,
    "macro_f1": 0.4797438681125641,
    "total_f1": 0.7220733761787415,
    "inf_f1": 0.5195253491401672,
    "perc_f1": 0.3465138375759125,
    "backg_f1": 0.36164382100105286
}