{
    "loss": 1.5859375,
    "acc": 0.5970332026481628,
    "macro_f1": 0.48681414127349854,
    "total_f1": 0.7199501991271973,
    "inf_f1": 0.5264105796813965,
    "perc_f1": 0.31386861205101013,
    "backg_f1": 0.3296213746070862
}