{
    "loss": 1.203125,
    "acc": 0.5758244395256042,
    "macro_f1": 0.39605584740638733,
    "total_f1": 0.7151471972465515,
    "inf_f1": 0.22484134137630463,
    "perc_f1": 0.37727731466293335,
    "backg_f1": 0.19874529540538788
}