{
    "loss": 1.234375,
    "acc": 0.5296677947044373,
    "macro_f1": 0.38626834750175476,
    "total_f1": 0.6773318648338318,
    "inf_f1": 0.3520424962043762,
    "perc_f1": 0.31829848885536194,
    "backg_f1": 0.14101123809814453
}