{
    "loss": 1.21875,
    "acc": 0.5905357599258423,
    "macro_f1": 0.4646090865135193,
    "total_f1": 0.7329779267311096,
    "inf_f1": 0.5077610015869141,
    "perc_f1": 0.24457143247127533,
    "backg_f1": 0.3282950520515442
}