{
    "loss": 1.3125,
    "acc": 0.5475051999092102,
    "macro_f1": 0.48173996806144714,
    "total_f1": 0.7210900783538818,
    "inf_f1": 0.5380452275276184,
    "perc_f1": 0.3381895422935486,
    "backg_f1": 0.3288838267326355
}