{
    "loss": 1.1875,
    "acc": 0.5680397152900696,
    "macro_f1": 0.4901377558708191,
    "total_f1": 0.7333911657333374,
    "inf_f1": 0.5196892619132996,
    "perc_f1": 0.31465595960617065,
    "backg_f1": 0.3870595097541809
}