{
    "loss": 1.1328125,
    "acc": 0.607576310634613,
    "macro_f1": 0.4358395040035248,
    "total_f1": 0.7060501575469971,
    "inf_f1": 0.48669058084487915,
    "perc_f1": 0.2584003806114197,
    "backg_f1": 0.20110554993152618
}