{
    "loss": 1.046875,
    "acc": 0.6025104522705078,
    "macro_f1": 0.4849010109901428,
    "total_f1": 0.7381761074066162,
    "inf_f1": 0.5663971304893494,
    "perc_f1": 0.2546728849411011,
    "backg_f1": 0.3453077971935272
}