{
    "loss": 1.0625,
    "acc": 0.5375659465789795,
    "macro_f1": 0.48529982566833496,
    "total_f1": 0.7155984044075012,
    "inf_f1": 0.5868957042694092,
    "perc_f1": 0.322738379240036,
    "backg_f1": 0.353860080242157
}