{
    "loss": 1.0859375,
    "acc": 0.6254926919937134,
    "macro_f1": 0.5030667781829834,
    "total_f1": 0.7155910730361938,
    "inf_f1": 0.5595523715019226,
    "perc_f1": 0.3779359459877014,
    "backg_f1": 0.28192663192749023
}