{
    "loss": 0.9921875,
    "acc": 0.5555757880210876,
    "macro_f1": 0.4968191981315613,
    "total_f1": 0.7339701652526855,
    "inf_f1": 0.5762470960617065,
    "perc_f1": 0.34963488578796387,
    "backg_f1": 0.36147865653038025
}