{
    "loss": 1.03125,
    "acc": 0.6809168457984924,
    "macro_f1": 0.5476909875869751,
    "total_f1": 0.7479935884475708,
    "inf_f1": 0.639848530292511,
    "perc_f1": 0.37745603919029236,
    "backg_f1": 0.33914610743522644
}