{
    "loss": 1.0234375,
    "acc": 0.541083037853241,
    "macro_f1": 0.5001187920570374,
    "total_f1": 0.7215633988380432,
    "inf_f1": 0.615908145904541,
    "perc_f1": 0.3290252983570099,
    "backg_f1": 0.3884756565093994
}