{
    "loss": 0.482421875,
    "acc": 0.7476471662521362,
    "total_f1": 0.7310087084770203
}