{
    "loss": 0.453125,
    "acc": 0.790290117263794,
    "total_f1": 0.7335477471351624
}