{
    "loss": 0.466796875,
    "acc": 0.7738041281700134,
    "total_f1": 0.7399641871452332
}