{
    "loss": 0.66015625,
    "acc": 0.7981112599372864,
    "total_f1": 0.7093126773834229
}