{
    "loss": 1.140625,
    "acc": 0.6062094569206238,
    "macro_f1": 0.43282854557037354,
    "total_f1": 0.6873041391372681,
    "inf_f1": 0.4738544523715973,
    "perc_f1": 0.33310946822166443,
    "backg_f1": 0.129938542842865
}