{
    "loss": 1.125,
    "acc": 0.5583045482635498,
    "macro_f1": 0.43231379985809326,
    "total_f1": 0.715373694896698,
    "inf_f1": 0.4731002151966095,
    "perc_f1": 0.21921834349632263,
    "backg_f1": 0.28910955786705017
}