{
    "loss": 1.140625,
    "acc": 0.5937784314155579,
    "macro_f1": 0.3978464901447296,
    "total_f1": 0.7116110324859619,
    "inf_f1": 0.4784497022628784,
    "perc_f1": 0.019766397774219513,
    "backg_f1": 0.3071122467517853
}