{
    "loss": 1.046875,
    "acc": 0.6135221123695374,
    "macro_f1": 0.5004280209541321,
    "total_f1": 0.7536425590515137,
    "inf_f1": 0.6271271109580994,
    "perc_f1": 0.3835616409778595,
    "backg_f1": 0.199672669172287
}