{
    "loss": 0.96875,
    "acc": 0.6643373966217041,
    "macro_f1": 0.5804178714752197,
    "total_f1": 0.7518351078033447,
    "inf_f1": 0.6699088215827942,
    "perc_f1": 0.461667001247406,
    "backg_f1": 0.3805614709854126
}