{
    "loss": 1.1640625,
    "acc": 0.6416574716567993,
    "macro_f1": 0.5526177287101746,
    "total_f1": 0.7430251836776733,
    "inf_f1": 0.6430334448814392,
    "perc_f1": 0.445932537317276,
    "backg_f1": 0.3302363455295563
}