{
    "loss": 1.0078125,
    "acc": 0.5922520756721497,
    "macro_f1": 0.5265948176383972,
    "total_f1": 0.7446341514587402,
    "inf_f1": 0.6105425953865051,
    "perc_f1": 0.41302233934402466,
    "backg_f1": 0.3408867120742798
}