{
    "loss": 1.4609375,
    "acc": 0.19692784547805786,
    "macro_f1": 0.19031096994876862,
    "total_f1": 0.570024311542511,
    "inf_f1": 0.15071417391300201,
    "perc_f1": 0.16944745182991028,
    "backg_f1": 0.24353472888469696
}