{
    "loss": 1.421875,
    "acc": 0.29838982224464417,
    "macro_f1": 0.2540661096572876,
    "total_f1": 0.5496302247047424,
    "inf_f1": 0.17521902918815613,
    "perc_f1": 0.20473234355449677,
    "backg_f1": 0.2102040797472
}