{
    "loss": 0.9609375,
    "acc": 0.6047968864440918,
    "macro_f1": 0.5391716361045837,
    "total_f1": 0.7502869367599487,
    "inf_f1": 0.6261996030807495,
    "perc_f1": 0.37258273363113403,
    "backg_f1": 0.4066099226474762
}