{
    "loss": 1.03125,
    "acc": 0.6328235268592834,
    "macro_f1": 0.5610725283622742,
    "total_f1": 0.7548373341560364,
    "inf_f1": 0.6384778022766113,
    "perc_f1": 0.4301314949989319,
    "backg_f1": 0.3977389633655548
}