{
    "loss": 1.1796875,
    "acc": 0.4926227927207947,
    "macro_f1": 0.4118008315563202,
    "total_f1": 0.6803503632545471,
    "inf_f1": 0.451372891664505,
    "perc_f1": 0.2828415334224701,
    "backg_f1": 0.25285544991493225
}