{
    "loss": 1.0625,
    "acc": 0.5957690477371216,
    "macro_f1": 0.5066526532173157,
    "total_f1": 0.7485485076904297,
    "inf_f1": 0.5883812308311462,
    "perc_f1": 0.3428201675415039,
    "backg_f1": 0.3344682455062866
}