{
    "loss": 1.3359375,
    "acc": 0.5197062492370605,
    "macro_f1": 0.38708963990211487,
    "total_f1": 0.6158905029296875,
    "inf_f1": 0.25723472237586975,
    "perc_f1": 0.2766570746898651,
    "backg_f1": 0.3168931007385254
}