{
    "loss": 1.03125,
    "acc": 0.6406387090682983,
    "macro_f1": 0.5616626143455505,
    "total_f1": 0.7542607188224792,
    "inf_f1": 0.6379310488700867,
    "perc_f1": 0.4284800589084625,
    "backg_f1": 0.3916957676410675
}