{
    "loss": 1.359375,
    "acc": 0.275820255279541,
    "macro_f1": 0.2613375782966614,
    "total_f1": 0.5933108329772949,
    "inf_f1": 0.25261688232421875,
    "perc_f1": 0.24225352704524994,
    "backg_f1": 0.20955483615398407
}