{
    "loss": 1.015625,
    "acc": 0.6332951784133911,
    "macro_f1": 0.562469482421875,
    "total_f1": 0.759102463722229,
    "inf_f1": 0.6320781111717224,
    "perc_f1": 0.4194260537624359,
    "backg_f1": 0.41843318939208984
}