{
    "loss": 0.98046875,
    "acc": 0.6522940397262573,
    "macro_f1": 0.5690155625343323,
    "total_f1": 0.7612798810005188,
    "inf_f1": 0.6327931880950928,
    "perc_f1": 0.4343547224998474,
    "backg_f1": 0.4097578823566437
}