{
    "loss": 1.25,
    "acc": 0.6549888849258423,
    "macro_f1": 0.5842637419700623,
    "total_f1": 0.7586861252784729,
    "inf_f1": 0.6704739928245544,
    "perc_f1": 0.46079111099243164,
    "backg_f1": 0.4125957489013672
}