{
    "loss": 1.1953125,
    "acc": 0.6579532623291016,
    "macro_f1": 0.5828187465667725,
    "total_f1": 0.757328987121582,
    "inf_f1": 0.6733987331390381,
    "perc_f1": 0.44649872183799744,
    "backg_f1": 0.41399824619293213
}