{
    "loss": 1.0625,
    "acc": 0.624873697757721,
    "macro_f1": 0.5061551332473755,
    "total_f1": 0.7491629123687744,
    "inf_f1": 0.551790177822113,
    "perc_f1": 0.34170541167259216,
    "backg_f1": 0.3386094868183136
}