{
    "loss": 1.015625,
    "acc": 0.49194908142089844,
    "macro_f1": 0.4775947332382202,
    "total_f1": 0.6944526433944702,
    "inf_f1": 0.6274038553237915,
    "perc_f1": 0.3598260283470154,
    "backg_f1": 0.33052146434783936
}