{
    "loss": 1.0625,
    "acc": 0.6394259929656982,
    "macro_f1": 0.585819661617279,
    "total_f1": 0.7575233578681946,
    "inf_f1": 0.6745429039001465,
    "perc_f1": 0.47252026200294495,
    "backg_f1": 0.42633822560310364
}