{
    "loss": 1.328125,
    "acc": 0.3437310457229614,
    "macro_f1": 0.3037894368171692,
    "total_f1": 0.6082890033721924,
    "inf_f1": 0.3040473759174347,
    "perc_f1": 0.26156941056251526,
    "backg_f1": 0.18225419521331787
}