{
    "loss": 1.09375,
    "acc": 0.6960183382034302,
    "macro_f1": 0.5766596794128418,
    "total_f1": 0.7506877779960632,
    "inf_f1": 0.6487804651260376,
    "perc_f1": 0.457716703414917,
    "backg_f1": 0.360770583152771
}