{
    "loss": 2.078125,
    "acc": 0.7025043964385986,
    "macro_f1": 0.594326913356781,
    "total_f1": 0.7571362853050232,
    "inf_f1": 0.6698699593544006,
    "perc_f1": 0.4831903576850891,
    "backg_f1": 0.38430774211883545
}