{
    "loss": 1.375,
    "acc": 0.6844339370727539,
    "macro_f1": 0.6012732982635498,
    "total_f1": 0.7786343693733215,
    "inf_f1": 0.677568793296814,
    "perc_f1": 0.49848270416259766,
    "backg_f1": 0.4033130407333374
}