{
    "loss": 0.96484375,
    "acc": 0.6417439579963684,
    "macro_f1": 0.5579440593719482,
    "total_f1": 0.7601233720779419,
    "inf_f1": 0.6593713760375977,
    "perc_f1": 0.405491441488266,
    "backg_f1": 0.3728870749473572
}