{
    "loss": 1.4296875,
    "acc": 0.6296768188476562,
    "macro_f1": 0.5675851106643677,
    "total_f1": 0.7591560482978821,
    "inf_f1": 0.66845703125,
    "perc_f1": 0.42795389890670776,
    "backg_f1": 0.40010371804237366
}