{
    "loss": 1.375,
    "acc": 0.6371960639953613,
    "macro_f1": 0.5760601758956909,
    "total_f1": 0.763404130935669,
    "inf_f1": 0.6567332148551941,
    "perc_f1": 0.4437018036842346,
    "backg_f1": 0.42179471254348755
}