{
    "loss": 0.98046875,
    "acc": 0.6216724514961243,
    "macro_f1": 0.538645327091217,
    "total_f1": 0.7577561140060425,
    "inf_f1": 0.6281062364578247,
    "perc_f1": 0.36234551668167114,
    "backg_f1": 0.3867267370223999
}