{
    "loss": 1.8203125,
    "acc": 0.6832817792892456,
    "macro_f1": 0.5864192247390747,
    "total_f1": 0.7635762095451355,
    "inf_f1": 0.6841810941696167,
    "perc_f1": 0.4677165448665619,
    "backg_f1": 0.3660629093647003
}