{
    "loss": 1.09375,
    "acc": 0.585288941860199,
    "macro_f1": 0.5453373193740845,
    "total_f1": 0.7435703277587891,
    "inf_f1": 0.6591631770133972,
    "perc_f1": 0.412712424993515,
    "backg_f1": 0.38714972138404846
}