{
    "loss": 1.0546875,
    "acc": 0.6378024220466614,
    "macro_f1": 0.5189597010612488,
    "total_f1": 0.7490028738975525,
    "inf_f1": 0.6163392066955566,
    "perc_f1": 0.3984038233757019,
    "backg_f1": 0.253006249666214
}