{
    "loss": 2.359375,
    "acc": 0.6000134944915771,
    "macro_f1": 0.24809804558753967,
    "total_f1": 0.3192601501941681,
    "inf_f1": 0.03473389521241188,
    "perc_f1": 0.04630541801452637,
    "backg_f1": 0.13987931609153748
}