{
    "loss": 1.4375,
    "acc": 0.2884187698364258,
    "macro_f1": 0.2407735139131546,
    "total_f1": 0.5317890644073486,
    "inf_f1": 0.17642153799533844,
    "perc_f1": 0.1909988969564438,
    "backg_f1": 0.17401862144470215
}