{
    "loss": 1.3359375,
    "acc": 0.30384692549705505,
    "macro_f1": 0.2856971025466919,
    "total_f1": 0.6138441562652588,
    "inf_f1": 0.3439744710922241,
    "perc_f1": 0.2743094265460968,
    "backg_f1": 0.15191388130187988
}