{
    "loss": 1.34375,
    "acc": 0.35511690378189087,
    "macro_f1": 0.3029904365539551,
    "total_f1": 0.5908463597297668,
    "inf_f1": 0.20934826135635376,
    "perc_f1": 0.2391810119152069,
    "backg_f1": 0.28752008080482483
}