{
    "loss": 1.4296875,
    "acc": 0.2522401213645935,
    "macro_f1": 0.22923623025417328,
    "total_f1": 0.5582074522972107,
    "inf_f1": 0.16566158831119537,
    "perc_f1": 0.18933582305908203,
    "backg_f1": 0.22420866787433624
}