{
    "loss": 1.4140625,
    "acc": 0.26403018832206726,
    "macro_f1": 0.2398906648159027,
    "total_f1": 0.5624964833259583,
    "inf_f1": 0.18515343964099884,
    "perc_f1": 0.19794967770576477,
    "backg_f1": 0.2215375155210495
}