{
    "loss": 1.3671875,
    "acc": 0.3214983642101288,
    "macro_f1": 0.2856779396533966,
    "total_f1": 0.5837831497192383,
    "inf_f1": 0.24585191905498505,
    "perc_f1": 0.2327101081609726,
    "backg_f1": 0.22529511153697968
}