{
    "loss": 1.3671875,
    "acc": 0.321565717458725,
    "macro_f1": 0.28595465421676636,
    "total_f1": 0.5835630893707275,
    "inf_f1": 0.24564553797245026,
    "perc_f1": 0.23275086283683777,
    "backg_f1": 0.2270963340997696
}