{
    "loss": 1.3671875,
    "acc": 0.31543487310409546,
    "macro_f1": 0.2808215618133545,
    "total_f1": 0.581779956817627,
    "inf_f1": 0.239215686917305,
    "perc_f1": 0.22890467941761017,
    "backg_f1": 0.224401593208313
}