{
    "loss": 1.375,
    "acc": 0.3090345561504364,
    "macro_f1": 0.2744891047477722,
    "total_f1": 0.5780009627342224,
    "inf_f1": 0.22921109199523926,
    "perc_f1": 0.22468693554401398,
    "backg_f1": 0.2196277529001236
}