{
    "loss": 1.3828125,
    "acc": 0.31172943115234375,
    "macro_f1": 0.2736511528491974,
    "total_f1": 0.5739068984985352,
    "inf_f1": 0.2219788283109665,
    "perc_f1": 0.2199963629245758,
    "backg_f1": 0.21947139501571655
}