{
    "loss": 1.4609375,
    "acc": 0.1992184817790985,
    "macro_f1": 0.19343408942222595,
    "total_f1": 0.5683378577232361,
    "inf_f1": 0.15304630994796753,
    "perc_f1": 0.17512275278568268,
    "backg_f1": 0.2392180860042572
}