{
    "loss": 1.3671875,
    "acc": 0.3169844448566437,
    "macro_f1": 0.2819536626338959,
    "total_f1": 0.5828410983085632,
    "inf_f1": 0.2423810362815857,
    "perc_f1": 0.229267418384552,
    "backg_f1": 0.22286197543144226
}