{
    "loss": 1.3671875,
    "acc": 0.32210469245910645,
    "macro_f1": 0.28591668605804443,
    "total_f1": 0.5839450359344482,
    "inf_f1": 0.24592804908752441,
    "perc_f1": 0.23246565461158752,
    "backg_f1": 0.22504229843616486
}