{
    "loss": 1.390625,
    "acc": 0.29306742548942566,
    "macro_f1": 0.2603187561035156,
    "total_f1": 0.568873405456543,
    "inf_f1": 0.20702987909317017,
    "perc_f1": 0.21149595081806183,
    "backg_f1": 0.2182890921831131
}