{
    "loss": 1.3671875,
    "acc": 0.3222394287586212,
    "macro_f1": 0.2858758866786957,
    "total_f1": 0.5832011103630066,
    "inf_f1": 0.2444644421339035,
    "perc_f1": 0.2322300523519516,
    "backg_f1": 0.22634507715702057
}