{
    "loss": 1.40625,
    "acc": 0.28060364723205566,
    "macro_f1": 0.2518816590309143,
    "total_f1": 0.5656194090843201,
    "inf_f1": 0.2017892599105835,
    "perc_f1": 0.20956219732761383,
    "backg_f1": 0.21230560541152954
}