{
    "loss": 1.375,
    "acc": 0.31388533115386963,
    "macro_f1": 0.27920040488243103,
    "total_f1": 0.5810597538948059,
    "inf_f1": 0.23411491513252258,
    "perc_f1": 0.22801896929740906,
    "backg_f1": 0.2251984179019928
}