{
    "loss": 1.3828125,
    "acc": 0.2987940311431885,
    "macro_f1": 0.2662331759929657,
    "total_f1": 0.5742620229721069,
    "inf_f1": 0.21354639530181885,
    "perc_f1": 0.21748554706573486,
    "backg_f1": 0.22387096285820007
}