{
    "loss": 1.3671875,
    "acc": 0.3214309811592102,
    "macro_f1": 0.28502798080444336,
    "total_f1": 0.583196222782135,
    "inf_f1": 0.24277248978614807,
    "perc_f1": 0.23143474757671356,
    "backg_f1": 0.2259867936372757
}