{
    "loss": 1.1015625,
    "acc": 0.6824765801429749,
    "macro_f1": 0.5904768705368042,
    "total_f1": 0.7491680979728699,
    "inf_f1": 0.6771571040153503,
    "perc_f1": 0.477927565574646,
    "backg_f1": 0.39235973358154297
}