{
    "loss": 0.96875,
    "acc": 0.6693390607833862,
    "macro_f1": 0.5691578388214111,
    "total_f1": 0.755680501461029,
    "inf_f1": 0.6643243432044983,
    "perc_f1": 0.4491647779941559,
    "backg_f1": 0.348520427942276
}