{
    "loss": 1.0078125,
    "acc": 0.6365290284156799,
    "macro_f1": 0.5193816423416138,
    "total_f1": 0.7615373134613037,
    "inf_f1": 0.569767415523529,
    "perc_f1": 0.342318058013916,
    "backg_f1": 0.3637383282184601
}