{
    "loss": 0.96484375,
    "acc": 0.6743245720863342,
    "macro_f1": 0.5934842824935913,
    "total_f1": 0.7628788352012634,
    "inf_f1": 0.6692892909049988,
    "perc_f1": 0.4618181884288788,
    "backg_f1": 0.4352147579193115
}