{
    "loss": 1.015625,
    "acc": 0.630398154258728,
    "macro_f1": 0.5763708353042603,
    "total_f1": 0.7405709624290466,
    "inf_f1": 0.6803905963897705,
    "perc_f1": 0.45510026812553406,
    "backg_f1": 0.41428571939468384
}