{
    "loss": 1.15625,
    "acc": 0.6484538316726685,
    "macro_f1": 0.4354708194732666,
    "total_f1": 0.6524115204811096,
    "inf_f1": 0.5543550252914429,
    "perc_f1": 0.19322936236858368,
    "backg_f1": 0.1825421154499054
}