{
    "loss": 0.984375,
    "acc": 0.6877068877220154,
    "macro_f1": 0.5836178660392761,
    "total_f1": 0.7474045753479004,
    "inf_f1": 0.6635622978210449,
    "perc_f1": 0.4580152630805969,
    "backg_f1": 0.3824760615825653
}