{
    "loss": 1.0546875,
    "acc": 0.5103524327278137,
    "macro_f1": 0.47789472341537476,
    "total_f1": 0.6915910243988037,
    "inf_f1": 0.5943877696990967,
    "perc_f1": 0.38045212626457214,
    "backg_f1": 0.2986632287502289
}