{
    "loss": 1.1640625,
    "acc": 0.6336730122566223,
    "macro_f1": 0.5642582178115845,
    "total_f1": 0.7387540340423584,
    "inf_f1": 0.6924564838409424,
    "perc_f1": 0.39595118165016174,
    "backg_f1": 0.39044415950775146
}