{
    "loss": 1.015625,
    "acc": 0.4418770670890808,
    "macro_f1": 0.4756365418434143,
    "total_f1": 0.6553581953048706,
    "inf_f1": 0.6900302171707153,
    "perc_f1": 0.4143487811088562,
    "backg_f1": 0.33359435200691223
}