{
    "loss": 1.203125,
    "acc": 0.6474005579948425,
    "macro_f1": 0.5782918930053711,
    "total_f1": 0.7459551692008972,
    "inf_f1": 0.6807297468185425,
    "perc_f1": 0.4559110105037689,
    "backg_f1": 0.39061620831489563
}