{
    "loss": 1.0234375,
    "acc": 0.5959711670875549,
    "macro_f1": 0.5475332140922546,
    "total_f1": 0.7316077351570129,
    "inf_f1": 0.6367427110671997,
    "perc_f1": 0.40816327929496765,
    "backg_f1": 0.4262032210826874
}