{
    "loss": 1.4375,
    "acc": 0.2888230085372925,
    "macro_f1": 0.240610733628273,
    "total_f1": 0.5317954421043396,
    "inf_f1": 0.1746535301208496,
    "perc_f1": 0.1909824013710022,
    "backg_f1": 0.17364905774593353
}