{
    "loss": 1.34375,
    "acc": 0.3533652126789093,
    "macro_f1": 0.3003396689891815,
    "total_f1": 0.5896944403648376,
    "inf_f1": 0.20271186530590057,
    "perc_f1": 0.23646001517772675,
    "backg_f1": 0.2891181707382202
}