{
    "loss": 1.671875,
    "acc": 0.6477127075195312,
    "macro_f1": 0.40745338797569275,
    "total_f1": 0.5739871263504028,
    "inf_f1": 0.34975147247314453,
    "perc_f1": 0.15737409889698029,
    "backg_f1": 0.3127118647098541
}