{
    "loss": 1.28125,
    "acc": 0.3732399046421051,
    "macro_f1": 0.342437207698822,
    "total_f1": 0.6267297267913818,
    "inf_f1": 0.39198949933052063,
    "perc_f1": 0.2911718189716339,
    "backg_f1": 0.19562484323978424
}