{
    "loss": 1.1640625,
    "acc": 0.6025062203407288,
    "macro_f1": 0.5426040291786194,
    "total_f1": 0.7232365012168884,
    "inf_f1": 0.6397724151611328,
    "perc_f1": 0.41211870312690735,
    "backg_f1": 0.38136473298072815
}