{
    "loss": 1.078125,
    "acc": 0.5695614218711853,
    "macro_f1": 0.5331369042396545,
    "total_f1": 0.7108339667320251,
    "inf_f1": 0.643024742603302,
    "perc_f1": 0.4240797460079193,
    "backg_f1": 0.3769897520542145
}