{
    "loss": 1.421875,
    "acc": 0.6508520245552063,
    "macro_f1": 0.5493794679641724,
    "total_f1": 0.7591779828071594,
    "inf_f1": 0.6171797513961792,
    "perc_f1": 0.44389232993125916,
    "backg_f1": 0.32563215494155884
}