{
    "loss": 1.0859375,
    "acc": 0.686404287815094,
    "macro_f1": 0.5545141696929932,
    "total_f1": 0.7759043574333191,
    "inf_f1": 0.6256673336029053,
    "perc_f1": 0.44105470180511475,
    "backg_f1": 0.30875685811042786
}