{
    "loss": 1.0859375,
    "acc": 0.5846512317657471,
    "macro_f1": 0.4910329580307007,
    "total_f1": 0.7518137097358704,
    "inf_f1": 0.5332167744636536,
    "perc_f1": 0.2924528419971466,
    "backg_f1": 0.3893713653087616
}