{
    "loss": 1.328125,
    "acc": 0.6800907254219055,
    "macro_f1": 0.5663043260574341,
    "total_f1": 0.7622944712638855,
    "inf_f1": 0.6193404197692871,
    "perc_f1": 0.44487762451171875,
    "backg_f1": 0.3675180971622467
}