{
    "loss": 1.8828125,
    "acc": 0.6737771034240723,
    "macro_f1": 0.5719823837280273,
    "total_f1": 0.7540408372879028,
    "inf_f1": 0.6420438885688782,
    "perc_f1": 0.4459725022315979,
    "backg_f1": 0.3773333430290222
}