{
    "loss": 1.40625,
    "acc": 0.6820522546768188,
    "macro_f1": 0.5791991949081421,
    "total_f1": 0.7694202661514282,
    "inf_f1": 0.6367964148521423,
    "perc_f1": 0.42988505959510803,
    "backg_f1": 0.4191189110279083
}