{
    "loss": 1.1796875,
    "acc": 0.6547137498855591,
    "macro_f1": 0.44639867544174194,
    "total_f1": 0.6724905967712402,
    "inf_f1": 0.5678369998931885,
    "perc_f1": 0.3551938831806183,
    "backg_f1": 0.04507628455758095
}