{
    "loss": 1.078125,
    "acc": 0.5126271843910217,
    "macro_f1": 0.4885936975479126,
    "total_f1": 0.7135717272758484,
    "inf_f1": 0.5710344910621643,
    "perc_f1": 0.3811151385307312,
    "backg_f1": 0.3550295829772949
}