{
    "loss": 1.0078125,
    "acc": 0.640470564365387,
    "macro_f1": 0.5496923327445984,
    "total_f1": 0.763561487197876,
    "inf_f1": 0.6579015254974365,
    "perc_f1": 0.43045294284820557,
    "backg_f1": 0.3091202676296234
}