{
    "loss": 1.03125,
    "acc": 0.5884422063827515,
    "macro_f1": 0.5078824758529663,
    "total_f1": 0.7599976062774658,
    "inf_f1": 0.5485539436340332,
    "perc_f1": 0.3630928695201874,
    "backg_f1": 0.36246055364608765
}