{
    "loss": 0.99609375,
    "acc": 0.6096658706665039,
    "macro_f1": 0.5224348306655884,
    "total_f1": 0.753013551235199,
    "inf_f1": 0.5675084590911865,
    "perc_f1": 0.3603925108909607,
    "backg_f1": 0.3925175368785858
}