{
    "loss": 1.3671875,
    "acc": 0.1412285417318344,
    "macro_f1": 0.07685521990060806,
    "total_f1": 0.591098427772522,
    "inf_f1": 0.21275877952575684,
    "perc_f1": 0.010943912900984287,
    "backg_f1": 0.0
}