{
    "loss": 1.109375,
    "acc": 0.5843793749809265,
    "macro_f1": 0.3946227431297302,
    "total_f1": 0.7183294296264648,
    "inf_f1": 0.46769917011260986,
    "perc_f1": 0.0662674680352211,
    "backg_f1": 0.26318010687828064
}