{
    "loss": 1.140625,
    "acc": 0.5864410996437073,
    "macro_f1": 0.4190114140510559,
    "total_f1": 0.7172472476959229,
    "inf_f1": 0.3817427456378937,
    "perc_f1": 0.36708536744117737,
    "backg_f1": 0.13671875
}