{
    "loss": 0.65625,
    "acc": 0.7866184711456299,
    "total_f1": 0.7383592128753662
}