{
    "loss": 0.45703125,
    "acc": 0.7902351021766663,
    "total_f1": 0.7333333492279053
}