{
    "loss": 0.48046875,
    "acc": 0.7721518874168396,
    "total_f1": 0.7136363387107849
}