{
    "loss": 0.64453125,
    "acc": 0.7893308997154236,
    "total_f1": 0.7431091666221619
}