{
    "loss": 0.59375,
    "acc": 0.7820976376533508,
    "total_f1": 0.7394594550132751
}