{
    "loss": 0.4609375,
    "acc": 0.7594936490058899,
    "total_f1": 0.7246376872062683
}