{
    "loss": 0.55859375,
    "acc": 0.7811934947967529,
    "total_f1": 0.7334801554679871
}