{
    "loss": 0.546875,
    "acc": 0.775768518447876,
    "total_f1": 0.7367303371429443
}