{
    "loss": 0.67578125,
    "acc": 0.7857142686843872,
    "total_f1": 0.736958920955658
}