{
    "loss": 1.1328125,
    "acc": 0.5729185342788696,
    "macro_f1": 0.4796058237552643,
    "total_f1": 0.7211239337921143,
    "inf_f1": 0.5861104130744934,
    "perc_f1": 0.21304649114608765,
    "backg_f1": 0.38477298617362976
}