{
    "loss": 1.1328125,
    "acc": 0.5422351360321045,
    "macro_f1": 0.47658324241638184,
    "total_f1": 0.7141224145889282,
    "inf_f1": 0.5816037654876709,
    "perc_f1": 0.3102816343307495,
    "backg_f1": 0.3047977387905121
}