{
    "loss": 1.109375,
    "acc": 0.5276211500167847,
    "macro_f1": 0.4607318937778473,
    "total_f1": 0.7262608408927917,
    "inf_f1": 0.5136422514915466,
    "perc_f1": 0.2939382493495941,
    "backg_f1": 0.3354995846748352
}