{
    "loss": 1.234375,
    "acc": 0.5598205327987671,
    "macro_f1": 0.4743780195713043,
    "total_f1": 0.7058150768280029,
    "inf_f1": 0.5640130043029785,
    "perc_f1": 0.2844080924987793,
    "backg_f1": 0.3174854815006256
}