{
    "loss": 1.1796875,
    "acc": 0.6170638799667358,
    "macro_f1": 0.39555156230926514,
    "total_f1": 0.6789743304252625,
    "inf_f1": 0.4990612864494324,
    "perc_f1": 0.036705080419778824,
    "backg_f1": 0.24681422114372253
}