{
    "loss": 1.1484375,
    "acc": 0.5347158908843994,
    "macro_f1": 0.43225979804992676,
    "total_f1": 0.7204228639602661,
    "inf_f1": 0.47401171922683716,
    "perc_f1": 0.2876712381839752,
    "backg_f1": 0.2395721971988678
}