{
    "loss": 1.1328125,
    "acc": 0.5341095328330994,
    "macro_f1": 0.45470118522644043,
    "total_f1": 0.7118523120880127,
    "inf_f1": 0.5174368023872375,
    "perc_f1": 0.2507886290550232,
    "backg_f1": 0.3493689000606537
}