{
    "loss": 1.0625,
    "acc": 0.677019476890564,
    "macro_f1": 0.5740892887115479,
    "total_f1": 0.7567912340164185,
    "inf_f1": 0.6565400958061218,
    "perc_f1": 0.46788787841796875,
    "backg_f1": 0.3501231372356415
}