{
    "loss": 1.03125,
    "acc": 0.6025736331939697,
    "macro_f1": 0.5033096075057983,
    "total_f1": 0.7476806044578552,
    "inf_f1": 0.5563594698905945,
    "perc_f1": 0.3418222963809967,
    "backg_f1": 0.347298800945282
}