{
    "loss": 1.09375,
    "acc": 0.6410428881645203,
    "macro_f1": 0.5799522399902344,
    "total_f1": 0.7542937397956848,
    "inf_f1": 0.6625962257385254,
    "perc_f1": 0.4536725878715515,
    "backg_f1": 0.4308275282382965
}