{
    "loss": 1.328125,
    "acc": 0.6644883155822754,
    "macro_f1": 0.586010217666626,
    "total_f1": 0.762499988079071,
    "inf_f1": 0.6725810766220093,
    "perc_f1": 0.4403443932533264,
    "backg_f1": 0.4275946021080017
}