{
    "loss": 1.296875,
    "acc": 0.44337397813796997,
    "macro_f1": 0.337350070476532,
    "total_f1": 0.6278117299079895,
    "inf_f1": 0.3485086262226105,
    "perc_f1": 0.2695576846599579,
    "backg_f1": 0.10603829473257065
}