{
    "loss": 1.2109375,
    "acc": 0.6522266268730164,
    "macro_f1": 0.5795964598655701,
    "total_f1": 0.7552579641342163,
    "inf_f1": 0.6553821563720703,
    "perc_f1": 0.4769124686717987,
    "backg_f1": 0.39700374007225037
}