{
    "loss": 1.1953125,
    "acc": 0.698174238204956,
    "macro_f1": 0.5912097096443176,
    "total_f1": 0.7674533128738403,
    "inf_f1": 0.6666666865348816,
    "perc_f1": 0.47914546728134155,
    "backg_f1": 0.3813651204109192
}