{
    "loss": 1.0,
    "acc": 0.5651148557662964,
    "macro_f1": 0.5265707969665527,
    "total_f1": 0.7282733917236328,
    "inf_f1": 0.6542105078697205,
    "perc_f1": 0.3850114345550537,
    "backg_f1": 0.36905255913734436
}