{
    "loss": 1.09375,
    "acc": 0.6274864673614502,
    "macro_f1": 0.47667860984802246,
    "total_f1": 0.6962810158729553,
    "inf_f1": 0.7759815454483032,
    "perc_f1": 0.20749279856681824,
    "backg_f1": 0.1595744639635086
}