{
    "loss": 1.0546875,
    "acc": 0.6781193614006042,
    "macro_f1": 0.44812408089637756,
    "total_f1": 0.6731234788894653,
    "inf_f1": 0.774193525314331,
    "perc_f1": 0.17283950746059418,
    "backg_f1": 0.04026845470070839
}