{
    "loss": 1.1796875,
    "acc": 0.6139240264892578,
    "macro_f1": 0.4665157198905945,
    "total_f1": 0.684684693813324,
    "inf_f1": 0.7553648352622986,
    "perc_f1": 0.10576923191547394,
    "backg_f1": 0.26461538672447205
}