{
    "loss": 1.0703125,
    "acc": 0.6283906102180481,
    "macro_f1": 0.4817579984664917,
    "total_f1": 0.6900826692581177,
    "inf_f1": 0.7731481194496155,
    "perc_f1": 0.1587301641702652,
    "backg_f1": 0.23631124198436737
}