{
    "loss": 1.203125,
    "acc": 0.6103073954582214,
    "macro_f1": 0.46178412437438965,
    "total_f1": 0.6935960650444031,
    "inf_f1": 0.7204724550247192,
    "perc_f1": 0.1660079061985016,
    "backg_f1": 0.22047244012355804
}