{
    "loss": 1.0703125,
    "acc": 0.5542495250701904,
    "macro_f1": 0.4674323797225952,
    "total_f1": 0.6933575868606567,
    "inf_f1": 0.7241379022598267,
    "perc_f1": 0.21118012070655823,
    "backg_f1": 0.23719675838947296
}