{
    "loss": 1.3828125,
    "acc": 0.6482821106910706,
    "macro_f1": 0.29885295033454895,
    "total_f1": 0.25818881392478943,
    "inf_f1": 0.42281877994537354,
    "perc_f1": 0.0,
    "backg_f1": 0.0
}