{
    "loss": 1.09375,
    "acc": 0.6193490028381348,
    "macro_f1": 0.45398372411727905,
    "total_f1": 0.717587947845459,
    "inf_f1": 0.7368420958518982,
    "perc_f1": 0.05128205195069313,
    "backg_f1": 0.2587064802646637
}