{
    "loss": 1.5234375,
    "acc": 0.7094253301620483,
    "macro_f1": 0.5936450362205505,
    "total_f1": 0.7464467287063599,
    "inf_f1": 0.6979384422302246,
    "perc_f1": 0.4484046995639801,
    "backg_f1": 0.38626420497894287
}