{
    "loss": 1.0078125,
    "acc": 0.6576837301254272,
    "macro_f1": 0.5355580449104309,
    "total_f1": 0.7599006295204163,
    "inf_f1": 0.5766069293022156,
    "perc_f1": 0.3600122630596161,
    "backg_f1": 0.3895730674266815
}