{
    "loss": 1.1015625,
    "acc": 0.6758741736412048,
    "macro_f1": 0.5958902835845947,
    "total_f1": 0.7555657625198364,
    "inf_f1": 0.6664677858352661,
    "perc_f1": 0.47087642550468445,
    "backg_f1": 0.437333345413208
}