{
    "loss": 1.1015625,
    "acc": 0.6714276075363159,
    "macro_f1": 0.5039374232292175,
    "total_f1": 0.6820508241653442,
    "inf_f1": 0.62321537733078,
    "perc_f1": 0.4235142767429352,
    "backg_f1": 0.14944134652614594
}