{
    "loss": 1.0234375,
    "acc": 0.6779626607894897,
    "macro_f1": 0.5799537301063538,
    "total_f1": 0.7439162135124207,
    "inf_f1": 0.657245934009552,
    "perc_f1": 0.45235973596572876,
    "backg_f1": 0.39416375756263733
}