{
    "loss": 1.203125,
    "acc": 0.6659030914306641,
    "macro_f1": 0.5861539840698242,
    "total_f1": 0.7480487823486328,
    "inf_f1": 0.6890666484832764,
    "perc_f1": 0.48737993836402893,
    "backg_f1": 0.36981892585754395
}