{
    "loss": 0.61328125,
    "acc": 0.6790235042572021,
    "total_f1": 0.6094609498977661
}