{
    "loss": 0.578125,
    "acc": 0.775768518447876,
    "total_f1": 0.7316017150878906
}