{
    "loss": 0.60546875,
    "acc": 0.7911392450332642,
    "total_f1": 0.7377979755401611
}