{
    "loss": 0.439453125,
    "acc": 0.8019891381263733,
    "total_f1": 0.7351874113082886
}