{
    "loss": 0.63671875,
    "acc": 0.7857142686843872,
    "total_f1": 0.7386990189552307
}