{
    "loss": 0.6171875,
    "acc": 0.7793851494789124,
    "total_f1": 0.7294900417327881
}