{
    "loss": 0.45703125,
    "acc": 0.7811934947967529,
    "total_f1": 0.7352297306060791
}