{
    "loss": 0.65234375,
    "acc": 0.7830017805099487,
    "total_f1": 0.7339246273040771
}