{
    "loss": 0.6171875,
    "acc": 0.7839059829711914,
    "total_f1": 0.7353267073631287
}