{
    "loss": 0.455078125,
    "acc": 0.8019891381263733,
    "total_f1": 0.7265917658805847
}