{
    "loss": 1.2265625,
    "acc": 0.635680079460144,
    "macro_f1": 0.4274325966835022,
    "total_f1": 0.6999754905700684,
    "inf_f1": 0.3196754455566406,
    "perc_f1": 0.39917367696762085,
    "backg_f1": 0.16767501831054688
}