{
    "loss": 1.0546875,
    "acc": 0.6139106154441833,
    "macro_f1": 0.45288747549057007,
    "total_f1": 0.7342622876167297,
    "inf_f1": 0.5016621351242065,
    "perc_f1": 0.22017745673656464,
    "backg_f1": 0.29264068603515625
}