{
    "loss": 1.078125,
    "acc": 0.5553938746452332,
    "macro_f1": 0.49942252039909363,
    "total_f1": 0.7207639813423157,
    "inf_f1": 0.5444015264511108,
    "perc_f1": 0.3679863214492798,
    "backg_f1": 0.384786993265152
}