{
    "loss": 1.4375,
    "acc": 0.3457643687725067,
    "macro_f1": 0.2165667712688446,
    "total_f1": 0.5384795665740967,
    "inf_f1": 0.10976479202508926,
    "perc_f1": 0.0,
    "backg_f1": 0.25028911232948303
}