{
    "loss": 1.15625,
    "acc": 0.4109514355659485,
    "macro_f1": 0.40944746136665344,
    "total_f1": 0.6794490218162537,
    "inf_f1": 0.5108887553215027,
    "perc_f1": 0.31128954887390137,
    "backg_f1": 0.2982522249221802
}