{
    "loss": 1.0,
    "acc": 0.6500033736228943,
    "macro_f1": 0.5291427373886108,
    "total_f1": 0.7734615802764893,
    "inf_f1": 0.5847189426422119,
    "perc_f1": 0.34764963388442993,
    "backg_f1": 0.3683018982410431
}