{
    "loss": 0.98046875,
    "acc": 0.6654314994812012,
    "macro_f1": 0.5613958239555359,
    "total_f1": 0.7675750851631165,
    "inf_f1": 0.6430939435958862,
    "perc_f1": 0.44590163230895996,
    "backg_f1": 0.33559781312942505
}