{
    "loss": 1.1640625,
    "acc": 0.6389544010162354,
    "macro_f1": 0.4391167461872101,
    "total_f1": 0.6544365286827087,
    "inf_f1": 0.5372051000595093,
    "perc_f1": 0.23423422873020172,
    "backg_f1": 0.1793229579925537
}