{
    "loss": 0.9921875,
    "acc": 0.6566057801246643,
    "macro_f1": 0.5791113972663879,
    "total_f1": 0.7604685425758362,
    "inf_f1": 0.6616966724395752,
    "perc_f1": 0.4464150071144104,
    "backg_f1": 0.41250213980674744
}