{
    "loss": 1.0546875,
    "acc": 0.6155763864517212,
    "macro_f1": 0.5580083131790161,
    "total_f1": 0.7342914938926697,
    "inf_f1": 0.6614866852760315,
    "perc_f1": 0.453744500875473,
    "backg_f1": 0.36721092462539673
}