{
    "loss": 1.140625,
    "acc": 0.6823418736457825,
    "macro_f1": 0.5787336230278015,
    "total_f1": 0.7568866014480591,
    "inf_f1": 0.6620477437973022,
    "perc_f1": 0.4814249277114868,
    "backg_f1": 0.34799399971961975
}