{
    "loss": 1.0,
    "acc": 0.6374048590660095,
    "macro_f1": 0.518204927444458,
    "total_f1": 0.769390344619751,
    "inf_f1": 0.5634235143661499,
    "perc_f1": 0.34892788529396057,
    "backg_f1": 0.35278311371803284
}