{
    "loss": 1.1640625,
    "acc": 0.6592333316802979,
    "macro_f1": 0.5835971236228943,
    "total_f1": 0.7511184215545654,
    "inf_f1": 0.6882873177528381,
    "perc_f1": 0.45223763585090637,
    "backg_f1": 0.3989761173725128
}