{
    "loss": 0.9765625,
    "acc": 0.6661726236343384,
    "macro_f1": 0.5886238813400269,
    "total_f1": 0.7608129382133484,
    "inf_f1": 0.6728715896606445,
    "perc_f1": 0.45130279660224915,
    "backg_f1": 0.4280075430870056
}