{
    "loss": 1.125,
    "acc": 0.6423903703689575,
    "macro_f1": 0.5687214732170105,
    "total_f1": 0.7433822154998779,
    "inf_f1": 0.6684128046035767,
    "perc_f1": 0.4434087872505188,
    "backg_f1": 0.38337352871894836
}