{
    "loss": 1.09375,
    "acc": 0.6883379220962524,
    "macro_f1": 0.5901009440422058,
    "total_f1": 0.7603160738945007,
    "inf_f1": 0.6751493215560913,
    "perc_f1": 0.47405028343200684,
    "backg_f1": 0.3862348198890686
}