{
    "loss": 1.1640625,
    "acc": 0.6326214671134949,
    "macro_f1": 0.43330875039100647,
    "total_f1": 0.6504080295562744,
    "inf_f1": 0.5357462167739868,
    "perc_f1": 0.24265645444393158,
    "backg_f1": 0.1542821228504181
}