{
    "loss": 1.046875,
    "acc": 0.623189389705658,
    "macro_f1": 0.562643826007843,
    "total_f1": 0.7445467710494995,
    "inf_f1": 0.664818525314331,
    "perc_f1": 0.4365372061729431,
    "backg_f1": 0.39120054244995117
}