{
    "loss": 0.95703125,
    "acc": 0.6593680381774902,
    "macro_f1": 0.5655509233474731,
    "total_f1": 0.7601004242897034,
    "inf_f1": 0.652701199054718,
    "perc_f1": 0.4377559423446655,
    "backg_f1": 0.3623407483100891
}