{
    "loss": 0.65625,
    "acc": 0.4104882478713989,
    "total_f1": 0.5788113474845886
}