{
    "loss": 0.6328125,
    "acc": 0.6383363604545593,
    "total_f1": 0.5824634432792664
}