{
    "loss": 0.58203125,
    "acc": 0.7793851494789124,
    "total_f1": 0.6702702641487122
}