{
    "loss": 0.828125,
    "acc": 0.7549728751182556,
    "total_f1": 0.690991997718811
}