{
    "loss": 0.56640625,
    "acc": 0.7558770179748535,
    "total_f1": 0.6986607313156128
}