{
    "loss": 0.59375,
    "acc": 0.7730560302734375,
    "total_f1": 0.6786171793937683
}