{
    "loss": 0.6171875,
    "acc": 0.764014482498169,
    "total_f1": 0.701714277267456
}