{
    "loss": 0.53515625,
    "acc": 0.758589506149292,
    "total_f1": 0.6898954510688782
}