{
    "loss": 1.09375,
    "acc": 0.39452940225601196,
    "macro_f1": 0.41067177057266235,
    "total_f1": 0.6556025743484497,
    "inf_f1": 0.633960485458374,
    "perc_f1": 0.3007800281047821,
    "backg_f1": 0.27249133586883545
}