{
    "loss": 1.1015625,
    "acc": 0.6590312123298645,
    "macro_f1": 0.5734220743179321,
    "total_f1": 0.762669026851654,
    "inf_f1": 0.6427615880966187,
    "perc_f1": 0.4196721315383911,
    "backg_f1": 0.42807504534721375
}