{
    "loss": 1.3515625,
    "acc": 0.31428956985473633,
    "macro_f1": 0.28234726190567017,
    "total_f1": 0.5981244444847107,
    "inf_f1": 0.2674168348312378,
    "perc_f1": 0.2444547861814499,
    "backg_f1": 0.19367747008800507
}