{
    "loss": 1.09375,
    "acc": 0.5961059331893921,
    "macro_f1": 0.47225767374038696,
    "total_f1": 0.731433629989624,
    "inf_f1": 0.5243762135505676,
    "perc_f1": 0.29116570949554443,
    "backg_f1": 0.2988913655281067
}