{
    "loss": 1.015625,
    "acc": 0.6207640171051025,
    "macro_f1": 0.5646313428878784,
    "total_f1": 0.7551447153091431,
    "inf_f1": 0.6502278447151184,
    "perc_f1": 0.41350001096725464,
    "backg_f1": 0.4389280676841736
}