{
    "loss": 1.015625,
    "acc": 0.6966246962547302,
    "macro_f1": 0.58935546875,
    "total_f1": 0.7658909559249878,
    "inf_f1": 0.6610902547836304,
    "perc_f1": 0.4520333707332611,
    "backg_f1": 0.40675175189971924
}