{
    "loss": 1.25,
    "acc": 0.6323184967041016,
    "macro_f1": 0.5475952625274658,
    "total_f1": 0.7277798056602478,
    "inf_f1": 0.6831421256065369,
    "perc_f1": 0.3135780096054077,
    "backg_f1": 0.4131966829299927
}