{
    "loss": 1.5859375,
    "acc": 0.6696113348007202,
    "macro_f1": 0.5617160797119141,
    "total_f1": 0.6997628808021545,
    "inf_f1": 0.7034352421760559,
    "perc_f1": 0.38963228464126587,
    "backg_f1": 0.34377726912498474
}