{
    "loss": 0.9921875,
    "acc": 0.6630598902702332,
    "macro_f1": 0.5665122270584106,
    "total_f1": 0.7210903763771057,
    "inf_f1": 0.6916230916976929,
    "perc_f1": 0.4040044844150543,
    "backg_f1": 0.36685454845428467
}