{
    "loss": 0.96484375,
    "acc": 0.6313105821609497,
    "macro_f1": 0.5591912269592285,
    "total_f1": 0.7349405288696289,
    "inf_f1": 0.695716917514801,
    "perc_f1": 0.342132568359375,
    "backg_f1": 0.4302610158920288
}