{
    "loss": 1.265625,
    "acc": 0.2692911922931671,
    "macro_f1": 0.26985496282577515,
    "total_f1": 0.6068302392959595,
    "inf_f1": 0.48733413219451904,
    "perc_f1": 0.08530259132385254,
    "backg_f1": 0.3133776783943176
}