{
    "loss": 1.6015625,
    "acc": 0.7229373455047607,
    "macro_f1": 0.6138094663619995,
    "total_f1": 0.783191978931427,
    "inf_f1": 0.682523250579834,
    "perc_f1": 0.5154483914375305,
    "backg_f1": 0.4003124535083771
}