{
    "loss": 1.09375,
    "acc": 0.6059212684631348,
    "macro_f1": 0.500892162322998,
    "total_f1": 0.7495648860931396,
    "inf_f1": 0.5929865837097168,
    "perc_f1": 0.2744964063167572,
    "backg_f1": 0.36307936906814575
}