{
    "loss": 1.1484375,
    "acc": 0.6805810928344727,
    "macro_f1": 0.548460066318512,
    "total_f1": 0.7531814575195312,
    "inf_f1": 0.6163793206214905,
    "perc_f1": 0.446223646402359,
    "backg_f1": 0.29729729890823364
}