{
    "loss": 1.484375,
    "acc": 0.7237342000007629,
    "macro_f1": 0.6022586822509766,
    "total_f1": 0.772475004196167,
    "inf_f1": 0.6838085651397705,
    "perc_f1": 0.5074626803398132,
    "backg_f1": 0.3611632287502289
}