{
    "loss": 1.078125,
    "acc": 0.5288096070289612,
    "macro_f1": 0.4925241768360138,
    "total_f1": 0.7256356477737427,
    "inf_f1": 0.5431309938430786,
    "perc_f1": 0.4187604784965515,
    "backg_f1": 0.3318740427494049
}