{
    "loss": 1.2734375,
    "acc": 0.7006252408027649,
    "macro_f1": 0.614546000957489,
    "total_f1": 0.7801671624183655,
    "inf_f1": 0.6714163422584534,
    "perc_f1": 0.4916943609714508,
    "backg_f1": 0.4602281451225281
}