{
    "loss": 1.203125,
    "acc": 0.6546524167060852,
    "macro_f1": 0.43348246812820435,
    "total_f1": 0.6796033382415771,
    "inf_f1": 0.5797926187515259,
    "perc_f1": 0.3252681493759155,
    "backg_f1": 0.00794223789125681
}