{
    "loss": 1.03125,
    "acc": 0.6367985010147095,
    "macro_f1": 0.5656752586364746,
    "total_f1": 0.7565266489982605,
    "inf_f1": 0.6456900835037231,
    "perc_f1": 0.4373699426651001,
    "backg_f1": 0.39978212118148804
}