{
    "loss": 1.3515625,
    "acc": 0.33160412311553955,
    "macro_f1": 0.2934049069881439,
    "total_f1": 0.5921327471733093,
    "inf_f1": 0.23917722702026367,
    "perc_f1": 0.21950571238994598,
    "backg_f1": 0.27959534525871277
}