{
    "loss": 1.0234375,
    "acc": 0.6379438042640686,
    "macro_f1": 0.5663313269615173,
    "total_f1": 0.760587215423584,
    "inf_f1": 0.6432211995124817,
    "perc_f1": 0.4347052276134491,
    "backg_f1": 0.40598365664482117
}