{
    "loss": 1.0,
    "acc": 0.6500707268714905,
    "macro_f1": 0.5699403285980225,
    "total_f1": 0.7672064900398254,
    "inf_f1": 0.6388181447982788,
    "perc_f1": 0.4469849765300751,
    "backg_f1": 0.3970615267753601
}