{
    "loss": 0.9921875,
    "acc": 0.612140417098999,
    "macro_f1": 0.5379883050918579,
    "total_f1": 0.7597888112068176,
    "inf_f1": 0.618610143661499,
    "perc_f1": 0.4002453088760376,
    "backg_f1": 0.36503857374191284
}