{
    "loss": 1.0078125,
    "acc": 0.6269621849060059,
    "macro_f1": 0.5597438216209412,
    "total_f1": 0.7604719996452332,
    "inf_f1": 0.6323419213294983,
    "perc_f1": 0.43438521027565,
    "backg_f1": 0.4006785452365875
}