{
    "loss": 1.265625,
    "acc": 0.36805227398872375,
    "macro_f1": 0.3388232886791229,
    "total_f1": 0.6257519721984863,
    "inf_f1": 0.3942960500717163,
    "perc_f1": 0.2796468734741211,
    "backg_f1": 0.2032085508108139
}