{
    "loss": 0.99609375,
    "acc": 0.6384828090667725,
    "macro_f1": 0.5566716194152832,
    "total_f1": 0.766804039478302,
    "inf_f1": 0.627001166343689,
    "perc_f1": 0.40954095125198364,
    "backg_f1": 0.4003673195838928
}