{
    "loss": 1.2109375,
    "acc": 0.6378764510154724,
    "macro_f1": 0.5004113912582397,
    "total_f1": 0.6965757608413696,
    "inf_f1": 0.4812760055065155,
    "perc_f1": 0.356601744890213,
    "backg_f1": 0.36307573318481445
}