{
    "loss": 1.4453125,
    "acc": 0.26820722222328186,
    "macro_f1": 0.23241326212882996,
    "total_f1": 0.541338324546814,
    "inf_f1": 0.17042852938175201,
    "perc_f1": 0.19110555946826935,
    "backg_f1": 0.18326091766357422
}