{
    "loss": 0.9921875,
    "acc": 0.6213703155517578,
    "macro_f1": 0.550828218460083,
    "total_f1": 0.7563234567642212,
    "inf_f1": 0.639652669429779,
    "perc_f1": 0.4124681353569031,
    "backg_f1": 0.3829216957092285
}