{
    "loss": 1.484375,
    "acc": 0.6684252023696899,
    "macro_f1": 0.5515589714050293,
    "total_f1": 0.7696986794471741,
    "inf_f1": 0.6144311428070068,
    "perc_f1": 0.38075682520866394,
    "backg_f1": 0.3838351368904114
}