{
    "loss": 1.0859375,
    "acc": 0.5744951963424683,
    "macro_f1": 0.4883475601673126,
    "total_f1": 0.7371779084205627,
    "inf_f1": 0.5756008625030518,
    "perc_f1": 0.39015519618988037,
    "backg_f1": 0.23489782214164734
}