{
    "loss": 0.921875,
    "acc": 0.6353768706321716,
    "macro_f1": 0.5705534219741821,
    "total_f1": 0.765336275100708,
    "inf_f1": 0.6365775465965271,
    "perc_f1": 0.43824201822280884,
    "backg_f1": 0.43491125106811523
}