{
    "loss": 0.953125,
    "acc": 0.6319204568862915,
    "macro_f1": 0.5502045750617981,
    "total_f1": 0.7606118321418762,
    "inf_f1": 0.6347959041595459,
    "perc_f1": 0.3736991584300995,
    "backg_f1": 0.4095335006713867
}