{
    "loss": 1.296875,
    "acc": 0.6835243701934814,
    "macro_f1": 0.5790383815765381,
    "total_f1": 0.7591919898986816,
    "inf_f1": 0.6683416962623596,
    "perc_f1": 0.4246648848056793,
    "backg_f1": 0.3955717086791992
}