{
    "loss": 1.4453125,
    "acc": 0.6745497584342957,
    "macro_f1": 0.5705461502075195,
    "total_f1": 0.7745063304901123,
    "inf_f1": 0.6416366100311279,
    "perc_f1": 0.4292168617248535,
    "backg_f1": 0.3824688196182251
}