{
    "loss": 1.0703125,
    "acc": 0.5958401560783386,
    "macro_f1": 0.5274006128311157,
    "total_f1": 0.7513798475265503,
    "inf_f1": 0.5878306031227112,
    "perc_f1": 0.40025466680526733,
    "backg_f1": 0.37001684308052063
}