{
    "loss": 1.1328125,
    "acc": 0.6137287020683289,
    "macro_f1": 0.4586237668991089,
    "total_f1": 0.6948100924491882,
    "inf_f1": 0.497339129447937,
    "perc_f1": 0.28871509432792664,
    "backg_f1": 0.25254935026168823
}