{
    "loss": 1.09375,
    "acc": 0.5731005072593689,
    "macro_f1": 0.45516741275787354,
    "total_f1": 0.7182306051254272,
    "inf_f1": 0.48860397934913635,
    "perc_f1": 0.2386237531900406,
    "backg_f1": 0.3421432077884674
}