{
    "loss": 1.1171875,
    "acc": 0.5701291561126709,
    "macro_f1": 0.43642881512641907,
    "total_f1": 0.7119622230529785,
    "inf_f1": 0.5085897445678711,
    "perc_f1": 0.15693052113056183,
    "backg_f1": 0.3278549015522003
}