{
    "loss": 1.109375,
    "acc": 0.5572514533996582,
    "macro_f1": 0.46743258833885193,
    "total_f1": 0.7424539923667908,
    "inf_f1": 0.6071319580078125,
    "perc_f1": 0.37277793884277344,
    "backg_f1": 0.14692482352256775
}