{
    "loss": 0.9375,
    "acc": 0.6631114482879639,
    "macro_f1": 0.5866047143936157,
    "total_f1": 0.7609068155288696,
    "inf_f1": 0.6649845838546753,
    "perc_f1": 0.47125867009162903,
    "backg_f1": 0.4038296639919281
}