{
    "loss": 1.2578125,
    "acc": 0.5695108771324158,
    "macro_f1": 0.530768632888794,
    "total_f1": 0.7042803764343262,
    "inf_f1": 0.6516317129135132,
    "perc_f1": 0.408705472946167,
    "backg_f1": 0.3607497215270996
}