{
    "loss": 1.0234375,
    "acc": 0.5702463984489441,
    "macro_f1": 0.5269527435302734,
    "total_f1": 0.7235332727432251,
    "inf_f1": 0.6391850113868713,
    "perc_f1": 0.3905743658542633,
    "backg_f1": 0.3723253905773163
}