{
    "loss": 1.28125,
    "acc": 0.3757326602935791,
    "macro_f1": 0.34468066692352295,
    "total_f1": 0.6269897222518921,
    "inf_f1": 0.39093297719955444,
    "perc_f1": 0.291940301656723,
    "backg_f1": 0.20180270075798035
}