{
    "loss": 1.6875,
    "acc": 0.6710233688354492,
    "macro_f1": 0.5764411687850952,
    "total_f1": 0.7289068698883057,
    "inf_f1": 0.6814988255500793,
    "perc_f1": 0.43531712889671326,
    "backg_f1": 0.3820728361606598
}