{
    "loss": 1.1640625,
    "acc": 0.6382806897163391,
    "macro_f1": 0.5662117004394531,
    "total_f1": 0.7206266522407532,
    "inf_f1": 0.6804469227790833,
    "perc_f1": 0.437333345413208,
    "backg_f1": 0.3770892024040222
}