{
    "loss": 1.65625,
    "acc": 0.6819376349449158,
    "macro_f1": 0.5747971534729004,
    "total_f1": 0.726780116558075,
    "inf_f1": 0.678805947303772,
    "perc_f1": 0.4575342535972595,
    "backg_f1": 0.34337976574897766
}