{
    "loss": 1.4609375,
    "acc": 0.6680589914321899,
    "macro_f1": 0.5775681734085083,
    "total_f1": 0.7296102643013,
    "inf_f1": 0.6746683716773987,
    "perc_f1": 0.4707784652709961,
    "backg_f1": 0.36000001430511475
}