{
    "loss": 1.5,
    "acc": 0.6582227349281311,
    "macro_f1": 0.4455658495426178,
    "total_f1": 0.5977059602737427,
    "inf_f1": 0.45018449425697327,
    "perc_f1": 0.16725978255271912,
    "backg_f1": 0.3542358875274658
}