{
    "loss": 1.1171875,
    "acc": 0.6124098896980286,
    "macro_f1": 0.541530966758728,
    "total_f1": 0.7340553402900696,
    "inf_f1": 0.6456257104873657,
    "perc_f1": 0.42794299125671387,
    "backg_f1": 0.3340231776237488
}