{
    "loss": 1.359375,
    "acc": 0.667048454284668,
    "macro_f1": 0.5769453048706055,
    "total_f1": 0.7403906583786011,
    "inf_f1": 0.6824561357498169,
    "perc_f1": 0.4385001063346863,
    "backg_f1": 0.3808213770389557
}