{
    "loss": 1.34375,
    "acc": 0.3566664457321167,
    "macro_f1": 0.30235564708709717,
    "total_f1": 0.5906985402107239,
    "inf_f1": 0.20528455078601837,
    "perc_f1": 0.2361692190170288,
    "backg_f1": 0.2886730134487152
}