{
    "loss": 1.5078125,
    "acc": 0.6641514301300049,
    "macro_f1": 0.5819195508956909,
    "total_f1": 0.7374824285507202,
    "inf_f1": 0.6819126605987549,
    "perc_f1": 0.4765915274620056,
    "backg_f1": 0.3687707781791687
}