{
    "loss": 0.98046875,
    "acc": 0.619820773601532,
    "macro_f1": 0.5601333379745483,
    "total_f1": 0.745384931564331,
    "inf_f1": 0.6288391351699829,
    "perc_f1": 0.4241013824939728,
    "backg_f1": 0.4348706007003784
}