{
    "loss": 1.4375,
    "acc": 0.28929463028907776,
    "macro_f1": 0.24057474732398987,
    "total_f1": 0.5313454866409302,
    "inf_f1": 0.1754562258720398,
    "perc_f1": 0.1916452944278717,
    "backg_f1": 0.17102330923080444
}