{
    "loss": 1.328125,
    "acc": 0.3425183594226837,
    "macro_f1": 0.3024791479110718,
    "total_f1": 0.6086195111274719,
    "inf_f1": 0.3018496632575989,
    "perc_f1": 0.25980260968208313,
    "backg_f1": 0.1817781627178192
}