{
    "loss": 1.0703125,
    "acc": 0.6268948316574097,
    "macro_f1": 0.5764127969741821,
    "total_f1": 0.7511640787124634,
    "inf_f1": 0.6662863492965698,
    "perc_f1": 0.4734133780002594,
    "backg_f1": 0.4069008529186249
}