{
    "loss": 1.0546875,
    "acc": 0.4585326313972473,
    "macro_f1": 0.45383763313293457,
    "total_f1": 0.6792798042297363,
    "inf_f1": 0.605478823184967,
    "perc_f1": 0.34801945090293884,
    "backg_f1": 0.32210978865623474
}