{
    "loss": 1.0859375,
    "acc": 0.5918614864349365,
    "macro_f1": 0.4853171706199646,
    "total_f1": 0.7421063780784607,
    "inf_f1": 0.5318447947502136,
    "perc_f1": 0.3324979245662689,
    "backg_f1": 0.3120344877243042
}