{
    "loss": 1.25,
    "acc": 0.6109277009963989,
    "macro_f1": 0.5655180215835571,
    "total_f1": 0.736627995967865,
    "inf_f1": 0.6717156767845154,
    "perc_f1": 0.452785462141037,
    "backg_f1": 0.39769822359085083
}