{
    "loss": 1.15625,
    "acc": 0.6968268156051636,
    "macro_f1": 0.5735957622528076,
    "total_f1": 0.7345673441886902,
    "inf_f1": 0.6540799736976624,
    "perc_f1": 0.46295806765556335,
    "backg_f1": 0.3402698338031769
}