{
    "loss": 1.2265625,
    "acc": 0.6353163123130798,
    "macro_f1": 0.5742644667625427,
    "total_f1": 0.7461221218109131,
    "inf_f1": 0.6624624729156494,
    "perc_f1": 0.45268768072128296,
    "backg_f1": 0.4101575016975403
}