{
    "loss": 0.65625,
    "acc": 0.561482846736908,
    "total_f1": 0.6053702235221863
}