{
    "loss": 0.51953125,
    "acc": 0.7622061371803284,
    "total_f1": 0.7074527144432068
}