{
    "loss": 0.6328125,
    "acc": 0.7567812204360962,
    "total_f1": 0.6967305541038513
}