{
    "loss": 0.671875,
    "acc": 0.6473779678344727,
    "total_f1": 0.5100502371788025
}