{
    "loss": 0.984375,
    "acc": 0.5942868590354919,
    "macro_f1": 0.5451225638389587,
    "total_f1": 0.7473047375679016,
    "inf_f1": 0.6553122401237488,
    "perc_f1": 0.43331727385520935,
    "backg_f1": 0.35744035243988037
}