{
    "loss": 1.3984375,
    "acc": 0.6880684494972229,
    "macro_f1": 0.5968528985977173,
    "total_f1": 0.7583127617835999,
    "inf_f1": 0.6835371255874634,
    "perc_f1": 0.4703129529953003,
    "backg_f1": 0.41034790873527527
}