{
    "loss": 1.0703125,
    "acc": 0.6834197640419006,
    "macro_f1": 0.601469874382019,
    "total_f1": 0.7693836688995361,
    "inf_f1": 0.6703681945800781,
    "perc_f1": 0.4839083254337311,
    "backg_f1": 0.43320217728614807
}