{
    "loss": 1.1796875,
    "acc": 0.6578858494758606,
    "macro_f1": 0.5952563285827637,
    "total_f1": 0.7604721188545227,
    "inf_f1": 0.689262330532074,
    "perc_f1": 0.4642565846443176,
    "backg_f1": 0.43824583292007446
}