{
    "loss": 0.9921875,
    "acc": 0.6616587042808533,
    "macro_f1": 0.5537693500518799,
    "total_f1": 0.7602068185806274,
    "inf_f1": 0.6106032729148865,
    "perc_f1": 0.41795480251312256,
    "backg_f1": 0.37224459648132324
}