{
    "loss": 1.203125,
    "acc": 0.5661928057670593,
    "macro_f1": 0.43849897384643555,
    "total_f1": 0.6745200157165527,
    "inf_f1": 0.5089073777198792,
    "perc_f1": 0.34595099091529846,
    "backg_f1": 0.15526235103607178
}