{
    "loss": 1.046875,
    "acc": 0.5839548707008362,
    "macro_f1": 0.5012282133102417,
    "total_f1": 0.7201150059700012,
    "inf_f1": 0.5879265069961548,
    "perc_f1": 0.3165273666381836,
    "backg_f1": 0.36425554752349854
}