{
    "loss": 1.1796875,
    "acc": 0.6230671405792236,
    "macro_f1": 0.5065500140190125,
    "total_f1": 0.7125268578529358,
    "inf_f1": 0.5677279829978943,
    "perc_f1": 0.3295688033103943,
    "backg_f1": 0.34013819694519043
}