{
    "loss": 1.046875,
    "acc": 0.5993572473526001,
    "macro_f1": 0.5214200019836426,
    "total_f1": 0.7256186604499817,
    "inf_f1": 0.5979899764060974,
    "perc_f1": 0.34569311141967773,
    "backg_f1": 0.3918377161026001
}