{
    "loss": 1.3359375,
    "acc": 0.595779538154602,
    "macro_f1": 0.48427945375442505,
    "total_f1": 0.7255299091339111,
    "inf_f1": 0.5415977835655212,
    "perc_f1": 0.2844774127006531,
    "backg_f1": 0.3348427712917328
}