{
    "loss": 1.1171875,
    "acc": 0.5740100741386414,
    "macro_f1": 0.40251126885414124,
    "total_f1": 0.7206423282623291,
    "inf_f1": 0.44822850823402405,
    "perc_f1": 0.0928870290517807,
    "backg_f1": 0.3003982603549957
}