{
    "loss": 1.1015625,
    "acc": 0.6129403710365295,
    "macro_f1": 0.4723689556121826,
    "total_f1": 0.7195455431938171,
    "inf_f1": 0.4858987331390381,
    "perc_f1": 0.3862684965133667,
    "backg_f1": 0.2217540144920349
}