{
    "loss": 1.0859375,
    "acc": 0.5268328189849854,
    "macro_f1": 0.4815067648887634,
    "total_f1": 0.7209302186965942,
    "inf_f1": 0.5213541388511658,
    "perc_f1": 0.3670319616794586,
    "backg_f1": 0.3614979088306427
}