{
    "loss": 1.0,
    "acc": 0.6231220364570618,
    "macro_f1": 0.56019526720047,
    "total_f1": 0.7469963431358337,
    "inf_f1": 0.6515071392059326,
    "perc_f1": 0.41903239488601685,
    "backg_f1": 0.4085485339164734
}