{
    "loss": 1.328125,
    "acc": 0.34824496507644653,
    "macro_f1": 0.30514758825302124,
    "total_f1": 0.6072902679443359,
    "inf_f1": 0.27581119537353516,
    "perc_f1": 0.20000000298023224,
    "backg_f1": 0.2858284115791321
}