{
    "loss": 1.15625,
    "acc": 0.4792831540107727,
    "macro_f1": 0.43291789293289185,
    "total_f1": 0.6675071120262146,
    "inf_f1": 0.5522152185440063,
    "perc_f1": 0.3265604078769684,
    "backg_f1": 0.234561488032341
}