{
    "loss": 1.4375,
    "acc": 0.2879471778869629,
    "macro_f1": 0.24222902953624725,
    "total_f1": 0.5421585440635681,
    "inf_f1": 0.1832655817270279,
    "perc_f1": 0.20213831961154938,
    "backg_f1": 0.16461603343486786
}