{
    "loss": 1.0234375,
    "acc": 0.6900222301483154,
    "macro_f1": 0.5840290188789368,
    "total_f1": 0.7617419362068176,
    "inf_f1": 0.6542951464653015,
    "perc_f1": 0.4151853024959564,
    "backg_f1": 0.434844434261322
}