{
    "loss": 0.96875,
    "acc": 0.6485211849212646,
    "macro_f1": 0.5811614990234375,
    "total_f1": 0.7645190954208374,
    "inf_f1": 0.65627521276474,
    "perc_f1": 0.43463414907455444,
    "backg_f1": 0.4488188922405243
}