{
    "loss": 1.125,
    "acc": 0.6617016196250916,
    "macro_f1": 0.509577751159668,
    "total_f1": 0.7135622501373291,
    "inf_f1": 0.5868533849716187,
    "perc_f1": 0.37445035576820374,
    "backg_f1": 0.25809767842292786
}