{
    "loss": 1.1328125,
    "acc": 0.5470148324966431,
    "macro_f1": 0.45649659633636475,
    "total_f1": 0.7428637742996216,
    "inf_f1": 0.5600284934043884,
    "perc_f1": 0.1909814327955246,
    "backg_f1": 0.36416056752204895
}