{
    "loss": 1.078125,
    "acc": 0.5133627653121948,
    "macro_f1": 0.487191766500473,
    "total_f1": 0.7207538485527039,
    "inf_f1": 0.6013333201408386,
    "perc_f1": 0.381140798330307,
    "backg_f1": 0.3071122467517853
}