{
    "loss": 1.140625,
    "acc": 0.5524225234985352,
    "macro_f1": 0.4519229531288147,
    "total_f1": 0.7201003432273865,
    "inf_f1": 0.4960866868495941,
    "perc_f1": 0.27475130558013916,
    "backg_f1": 0.2988130450248718
}