{
    "loss": 1.375,
    "acc": 0.1811290979385376,
    "macro_f1": 0.11986100673675537,
    "total_f1": 0.5911011695861816,
    "inf_f1": 0.01317790150642395,
    "perc_f1": 0.14516586065292358,
    "backg_f1": 0.29004183411598206
}