{
    "loss": 1.15625,
    "acc": 0.5446000695228577,
    "macro_f1": 0.4573720693588257,
    "total_f1": 0.7187883257865906,
    "inf_f1": 0.4912280738353729,
    "perc_f1": 0.28920018672943115,
    "backg_f1": 0.32409897446632385
}