{
    "loss": 1.1484375,
    "acc": 0.5413861870765686,
    "macro_f1": 0.424478143453598,
    "total_f1": 0.7163277864456177,
    "inf_f1": 0.5004464983940125,
    "perc_f1": 0.15096861124038696,
    "backg_f1": 0.32133036851882935
}