{
    "loss": 1.3828125,
    "acc": 0.45903825759887695,
    "macro_f1": 0.3173636198043823,
    "total_f1": 0.5962390899658203,
    "inf_f1": 0.22845503687858582,
    "perc_f1": 0.15740971267223358,
    "backg_f1": 0.21589139103889465
}