{
    "loss": 1.1484375,
    "acc": 0.6051785945892334,
    "macro_f1": 0.4478429853916168,
    "total_f1": 0.7022653818130493,
    "inf_f1": 0.5065951943397522,
    "perc_f1": 0.23589743673801422,
    "backg_f1": 0.25768983364105225
}