{
    "loss": 1.0625,
    "acc": 0.5995391607284546,
    "macro_f1": 0.47900381684303284,
    "total_f1": 0.7390820384025574,
    "inf_f1": 0.5104588866233826,
    "perc_f1": 0.30092060565948486,
    "backg_f1": 0.3296625316143036
}