{
    "loss": 1.0859375,
    "acc": 0.5280455946922302,
    "macro_f1": 0.470272958278656,
    "total_f1": 0.7212747931480408,
    "inf_f1": 0.533450722694397,
    "perc_f1": 0.3111724257469177,
    "backg_f1": 0.36666667461395264
}