{
    "loss": 1.0234375,
    "acc": 0.6704869270324707,
    "macro_f1": 0.5425686836242676,
    "total_f1": 0.7434982657432556,
    "inf_f1": 0.6471647024154663,
    "perc_f1": 0.3834972083568573,
    "backg_f1": 0.31642067432403564
}