{
    "loss": 0.58203125,
    "acc": 0.7649186253547668,
    "total_f1": 0.675000011920929
}