{
    "loss": 0.66015625,
    "acc": 0.5669077634811401,
    "total_f1": 0.5991631746292114
}