{
    "loss": 0.70703125,
    "acc": 0.7278481125831604,
    "total_f1": 0.6279357075691223
}