{
    "loss": 0.67578125,
    "acc": 0.6537070274353027,
    "total_f1": 0.5006518959999084
}