{
    "loss": 0.53515625,
    "acc": 0.7676311135292053,
    "total_f1": 0.6815365552902222
}