{
    "loss": 1.2421875,
    "acc": 0.6091201305389404,
    "macro_f1": 0.5515626668930054,
    "total_f1": 0.747442364692688,
    "inf_f1": 0.611575186252594,
    "perc_f1": 0.4659913182258606,
    "backg_f1": 0.37325319647789
}