{
    "loss": 1.578125,
    "acc": 0.6674549579620361,
    "macro_f1": 0.5778996348381042,
    "total_f1": 0.7642310261726379,
    "inf_f1": 0.6554356217384338,
    "perc_f1": 0.4369199872016907,
    "backg_f1": 0.40405547618865967
}