{
    "loss": 1.0546875,
    "acc": 0.644048273563385,
    "macro_f1": 0.516255259513855,
    "total_f1": 0.7388184070587158,
    "inf_f1": 0.5951821208000183,
    "perc_f1": 0.42655232548713684,
    "backg_f1": 0.23106986284255981
}