{
    "loss": 1.0,
    "acc": 0.6505366563796997,
    "macro_f1": 0.5409768223762512,
    "total_f1": 0.755789041519165,
    "inf_f1": 0.6139869093894958,
    "perc_f1": 0.388556569814682,
    "backg_f1": 0.3521820306777954
}