{
    "loss": 1.03125,
    "acc": 0.6555697321891785,
    "macro_f1": 0.5737015604972839,
    "total_f1": 0.7653149962425232,
    "inf_f1": 0.6539167165756226,
    "perc_f1": 0.4313817322254181,
    "backg_f1": 0.4045335650444031
}