{
    "loss": 1.8203125,
    "acc": 0.6771572232246399,
    "macro_f1": 0.5591868162155151,
    "total_f1": 0.7477443814277649,
    "inf_f1": 0.6506666541099548,
    "perc_f1": 0.4160084128379822,
    "backg_f1": 0.34293001890182495
}