{
    "loss": 1.46875,
    "acc": 0.696258544921875,
    "macro_f1": 0.596282958984375,
    "total_f1": 0.7670952677726746,
    "inf_f1": 0.6981183290481567,
    "perc_f1": 0.41647982597351074,
    "backg_f1": 0.4357663094997406
}