{"sentence_majo": [0.8398764887516542, 1.2355613238157042], "sentence_prio": [0.8398764887516542, 1.2355613238157042], "token_scibert": [0.8231490735757669, 1.2736367529501331], "token_mistral": [0.8240216093103353, 1.2715534792019374], "token_llama": [0.8254712353724336, 1.2681170341026524]}