{
    "loss": 1.0546875,
    "acc": 0.593539297580719,
    "macro_f1": 0.4665657579898834,
    "total_f1": 0.7507845163345337,
    "inf_f1": 0.646744430065155,
    "perc_f1": 0.36258605122566223,
    "backg_f1": 0.07687253504991531
}