{
    "loss": 1.2578125,
    "acc": 0.5627068877220154,
    "macro_f1": 0.5279697179794312,
    "total_f1": 0.7192002534866333,
    "inf_f1": 0.6398739218711853,
    "perc_f1": 0.40587881207466125,
    "backg_f1": 0.37176528573036194
}