{
    "loss": 1.046875,
    "acc": 0.5333455801010132,
    "macro_f1": 0.5052781105041504,
    "total_f1": 0.7156819105148315,
    "inf_f1": 0.6128364205360413,
    "perc_f1": 0.3883878290653229,
    "backg_f1": 0.3700934648513794
}