{
    "loss": 1.0,
    "acc": 0.6338727474212646,
    "macro_f1": 0.5534523725509644,
    "total_f1": 0.756536066532135,
    "inf_f1": 0.5636986494064331,
    "perc_f1": 0.45314010977745056,
    "backg_f1": 0.40891826152801514
}