{
    "loss": 1.140625,
    "acc": 0.6187936663627625,
    "macro_f1": 0.5694569945335388,
    "total_f1": 0.735906183719635,
    "inf_f1": 0.6443455815315247,
    "perc_f1": 0.5196506381034851,
    "backg_f1": 0.36356329917907715
}