{
    "loss": 0.96484375,
    "acc": 0.6892240047454834,
    "macro_f1": 0.5760744214057922,
    "total_f1": 0.7736729383468628,
    "inf_f1": 0.6205461621284485,
    "perc_f1": 0.43961864709854126,
    "backg_f1": 0.40400952100753784
}