{
    "loss": 1.390625,
    "acc": 0.29185473918914795,
    "macro_f1": 0.2598660886287689,
    "total_f1": 0.5693760514259338,
    "inf_f1": 0.20682378113269806,
    "perc_f1": 0.21191567182540894,
    "backg_f1": 0.21895425021648407
}