{
    "loss": 1.3671875,
    "acc": 0.3189382255077362,
    "macro_f1": 0.2838432788848877,
    "total_f1": 0.5832358002662659,
    "inf_f1": 0.2433202713727951,
    "perc_f1": 0.23173803091049194,
    "backg_f1": 0.2253044694662094
}