{
    "loss": 1.375,
    "acc": 0.3111231029033661,
    "macro_f1": 0.2770657539367676,
    "total_f1": 0.5794785022735596,
    "inf_f1": 0.23119528591632843,
    "perc_f1": 0.22646310925483704,
    "backg_f1": 0.22534745931625366
}