{
    "loss": 1.4609375,
    "acc": 0.19915111362934113,
    "macro_f1": 0.19333666563034058,
    "total_f1": 0.5688902735710144,
    "inf_f1": 0.15312093496322632,
    "perc_f1": 0.17435897886753082,
    "backg_f1": 0.24084661900997162
}