{
    "loss": 1.3671875,
    "acc": 0.31792762875556946,
    "macro_f1": 0.28277483582496643,
    "total_f1": 0.5828163623809814,
    "inf_f1": 0.2417425513267517,
    "perc_f1": 0.2315676510334015,
    "backg_f1": 0.2235034704208374
}