{
    "loss": 1.3671875,
    "acc": 0.31873610615730286,
    "macro_f1": 0.2829473316669464,
    "total_f1": 0.582634687423706,
    "inf_f1": 0.24081705510616302,
    "perc_f1": 0.23000898957252502,
    "backg_f1": 0.22466588020324707
}