{
    "loss": 1.3671875,
    "acc": 0.3153001368045807,
    "macro_f1": 0.28099724650382996,
    "total_f1": 0.5825843214988708,
    "inf_f1": 0.24035555124282837,
    "perc_f1": 0.23097486793994904,
    "backg_f1": 0.22244828939437866
}