{
    "loss": 1.3828125,
    "acc": 0.31044936180114746,
    "macro_f1": 0.2731460630893707,
    "total_f1": 0.5745394825935364,
    "inf_f1": 0.22076740860939026,
    "perc_f1": 0.21947674453258514,
    "backg_f1": 0.22177688777446747
}