{
    "loss": 1.3671875,
    "acc": 0.3181971311569214,
    "macro_f1": 0.2831518352031708,
    "total_f1": 0.5828651785850525,
    "inf_f1": 0.2429640144109726,
    "perc_f1": 0.23025724291801453,
    "backg_f1": 0.2251901924610138
}