{
    "loss": 1.375,
    "acc": 0.31880348920822144,
    "macro_f1": 0.2834915518760681,
    "total_f1": 0.5836211442947388,
    "inf_f1": 0.24376335740089417,
    "perc_f1": 0.23112867772579193,
    "backg_f1": 0.22346368432044983
}