{
    "loss": 1.3671875,
    "acc": 0.314895898103714,
    "macro_f1": 0.2804606258869171,
    "total_f1": 0.5819222331047058,
    "inf_f1": 0.23829029500484467,
    "perc_f1": 0.22849901020526886,
    "backg_f1": 0.22511689364910126
}