{
    "loss": 1.40625,
    "acc": 0.27858248353004456,
    "macro_f1": 0.2508336305618286,
    "total_f1": 0.5666208863258362,
    "inf_f1": 0.19993412494659424,
    "perc_f1": 0.20956553518772125,
    "backg_f1": 0.21377912163734436
}