{
    "loss": 1.4140625,
    "acc": 0.26362594962120056,
    "macro_f1": 0.23978742957115173,
    "total_f1": 0.5623905658721924,
    "inf_f1": 0.18524225056171417,
    "perc_f1": 0.1975354701280594,
    "backg_f1": 0.22287119925022125
}