{
    "loss": 1.3671875,
    "acc": 0.3186687231063843,
    "macro_f1": 0.28277772665023804,
    "total_f1": 0.5824536681175232,
    "inf_f1": 0.24047236144542694,
    "perc_f1": 0.2310313880443573,
    "backg_f1": 0.22316576540470123
}