{
    "loss": 1.4296875,
    "acc": 0.2513642907142639,
    "macro_f1": 0.22883060574531555,
    "total_f1": 0.5581108331680298,
    "inf_f1": 0.1672547608613968,
    "perc_f1": 0.1882837414741516,
    "backg_f1": 0.22414551675319672
}