{
    "loss": 1.390625,
    "acc": 0.29798558354377747,
    "macro_f1": 0.26587337255477905,
    "total_f1": 0.5734816789627075,
    "inf_f1": 0.2123958021402359,
    "perc_f1": 0.2174070030450821,
    "backg_f1": 0.22580644488334656
}