{
    "loss": 1.375,
    "acc": 0.3082261085510254,
    "macro_f1": 0.2739790678024292,
    "total_f1": 0.5780110955238342,
    "inf_f1": 0.22817601263523102,
    "perc_f1": 0.22487527132034302,
    "backg_f1": 0.21977277100086212
}