{
    "loss": 1.3671875,
    "acc": 0.3188708424568176,
    "macro_f1": 0.2833476662635803,
    "total_f1": 0.5830453038215637,
    "inf_f1": 0.24234876036643982,
    "perc_f1": 0.23165467381477356,
    "backg_f1": 0.22346748411655426
}