{
    "loss": 1.078125,
    "acc": 0.6730337738990784,
    "macro_f1": 0.5288432240486145,
    "total_f1": 0.7307661771774292,
    "inf_f1": 0.5909568667411804,
    "perc_f1": 0.39429718255996704,
    "backg_f1": 0.29868361353874207
}