{
    "loss": 1.078125,
    "acc": 0.5555757880210876,
    "macro_f1": 0.48074936866760254,
    "total_f1": 0.7289971113204956,
    "inf_f1": 0.5279468894004822,
    "perc_f1": 0.2984349727630615,
    "backg_f1": 0.3877294361591339
}