{
    "loss": 1.046875,
    "acc": 0.5854102373123169,
    "macro_f1": 0.48389190435409546,
    "total_f1": 0.7337300777435303,
    "inf_f1": 0.5719859600067139,
    "perc_f1": 0.2417050153017044,
    "backg_f1": 0.3666106164455414
}