{
    "loss": 0.6796875,
    "acc": 0.6473779678344727,
    "total_f1": 0.3229166567325592
}