{
    "loss": 0.6640625,
    "acc": 0.7784810066223145,
    "total_f1": 0.7161065936088562
}