{
    "loss": 0.55078125,
    "acc": 0.7486437559127808,
    "total_f1": 0.6789838075637817
}