{
    "loss": 0.8359375,
    "acc": 0.7775768637657166,
    "total_f1": 0.7105882167816162
}