{
    "loss": 1.046875,
    "acc": 0.7811934947967529,
    "total_f1": 0.7146226167678833
}