{
    "loss": 0.62890625,
    "acc": 0.764014482498169,
    "total_f1": 0.6255379915237427
}