{
    "loss": 0.625,
    "acc": 0.7649186253547668,
    "total_f1": 0.6962617039680481
}