{
    "loss": 1.359375,
    "acc": 0.27319276332855225,
    "macro_f1": 0.25917279720306396,
    "total_f1": 0.5928905606269836,
    "inf_f1": 0.2504763603210449,
    "perc_f1": 0.2415391057729721,
    "backg_f1": 0.208212211728096
}