{
    "loss": 1.3359375,
    "acc": 0.5215926766395569,
    "macro_f1": 0.3852963447570801,
    "total_f1": 0.6141635179519653,
    "inf_f1": 0.2513046860694885,
    "perc_f1": 0.27348586916923523,
    "backg_f1": 0.31605374813079834
}