{
    "loss": 0.94140625,
    "acc": 0.6282422542572021,
    "macro_f1": 0.5492143630981445,
    "total_f1": 0.7646729946136475,
    "inf_f1": 0.6329824328422546,
    "perc_f1": 0.3853851556777954,
    "backg_f1": 0.3975609838962555
}