{
    "loss": 1.421875,
    "acc": 0.2966381311416626,
    "macro_f1": 0.2530505061149597,
    "total_f1": 0.5500779747962952,
    "inf_f1": 0.17411082983016968,
    "perc_f1": 0.20554812252521515,
    "backg_f1": 0.2090878039598465
}