{
    "loss": 1.203125,
    "acc": 0.46823418140411377,
    "macro_f1": 0.40096768736839294,
    "total_f1": 0.6689922213554382,
    "inf_f1": 0.42562928795814514,
    "perc_f1": 0.2842012345790863,
    "backg_f1": 0.2689953148365021
}