{
    "loss": 1.4609375,
    "acc": 0.19611938297748566,
    "macro_f1": 0.18947625160217285,
    "total_f1": 0.570705235004425,
    "inf_f1": 0.15070746839046478,
    "perc_f1": 0.16800172626972198,
    "backg_f1": 0.24347424507141113
}