{
    "loss": 1.015625,
    "acc": 0.6350468397140503,
    "macro_f1": 0.5630546808242798,
    "total_f1": 0.7607699632644653,
    "inf_f1": 0.6532257795333862,
    "perc_f1": 0.43226519227027893,
    "backg_f1": 0.38558876514434814
}