{
    "loss": 0.9609375,
    "acc": 0.6541130542755127,
    "macro_f1": 0.5702637434005737,
    "total_f1": 0.7645156383514404,
    "inf_f1": 0.6559139490127563,
    "perc_f1": 0.4345867931842804,
    "backg_f1": 0.38980793952941895
}