{
    "loss": 1.015625,
    "acc": 0.6390217542648315,
    "macro_f1": 0.5708574056625366,
    "total_f1": 0.7670674324035645,
    "inf_f1": 0.6418116688728333,
    "perc_f1": 0.4465603530406952,
    "backg_f1": 0.40931105613708496
}