{
    "loss": 1.046875,
    "acc": 0.5847200751304626,
    "macro_f1": 0.5076195597648621,
    "total_f1": 0.7428648471832275,
    "inf_f1": 0.603837251663208,
    "perc_f1": 0.34592363238334656,
    "backg_f1": 0.3370915353298187
}