{
    "loss": 1.953125,
    "acc": 0.6444727182388306,
    "macro_f1": 0.5245296359062195,
    "total_f1": 0.7461691498756409,
    "inf_f1": 0.6095444560050964,
    "perc_f1": 0.3890010118484497,
    "backg_f1": 0.2890257239341736
}