{
    "loss": 1.015625,
    "acc": 0.6028136610984802,
    "macro_f1": 0.4894615411758423,
    "total_f1": 0.7525520324707031,
    "inf_f1": 0.5287994742393494,
    "perc_f1": 0.3184188902378082,
    "backg_f1": 0.3294350206851959
}