{
    "loss": 1.6328125,
    "acc": 0.6482930183410645,
    "macro_f1": 0.5356660485267639,
    "total_f1": 0.7092092633247375,
    "inf_f1": 0.6159502267837524,
    "perc_f1": 0.4552406668663025,
    "backg_f1": 0.2696378827095032
}