{
    "loss": 1.0546875,
    "acc": 0.6307682991027832,
    "macro_f1": 0.5212258100509644,
    "total_f1": 0.7472421526908875,
    "inf_f1": 0.6189159154891968,
    "perc_f1": 0.4001239836215973,
    "backg_f1": 0.26426154375076294
}