{
    "loss": 1.3046875,
    "acc": 0.6603602170944214,
    "macro_f1": 0.5411221981048584,
    "total_f1": 0.7331544160842896,
    "inf_f1": 0.5995012521743774,
    "perc_f1": 0.44426876306533813,
    "backg_f1": 0.303689181804657
}