{
    "loss": 1.109375,
    "acc": 0.5764962434768677,
    "macro_f1": 0.5182341933250427,
    "total_f1": 0.7284872531890869,
    "inf_f1": 0.5907845497131348,
    "perc_f1": 0.42419660091400146,
    "backg_f1": 0.3286791443824768
}