{
    "loss": 1.0,
    "acc": 0.6013582944869995,
    "macro_f1": 0.5300502777099609,
    "total_f1": 0.7600266933441162,
    "inf_f1": 0.609843373298645,
    "perc_f1": 0.3587804436683655,
    "backg_f1": 0.39125964045524597
}