{
    "loss": 1.7734375,
    "acc": 0.6619467735290527,
    "macro_f1": 0.583848774433136,
    "total_f1": 0.73199462890625,
    "inf_f1": 0.7165631055831909,
    "perc_f1": 0.4689748287200928,
    "backg_f1": 0.35363391041755676
}