{
    "loss": 1.21875,
    "acc": 0.6783130764961243,
    "macro_f1": 0.46909815073013306,
    "total_f1": 0.6728102564811707,
    "inf_f1": 0.6433292627334595,
    "perc_f1": 0.38853949308395386,
    "backg_f1": 0.015005359426140785
}