{
    "loss": 1.8359375,
    "acc": 0.6700379848480225,
    "macro_f1": 0.5702605843544006,
    "total_f1": 0.7328908443450928,
    "inf_f1": 0.7086446285247803,
    "perc_f1": 0.4716905951499939,
    "backg_f1": 0.2906588912010193
}