{
    "loss": 1.265625,
    "acc": 0.6715091466903687,
    "macro_f1": 0.5651286840438843,
    "total_f1": 0.7254813313484192,
    "inf_f1": 0.6587677597999573,
    "perc_f1": 0.49945804476737976,
    "backg_f1": 0.29109519720077515
}