{
    "loss": 1.9140625,
    "acc": 0.6802746057510376,
    "macro_f1": 0.568932294845581,
    "total_f1": 0.7335366010665894,
    "inf_f1": 0.7129272818565369,
    "perc_f1": 0.45909592509269714,
    "backg_f1": 0.2829143702983856
}