{
    "loss": 1.0234375,
    "acc": 0.5305259227752686,
    "macro_f1": 0.5104643702507019,
    "total_f1": 0.7293179035186768,
    "inf_f1": 0.6387596726417542,
    "perc_f1": 0.4141486883163452,
    "backg_f1": 0.323974072933197
}