{
    "loss": 1.6875,
    "acc": 0.668383002281189,
    "macro_f1": 0.5719015002250671,
    "total_f1": 0.7380236387252808,
    "inf_f1": 0.6689695119857788,
    "perc_f1": 0.48804616928100586,
    "backg_f1": 0.3185673952102661
}