{
    "loss": 1.1015625,
    "acc": 0.5600098371505737,
    "macro_f1": 0.4584111273288727,
    "total_f1": 0.7463668584823608,
    "inf_f1": 0.5320102572441101,
    "perc_f1": 0.2251705825328827,
    "backg_f1": 0.3430759310722351
}