{
    "loss": 1.4296875,
    "acc": 0.6593723297119141,
    "macro_f1": 0.5627460479736328,
    "total_f1": 0.7392149567604065,
    "inf_f1": 0.6878364086151123,
    "perc_f1": 0.4563010036945343,
    "backg_f1": 0.3000388741493225
}