{
    "loss": 1.0546875,
    "acc": 0.6646438837051392,
    "macro_f1": 0.559123694896698,
    "total_f1": 0.7362017035484314,
    "inf_f1": 0.6658104062080383,
    "perc_f1": 0.46796315908432007,
    "backg_f1": 0.29229187965393066
}