{
    "loss": 1.3203125,
    "acc": 0.6592497229576111,
    "macro_f1": 0.5719420313835144,
    "total_f1": 0.7491534948348999,
    "inf_f1": 0.6715993285179138,
    "perc_f1": 0.451886385679245,
    "backg_f1": 0.35699865221977234
}