{
    "loss": 1.078125,
    "acc": 0.5450851917266846,
    "macro_f1": 0.5283887386322021,
    "total_f1": 0.7084787487983704,
    "inf_f1": 0.6653386354446411,
    "perc_f1": 0.42220598459243774,
    "backg_f1": 0.3662205636501312
}