{
    "loss": 1.0546875,
    "acc": 0.6273118853569031,
    "macro_f1": 0.5122810006141663,
    "total_f1": 0.7459259033203125,
    "inf_f1": 0.6273632049560547,
    "perc_f1": 0.38863927125930786,
    "backg_f1": 0.2335119992494583
}