{
    "loss": 1.0390625,
    "acc": 0.660420835018158,
    "macro_f1": 0.5754644274711609,
    "total_f1": 0.7782177925109863,
    "inf_f1": 0.6499162316322327,
    "perc_f1": 0.4308016896247864,
    "backg_f1": 0.4095650911331177
}