{
    "loss": 1.0078125,
    "acc": 0.5747983455657959,
    "macro_f1": 0.5158627033233643,
    "total_f1": 0.7396159768104553,
    "inf_f1": 0.631557047367096,
    "perc_f1": 0.35475578904151917,
    "backg_f1": 0.3515976071357727
}