{
    "loss": 1.4609375,
    "acc": 0.6664847731590271,
    "macro_f1": 0.5745441913604736,
    "total_f1": 0.7740148305892944,
    "inf_f1": 0.6384304165840149,
    "perc_f1": 0.44160735607147217,
    "backg_f1": 0.39410853385925293
}