{
    "loss": 0.95703125,
    "acc": 0.6589637994766235,
    "macro_f1": 0.5807151794433594,
    "total_f1": 0.7642956972122192,
    "inf_f1": 0.6522655487060547,
    "perc_f1": 0.465171754360199,
    "backg_f1": 0.40532386302948
}