{
    "loss": 0.98828125,
    "acc": 0.6306002736091614,
    "macro_f1": 0.5499898195266724,
    "total_f1": 0.7506771087646484,
    "inf_f1": 0.6139298677444458,
    "perc_f1": 0.4160545766353607,
    "backg_f1": 0.3934035897254944
}