{
    "loss": 1.109375,
    "acc": 0.6423903703689575,
    "macro_f1": 0.5780576467514038,
    "total_f1": 0.7575302124023438,
    "inf_f1": 0.6532751321792603,
    "perc_f1": 0.47835877537727356,
    "backg_f1": 0.39633306860923767
}