{
    "loss": 1.2109375,
    "acc": 0.6284443736076355,
    "macro_f1": 0.44335228204727173,
    "total_f1": 0.6660646796226501,
    "inf_f1": 0.4371451735496521,
    "perc_f1": 0.3949667811393738,
    "backg_f1": 0.13998614251613617
}