{
    "loss": 1.265625,
    "acc": 0.6441420316696167,
    "macro_f1": 0.5742751359939575,
    "total_f1": 0.7415730357170105,
    "inf_f1": 0.6684799194335938,
    "perc_f1": 0.4483948051929474,
    "backg_f1": 0.39658915996551514
}