{
    "loss": 1.5,
    "acc": 0.6700993180274963,
    "macro_f1": 0.5726173520088196,
    "total_f1": 0.7531121969223022,
    "inf_f1": 0.6475253105163574,
    "perc_f1": 0.4316239356994629,
    "backg_f1": 0.39449235796928406
}