{
    "loss": 1.7734375,
    "acc": 0.7047934532165527,
    "macro_f1": 0.589339554309845,
    "total_f1": 0.7618679404258728,
    "inf_f1": 0.6666666865348816,
    "perc_f1": 0.45619744062423706,
    "backg_f1": 0.3908868432044983
}