{
    "loss": 2.046875,
    "acc": 0.6838911175727844,
    "macro_f1": 0.5795897841453552,
    "total_f1": 0.7439519166946411,
    "inf_f1": 0.6699081659317017,
    "perc_f1": 0.4475787580013275,
    "backg_f1": 0.37728801369667053
}