{
    "loss": 1.1015625,
    "acc": 0.6536716818809509,
    "macro_f1": 0.558732271194458,
    "total_f1": 0.7526506781578064,
    "inf_f1": 0.6723735332489014,
    "perc_f1": 0.42649728059768677,
    "backg_f1": 0.32991349697113037
}