{
    "loss": 2.15625,
    "acc": 0.6932082772254944,
    "macro_f1": 0.5820890665054321,
    "total_f1": 0.7442005276679993,
    "inf_f1": 0.6430768966674805,
    "perc_f1": 0.4655214250087738,
    "backg_f1": 0.3858685791492462
}