{
    "loss": 1.3359375,
    "acc": 0.6644599437713623,
    "macro_f1": 0.5668357610702515,
    "total_f1": 0.7630237936973572,
    "inf_f1": 0.6503003239631653,
    "perc_f1": 0.4314984083175659,
    "backg_f1": 0.3665172755718231
}