{
    "loss": 1.0078125,
    "acc": 0.616893470287323,
    "macro_f1": 0.534259557723999,
    "total_f1": 0.7478880882263184,
    "inf_f1": 0.6232954263687134,
    "perc_f1": 0.40734612941741943,
    "backg_f1": 0.3249821066856384
}