{
    "loss": 1.125,
    "acc": 0.6067181825637817,
    "macro_f1": 0.43094849586486816,
    "total_f1": 0.7253317832946777,
    "inf_f1": 0.5425553321838379,
    "perc_f1": 0.3314768075942993,
    "backg_f1": 0.052703626453876495
}