{
    "loss": 1.109375,
    "acc": 0.6690572500228882,
    "macro_f1": 0.5200023055076599,
    "total_f1": 0.7719901204109192,
    "inf_f1": 0.6053876280784607,
    "perc_f1": 0.3198776841163635,
    "backg_f1": 0.3132621943950653
}