{
    "loss": 1.4375,
    "acc": 0.679643452167511,
    "macro_f1": 0.5733790397644043,
    "total_f1": 0.7459028363227844,
    "inf_f1": 0.6547648906707764,
    "perc_f1": 0.477081835269928,
    "backg_f1": 0.33876341581344604
}