{
    "loss": 1.7109375,
    "acc": 0.6726699471473694,
    "macro_f1": 0.5775973796844482,
    "total_f1": 0.7396045327186584,
    "inf_f1": 0.6582703590393066,
    "perc_f1": 0.45481929183006287,
    "backg_f1": 0.38361024856567383
}