{
    "loss": 1.1796875,
    "acc": 0.6610272526741028,
    "macro_f1": 0.593510627746582,
    "total_f1": 0.7565557956695557,
    "inf_f1": 0.680428147315979,
    "perc_f1": 0.4973224699497223,
    "backg_f1": 0.4009351134300232
}