{
    "loss": 1.015625,
    "acc": 0.6580559015274048,
    "macro_f1": 0.5479929447174072,
    "total_f1": 0.7604290843009949,
    "inf_f1": 0.6454244256019592,
    "perc_f1": 0.4279007315635681,
    "backg_f1": 0.30118829011917114
}