{
    "loss": 0.97265625,
    "acc": 0.6779455542564392,
    "macro_f1": 0.5824954509735107,
    "total_f1": 0.7848015427589417,
    "inf_f1": 0.6389448046684265,
    "perc_f1": 0.4456838071346283,
    "backg_f1": 0.41864266991615295
}