{
    "loss": 0.96484375,
    "acc": 0.6339215040206909,
    "macro_f1": 0.5549603700637817,
    "total_f1": 0.7552734613418579,
    "inf_f1": 0.636520266532898,
    "perc_f1": 0.4071773588657379,
    "backg_f1": 0.3957008719444275
}