{
    "loss": 1.03125,
    "acc": 0.6357406973838806,
    "macro_f1": 0.5787357091903687,
    "total_f1": 0.7442718744277954,
    "inf_f1": 0.6765196919441223,
    "perc_f1": 0.4674457311630249,
    "backg_f1": 0.4036349952220917
}