{
    "loss": 1.03125,
    "acc": 0.6623324155807495,
    "macro_f1": 0.5732260346412659,
    "total_f1": 0.7529465556144714,
    "inf_f1": 0.6416808366775513,
    "perc_f1": 0.43955501914024353,
    "backg_f1": 0.4058919847011566
}