{
    "loss": 1.359375,
    "acc": 0.2747423052787781,
    "macro_f1": 0.2610706686973572,
    "total_f1": 0.5948968529701233,
    "inf_f1": 0.2495875209569931,
    "perc_f1": 0.23725424706935883,
    "backg_f1": 0.2197878658771515
}