{
    "loss": 1.15625,
    "acc": 0.5341238379478455,
    "macro_f1": 0.440717875957489,
    "total_f1": 0.7003449201583862,
    "inf_f1": 0.49570852518081665,
    "perc_f1": 0.2851812243461609,
    "backg_f1": 0.27938416600227356
}