{
    "loss": 1.3203125,
    "acc": 0.6593680381774902,
    "macro_f1": 0.566558837890625,
    "total_f1": 0.7584839463233948,
    "inf_f1": 0.6471076607704163,
    "perc_f1": 0.44992294907569885,
    "backg_f1": 0.3602985739707947
}