{
    "loss": 1.0390625,
    "acc": 0.4598800837993622,
    "macro_f1": 0.4603259563446045,
    "total_f1": 0.6672809720039368,
    "inf_f1": 0.6188793778419495,
    "perc_f1": 0.3557433784008026,
    "backg_f1": 0.3354792594909668
}