{
    "loss": 1.1875,
    "acc": 0.6365963816642761,
    "macro_f1": 0.5693114995956421,
    "total_f1": 0.7524358034133911,
    "inf_f1": 0.6448814272880554,
    "perc_f1": 0.4324699342250824,
    "backg_f1": 0.42267876863479614
}