{
    "loss": 0.51171875,
    "acc": 0.7594936490058899,
    "total_f1": 0.6699751615524292
}