{
    "loss": 0.515625,
    "acc": 0.7549728751182556,
    "total_f1": 0.702524721622467
}