{
    "loss": 0.51171875,
    "acc": 0.7549728751182556,
    "total_f1": 0.6762245893478394
}