{
    "loss": 0.498046875,
    "acc": 0.7622061371803284,
    "total_f1": 0.6959537863731384
}