{
    "loss": 1.0703125,
    "acc": 0.6194287538528442,
    "macro_f1": 0.508385181427002,
    "total_f1": 0.7534673810005188,
    "inf_f1": 0.6307657361030579,
    "perc_f1": 0.37852349877357483,
    "backg_f1": 0.2316426932811737
}