{
    "loss": 1.9609375,
    "acc": 0.6716997027397156,
    "macro_f1": 0.5436750650405884,
    "total_f1": 0.7424724102020264,
    "inf_f1": 0.6307213306427002,
    "perc_f1": 0.41951218247413635,
    "backg_f1": 0.29669901728630066
}