{
    "loss": 1.3515625,
    "acc": 0.6454429626464844,
    "macro_f1": 0.5576373934745789,
    "total_f1": 0.7611516714096069,
    "inf_f1": 0.6123595237731934,
    "perc_f1": 0.45617133378982544,
    "backg_f1": 0.3563441038131714
}