{
    "loss": 1.0546875,
    "acc": 0.5190709829330444,
    "macro_f1": 0.4825577437877655,
    "total_f1": 0.7040446996688843,
    "inf_f1": 0.6101762652397156,
    "perc_f1": 0.31396713852882385,
    "backg_f1": 0.3725370764732361
}