{
    "loss": 1.6875,
    "acc": 0.6821296215057373,
    "macro_f1": 0.5619326829910278,
    "total_f1": 0.7525819540023804,
    "inf_f1": 0.6532101035118103,
    "perc_f1": 0.45491617918014526,
    "backg_f1": 0.3081058859825134
}