{
    "loss": 1.03125,
    "acc": 0.6075435280799866,
    "macro_f1": 0.5248919725418091,
    "total_f1": 0.7579637765884399,
    "inf_f1": 0.5858703851699829,
    "perc_f1": 0.36649900674819946,
    "backg_f1": 0.3799072504043579
}