{
    "loss": 1.5234375,
    "acc": 0.6365290284156799,
    "macro_f1": 0.527837872505188,
    "total_f1": 0.7593035101890564,
    "inf_f1": 0.6045373678207397,
    "perc_f1": 0.3964652419090271,
    "backg_f1": 0.3025830388069153
}