{
    "loss": 1.09375,
    "acc": 0.558061957359314,
    "macro_f1": 0.5173873901367188,
    "total_f1": 0.7305142879486084,
    "inf_f1": 0.6169131994247437,
    "perc_f1": 0.4036272466182709,
    "backg_f1": 0.3536209464073181
}