{
    "loss": 1.9921875,
    "acc": 0.6632102131843567,
    "macro_f1": 0.5524267554283142,
    "total_f1": 0.7404758334159851,
    "inf_f1": 0.6463414430618286,
    "perc_f1": 0.4151466190814972,
    "backg_f1": 0.33265870809555054
}