{
    "loss": 1.0625,
    "acc": 0.6219149827957153,
    "macro_f1": 0.5168857574462891,
    "total_f1": 0.747840166091919,
    "inf_f1": 0.5547170042991638,
    "perc_f1": 0.39647430181503296,
    "backg_f1": 0.3220106065273285
}