{
    "loss": 1.0625,
    "acc": 0.5461767315864563,
    "macro_f1": 0.48180270195007324,
    "total_f1": 0.7222222089767456,
    "inf_f1": 0.5346136689186096,
    "perc_f1": 0.31150248646736145,
    "backg_f1": 0.38412490487098694
}