{
    "loss": 1.0546875,
    "acc": 0.5998423099517822,
    "macro_f1": 0.4406431317329407,
    "total_f1": 0.736799418926239,
    "inf_f1": 0.4896824359893799,
    "perc_f1": 0.1698693335056305,
    "backg_f1": 0.31702762842178345
}