{
    "loss": 1.2578125,
    "acc": 0.6980394721031189,
    "macro_f1": 0.5472221374511719,
    "total_f1": 0.699837327003479,
    "inf_f1": 0.6626542210578918,
    "perc_f1": 0.3817829489707947,
    "backg_f1": 0.3075396716594696
}