{
    "loss": 1.515625,
    "acc": 0.7014754414558411,
    "macro_f1": 0.5971792936325073,
    "total_f1": 0.7409546375274658,
    "inf_f1": 0.6961038708686829,
    "perc_f1": 0.4642561376094818,
    "backg_f1": 0.3986342251300812
}