{
    "loss": 1.1171875,
    "acc": 0.4089469909667969,
    "macro_f1": 0.4175281226634979,
    "total_f1": 0.6533266305923462,
    "inf_f1": 0.629671573638916,
    "perc_f1": 0.31808024644851685,
    "backg_f1": 0.24452191591262817
}