{
    "loss": 1.1640625,
    "acc": 0.663679838180542,
    "macro_f1": 0.5922726392745972,
    "total_f1": 0.7532063126564026,
    "inf_f1": 0.6702964305877686,
    "perc_f1": 0.4454813301563263,
    "backg_f1": 0.45884469151496887
}