{
    "loss": 1.1484375,
    "acc": 0.5837094783782959,
    "macro_f1": 0.46255001425743103,
    "total_f1": 0.7129356265068054,
    "inf_f1": 0.5123303532600403,
    "perc_f1": 0.3128834366798401,
    "backg_f1": 0.26584866642951965
}