{
    "loss": 1.75,
    "acc": 0.6961530447006226,
    "macro_f1": 0.5845737457275391,
    "total_f1": 0.7344857454299927,
    "inf_f1": 0.6963538527488708,
    "perc_f1": 0.46070754528045654,
    "backg_f1": 0.3508073389530182
}