{
    "loss": 1.2734375,
    "acc": 0.6733813881874084,
    "macro_f1": 0.5912331342697144,
    "total_f1": 0.7573320865631104,
    "inf_f1": 0.6843456029891968,
    "perc_f1": 0.4684186279773712,
    "backg_f1": 0.4027617871761322
}