{
    "loss": 1.359375,
    "acc": 0.2745401859283447,
    "macro_f1": 0.26082444190979004,
    "total_f1": 0.5950933694839478,
    "inf_f1": 0.25056466460227966,
    "perc_f1": 0.23589743673801422,
    "backg_f1": 0.21924015879631042
}