{
    "loss": 1.5546875,
    "acc": 0.6894832849502563,
    "macro_f1": 0.5960962772369385,
    "total_f1": 0.7543492317199707,
    "inf_f1": 0.6954436302185059,
    "perc_f1": 0.4334889054298401,
    "backg_f1": 0.4320594370365143
}