{
    "loss": 1.0234375,
    "acc": 0.6592686772346497,
    "macro_f1": 0.5694777965545654,
    "total_f1": 0.7619764804840088,
    "inf_f1": 0.6546705365180969,
    "perc_f1": 0.43649372458457947,
    "backg_f1": 0.37607720494270325
}