{
    "loss": 1.1484375,
    "acc": 0.5670365691184998,
    "macro_f1": 0.5276130437850952,
    "total_f1": 0.7294694185256958,
    "inf_f1": 0.6515904664993286,
    "perc_f1": 0.3997003138065338,
    "backg_f1": 0.3516087532043457
}