{
    "loss": 1.109375,
    "acc": 0.6380450129508972,
    "macro_f1": 0.5043550729751587,
    "total_f1": 0.717207670211792,
    "inf_f1": 0.5885492563247681,
    "perc_f1": 0.3640846610069275,
    "backg_f1": 0.2605993449687958
}