{
    "loss": 1.046875,
    "acc": 0.5487841963768005,
    "macro_f1": 0.4834631085395813,
    "total_f1": 0.7237929105758667,
    "inf_f1": 0.6107639670372009,
    "perc_f1": 0.27225130796432495,
    "backg_f1": 0.3514958620071411
}