{
    "loss": 1.484375,
    "acc": 0.6522345542907715,
    "macro_f1": 0.5652303695678711,
    "total_f1": 0.7531650066375732,
    "inf_f1": 0.6700671315193176,
    "perc_f1": 0.403531551361084,
    "backg_f1": 0.38368624448776245
}