{
    "loss": 1.21875,
    "acc": 0.6271299719810486,
    "macro_f1": 0.5736744403839111,
    "total_f1": 0.7517827153205872,
    "inf_f1": 0.6480447053909302,
    "perc_f1": 0.4630167484283447,
    "backg_f1": 0.4211326539516449
}