{
    "loss": 1.7265625,
    "acc": 0.7066885232925415,
    "macro_f1": 0.5900505781173706,
    "total_f1": 0.7642737030982971,
    "inf_f1": 0.6581685543060303,
    "perc_f1": 0.49020901322364807,
    "backg_f1": 0.3664742410182953
}