{
    "loss": 1.7265625,
    "acc": 0.6898914575576782,
    "macro_f1": 0.5940933227539062,
    "total_f1": 0.778954803943634,
    "inf_f1": 0.6628140807151794,
    "perc_f1": 0.4652552902698517,
    "backg_f1": 0.4145985543727875
}