{
    "loss": 1.4765625,
    "acc": 0.6682432889938354,
    "macro_f1": 0.5702862739562988,
    "total_f1": 0.75629061460495,
    "inf_f1": 0.6460389494895935,
    "perc_f1": 0.41627970337867737,
    "backg_f1": 0.40189966559410095
}