{
    "loss": 1.015625,
    "acc": 0.6040264368057251,
    "macro_f1": 0.5449533462524414,
    "total_f1": 0.7503616213798523,
    "inf_f1": 0.6247826218605042,
    "perc_f1": 0.4216690957546234,
    "backg_f1": 0.38607683777809143
}