{
    "loss": 1.03125,
    "acc": 0.5042750835418701,
    "macro_f1": 0.479228675365448,
    "total_f1": 0.7042344212532043,
    "inf_f1": 0.6218242645263672,
    "perc_f1": 0.3234361410140991,
    "backg_f1": 0.3557228446006775
}