{
    "loss": 1.671875,
    "acc": 0.684676468372345,
    "macro_f1": 0.6019557118415833,
    "total_f1": 0.7758787274360657,
    "inf_f1": 0.6786288022994995,
    "perc_f1": 0.48520198464393616,
    "backg_f1": 0.4200423061847687
}