{
    "loss": 2.078125,
    "acc": 0.7005639672279358,
    "macro_f1": 0.6000009775161743,
    "total_f1": 0.7656053900718689,
    "inf_f1": 0.6814229488372803,
    "perc_f1": 0.47249817848205566,
    "backg_f1": 0.40926089882850647
}