{
    "loss": 1.0390625,
    "acc": 0.5720695853233337,
    "macro_f1": 0.5373660326004028,
    "total_f1": 0.7335588335990906,
    "inf_f1": 0.6537001729011536,
    "perc_f1": 0.4041612446308136,
    "backg_f1": 0.39061832427978516
}