{
    "loss": 1.0546875,
    "acc": 0.6349524259567261,
    "macro_f1": 0.5038467645645142,
    "total_f1": 0.7431480288505554,
    "inf_f1": 0.6268723607063293,
    "perc_f1": 0.40025514364242554,
    "backg_f1": 0.18581363558769226
}