{
    "loss": 1.1015625,
    "acc": 0.6293129324913025,
    "macro_f1": 0.5556696653366089,
    "total_f1": 0.7565217614173889,
    "inf_f1": 0.6185194849967957,
    "perc_f1": 0.43439748883247375,
    "backg_f1": 0.3893442749977112
}