{
    "loss": 1.640625,
    "acc": 0.6883754730224609,
    "macro_f1": 0.5533538460731506,
    "total_f1": 0.7516914010047913,
    "inf_f1": 0.640943706035614,
    "perc_f1": 0.3940499722957611,
    "backg_f1": 0.33709585666656494
}