{
    "loss": 0.98828125,
    "acc": 0.6308289170265198,
    "macro_f1": 0.5308458805084229,
    "total_f1": 0.7543535828590393,
    "inf_f1": 0.6008403301239014,
    "perc_f1": 0.3519599735736847,
    "backg_f1": 0.3795384466648102
}