{
    "loss": 1.0546875,
    "acc": 0.6212479472160339,
    "macro_f1": 0.5055510997772217,
    "total_f1": 0.7388718128204346,
    "inf_f1": 0.6075313687324524,
    "perc_f1": 0.4137353301048279,
    "backg_f1": 0.2089783251285553
}