{
    "loss": 1.0234375,
    "acc": 0.635801374912262,
    "macro_f1": 0.5626771450042725,
    "total_f1": 0.7593342065811157,
    "inf_f1": 0.6396303772926331,
    "perc_f1": 0.42161059379577637,
    "backg_f1": 0.4044378697872162
}