{
    "loss": 1.03125,
    "acc": 0.5270753502845764,
    "macro_f1": 0.48163121938705444,
    "total_f1": 0.7161596417427063,
    "inf_f1": 0.5921552181243896,
    "perc_f1": 0.29230770468711853,
    "backg_f1": 0.3891438841819763
}