{
    "loss": 1.0625,
    "acc": 0.6710326671600342,
    "macro_f1": 0.549734354019165,
    "total_f1": 0.7358746528625488,
    "inf_f1": 0.6137071847915649,
    "perc_f1": 0.3995901644229889,
    "backg_f1": 0.3635375201702118
}