{
    "loss": 1.765625,
    "acc": 0.6797842383384705,
    "macro_f1": 0.5951911211013794,
    "total_f1": 0.7460651397705078,
    "inf_f1": 0.7088048458099365,
    "perc_f1": 0.4800189137458801,
    "backg_f1": 0.37775906920433044
}