{
    "loss": 2.171875,
    "acc": 0.6968861222267151,
    "macro_f1": 0.5892695188522339,
    "total_f1": 0.7414641976356506,
    "inf_f1": 0.6936218738555908,
    "perc_f1": 0.4826744794845581,
    "backg_f1": 0.34765851497650146
}