{
    "loss": 1.8671875,
    "acc": 0.6646438837051392,
    "macro_f1": 0.5803869366645813,
    "total_f1": 0.7453864216804504,
    "inf_f1": 0.6926430463790894,
    "perc_f1": 0.465273380279541,
    "backg_f1": 0.3584379255771637
}