{
    "loss": 1.1015625,
    "acc": 0.6534265279769897,
    "macro_f1": 0.5463542938232422,
    "total_f1": 0.7472032904624939,
    "inf_f1": 0.6325136423110962,
    "perc_f1": 0.3599383533000946,
    "backg_f1": 0.38807785511016846
}