{
    "loss": 1.1171875,
    "acc": 0.602611243724823,
    "macro_f1": 0.5259529948234558,
    "total_f1": 0.7232159972190857,
    "inf_f1": 0.6322740316390991,
    "perc_f1": 0.4053639769554138,
    "backg_f1": 0.31965285539627075
}