{
    "loss": 1.125,
    "acc": 0.5981365442276001,
    "macro_f1": 0.4305237829685211,
    "total_f1": 0.7313870787620544,
    "inf_f1": 0.48355719447135925,
    "perc_f1": 0.3284344971179962,
    "backg_f1": 0.12015257775783539
}