{
    "loss": 1.2890625,
    "acc": 0.6827877759933472,
    "macro_f1": 0.5801528096199036,
    "total_f1": 0.7436087727546692,
    "inf_f1": 0.6789355874061584,
    "perc_f1": 0.4354403018951416,
    "backg_f1": 0.3861852288246155
}