{
    "loss": 1.453125,
    "acc": 0.6521392464637756,
    "macro_f1": 0.5792070627212524,
    "total_f1": 0.7414159178733826,
    "inf_f1": 0.6940494775772095,
    "perc_f1": 0.4710178077220917,
    "backg_f1": 0.36094212532043457
}