{
    "loss": 1.0703125,
    "acc": 0.5463405847549438,
    "macro_f1": 0.5038275718688965,
    "total_f1": 0.7256627082824707,
    "inf_f1": 0.5558295249938965,
    "perc_f1": 0.4319758713245392,
    "backg_f1": 0.32783859968185425
}