{
    "loss": 1.6328125,
    "acc": 0.6982959508895874,
    "macro_f1": 0.5848056077957153,
    "total_f1": 0.7448915243148804,
    "inf_f1": 0.6746234893798828,
    "perc_f1": 0.4708465337753296,
    "backg_f1": 0.35683509707450867
}