{
    "loss": 1.0390625,
    "acc": 0.6475653648376465,
    "macro_f1": 0.5665184855461121,
    "total_f1": 0.7582717537879944,
    "inf_f1": 0.6431154608726501,
    "perc_f1": 0.4118773937225342,
    "backg_f1": 0.4132413864135742
}