{
    "loss": 1.59375,
    "acc": 0.6793402433395386,
    "macro_f1": 0.5723252296447754,
    "total_f1": 0.7573791742324829,
    "inf_f1": 0.648348867893219,
    "perc_f1": 0.4481062591075897,
    "backg_f1": 0.36568212509155273
}