{
    "loss": 0.9765625,
    "acc": 0.644048273563385,
    "macro_f1": 0.5483287572860718,
    "total_f1": 0.7657859921455383,
    "inf_f1": 0.6104249358177185,
    "perc_f1": 0.4001944959163666,
    "backg_f1": 0.38144001364707947
}