{
    "loss": 1.046875,
    "acc": 0.6405311822891235,
    "macro_f1": 0.5095407962799072,
    "total_f1": 0.7372304797172546,
    "inf_f1": 0.5909504890441895,
    "perc_f1": 0.4242514967918396,
    "backg_f1": 0.2125227302312851
}