{
    "loss": 1.1328125,
    "acc": 0.6468376517295837,
    "macro_f1": 0.5789011120796204,
    "total_f1": 0.7571903467178345,
    "inf_f1": 0.6701949834823608,
    "perc_f1": 0.4714542329311371,
    "backg_f1": 0.3849020004272461
}