{
    "loss": 1.28125,
    "acc": 0.6632102131843567,
    "macro_f1": 0.5688565969467163,
    "total_f1": 0.733079731464386,
    "inf_f1": 0.6834016442298889,
    "perc_f1": 0.4179610311985016,
    "backg_f1": 0.36929717659950256
}