{
    "loss": 1.3515625,
    "acc": 0.6488580703735352,
    "macro_f1": 0.5671531558036804,
    "total_f1": 0.7526785135269165,
    "inf_f1": 0.6399502754211426,
    "perc_f1": 0.42929863929748535,
    "backg_f1": 0.40139561891555786
}