{
    "loss": 1.28125,
    "acc": 0.5645084977149963,
    "macro_f1": 0.38035303354263306,
    "total_f1": 0.640066385269165,
    "inf_f1": 0.4140465557575226,
    "perc_f1": 0.2919168472290039,
    "backg_f1": 0.0615493468940258
}