{
    "loss": 1.5859375,
    "acc": 0.6977699995040894,
    "macro_f1": 0.570658802986145,
    "total_f1": 0.7269299626350403,
    "inf_f1": 0.6721561551094055,
    "perc_f1": 0.47795698046684265,
    "backg_f1": 0.29654672741889954
}