{
    "loss": 1.03125,
    "acc": 0.6527656316757202,
    "macro_f1": 0.5427426099777222,
    "total_f1": 0.7432380318641663,
    "inf_f1": 0.5902515053749084,
    "perc_f1": 0.3984491527080536,
    "backg_f1": 0.37967175245285034
}