{
    "loss": 1.1640625,
    "acc": 0.6828808188438416,
    "macro_f1": 0.5766273736953735,
    "total_f1": 0.7409618496894836,
    "inf_f1": 0.6602782011032104,
    "perc_f1": 0.5001132488250732,
    "backg_f1": 0.3233560025691986
}