{
    "loss": 0.99609375,
    "acc": 0.6128141283988953,
    "macro_f1": 0.5600792765617371,
    "total_f1": 0.7521065473556519,
    "inf_f1": 0.675190269947052,
    "perc_f1": 0.44609296321868896,
    "backg_f1": 0.36272135376930237
}