{
    "loss": 1.703125,
    "acc": 0.6931659579277039,
    "macro_f1": 0.5867537260055542,
    "total_f1": 0.7517272233963013,
    "inf_f1": 0.6764942407608032,
    "perc_f1": 0.45361316204071045,
    "backg_f1": 0.3850148320198059
}