{
    "loss": 1.1171875,
    "acc": 0.5403553247451782,
    "macro_f1": 0.478346586227417,
    "total_f1": 0.7186887860298157,
    "inf_f1": 0.5915244221687317,
    "perc_f1": 0.363556832075119,
    "backg_f1": 0.25174498558044434
}