{
    "loss": 1.4296875,
    "acc": 0.671639084815979,
    "macro_f1": 0.5796820521354675,
    "total_f1": 0.7485000491142273,
    "inf_f1": 0.6883147954940796,
    "perc_f1": 0.4657082259654999,
    "backg_f1": 0.3540753722190857
}