{
    "loss": 1.03125,
    "acc": 0.5978412628173828,
    "macro_f1": 0.5120421051979065,
    "total_f1": 0.7419435977935791,
    "inf_f1": 0.5806062817573547,
    "perc_f1": 0.3480466902256012,
    "backg_f1": 0.36117830872535706
}