{
    "loss": 1.1015625,
    "acc": 0.6083317995071411,
    "macro_f1": 0.5473442077636719,
    "total_f1": 0.7396380305290222,
    "inf_f1": 0.6665140986442566,
    "perc_f1": 0.43550294637680054,
    "backg_f1": 0.3383573293685913
}