{
    "loss": 2.296875,
    "acc": 0.6957128047943115,
    "macro_f1": 0.5878115296363831,
    "total_f1": 0.7463485598564148,
    "inf_f1": 0.6801552176475525,
    "perc_f1": 0.47112828493118286,
    "backg_f1": 0.36660411953926086
}