{
    "loss": 1.03125,
    "acc": 0.6122127175331116,
    "macro_f1": 0.5394657850265503,
    "total_f1": 0.7498899698257446,
    "inf_f1": 0.64421147108078,
    "perc_f1": 0.39236029982566833,
    "backg_f1": 0.3543493449687958
}