{
    "loss": 1.7109375,
    "acc": 0.6941968202590942,
    "macro_f1": 0.5966742634773254,
    "total_f1": 0.7574286460876465,
    "inf_f1": 0.6953330039978027,
    "perc_f1": 0.4796653389930725,
    "backg_f1": 0.38182151317596436
}