{
    "loss": 1.265625,
    "acc": 0.6400460600852966,
    "macro_f1": 0.5858066082000732,
    "total_f1": 0.7540879249572754,
    "inf_f1": 0.6790193915367126,
    "perc_f1": 0.47954925894737244,
    "backg_f1": 0.40852096676826477
}