{
    "loss": 2.0,
    "acc": 0.6933478713035583,
    "macro_f1": 0.5881328582763672,
    "total_f1": 0.7410165071487427,
    "inf_f1": 0.6973684430122375,
    "perc_f1": 0.46401187777519226,
    "backg_f1": 0.36315789818763733
}