{
    "loss": 1.6328125,
    "acc": 0.7102338075637817,
    "macro_f1": 0.5945103168487549,
    "total_f1": 0.7407144904136658,
    "inf_f1": 0.6557901501655579,
    "perc_f1": 0.484448105096817,
    "backg_f1": 0.3967271149158478
}