{
    "loss": 0.99609375,
    "acc": 0.6783668994903564,
    "macro_f1": 0.5812979936599731,
    "total_f1": 0.7467329502105713,
    "inf_f1": 0.6545454263687134,
    "perc_f1": 0.46435174345970154,
    "backg_f1": 0.38981884717941284
}