{
    "loss": 0.98828125,
    "acc": 0.6665094494819641,
    "macro_f1": 0.547242283821106,
    "total_f1": 0.7607843279838562,
    "inf_f1": 0.5920035243034363,
    "perc_f1": 0.3758002519607544,
    "backg_f1": 0.40125516057014465
}