{
    "loss": 1.625,
    "acc": 0.6910328269004822,
    "macro_f1": 0.6001512408256531,
    "total_f1": 0.7488067150115967,
    "inf_f1": 0.6742041110992432,
    "perc_f1": 0.5013705492019653,
    "backg_f1": 0.4042510390281677
}