{
    "loss": 1.2109375,
    "acc": 0.6838914155960083,
    "macro_f1": 0.6091656684875488,
    "total_f1": 0.7644512057304382,
    "inf_f1": 0.685095489025116,
    "perc_f1": 0.5114485621452332,
    "backg_f1": 0.4278191328048706
}