{
    "loss": 1.140625,
    "acc": 0.6697432994842529,
    "macro_f1": 0.5963858366012573,
    "total_f1": 0.7545726895332336,
    "inf_f1": 0.6650817394256592,
    "perc_f1": 0.4727883040904999,
    "backg_f1": 0.44796693325042725
}