{
    "loss": 1.0859375,
    "acc": 0.6727076768875122,
    "macro_f1": 0.494187593460083,
    "total_f1": 0.6829131245613098,
    "inf_f1": 0.6378737688064575,
    "perc_f1": 0.40272876620292664,
    "backg_f1": 0.11404134333133698
}