{
    "loss": 1.046875,
    "acc": 0.6701605916023254,
    "macro_f1": 0.5734903812408447,
    "total_f1": 0.7415211200714111,
    "inf_f1": 0.6934893727302551,
    "perc_f1": 0.5,
    "backg_f1": 0.2913087010383606
}