{
    "loss": 1.0703125,
    "acc": 0.6395120620727539,
    "macro_f1": 0.48895856738090515,
    "total_f1": 0.7308950424194336,
    "inf_f1": 0.5821138024330139,
    "perc_f1": 0.3405625820159912,
    "backg_f1": 0.2219354808330536
}