{
    "loss": 1.3515625,
    "acc": 0.663479208946228,
    "macro_f1": 0.5734314322471619,
    "total_f1": 0.7543301582336426,
    "inf_f1": 0.6630496978759766,
    "perc_f1": 0.4580710530281067,
    "backg_f1": 0.360615611076355
}