{
    "loss": 1.5,
    "acc": 0.6585754752159119,
    "macro_f1": 0.5571578741073608,
    "total_f1": 0.7514181733131409,
    "inf_f1": 0.6487341523170471,
    "perc_f1": 0.4363110065460205,
    "backg_f1": 0.32464373111724854
}