{
    "loss": 1.078125,
    "acc": 0.5273997783660889,
    "macro_f1": 0.4948296546936035,
    "total_f1": 0.7171868681907654,
    "inf_f1": 0.49170204997062683,
    "perc_f1": 0.4375494718551636,
    "backg_f1": 0.3969112038612366
}