{
    "loss": 1.03125,
    "acc": 0.6691798567771912,
    "macro_f1": 0.5243103504180908,
    "total_f1": 0.7820411920547485,
    "inf_f1": 0.6026686429977417,
    "perc_f1": 0.28303200006484985,
    "backg_f1": 0.3741844594478607
}