{
    "loss": 0.498046875,
    "acc": 0.7694393992424011,
    "total_f1": 0.7017543911933899
}