{
    "loss": 0.93359375,
    "acc": 0.7594936490058899,
    "total_f1": 0.6977272629737854
}