{
    "loss": 0.478515625,
    "acc": 0.7676311135292053,
    "total_f1": 0.7308900356292725
}