{
    "loss": 0.490234375,
    "acc": 0.7549728751182556,
    "total_f1": 0.7243133187294006
}