{
    "loss": 0.74609375,
    "acc": 0.7558770179748535,
    "total_f1": 0.7233606576919556
}