{
    "loss": 1.0390625,
    "acc": 0.6400323510169983,
    "macro_f1": 0.5651421546936035,
    "total_f1": 0.7613418102264404,
    "inf_f1": 0.6322219371795654,
    "perc_f1": 0.44246935844421387,
    "backg_f1": 0.4000672399997711
}