{
    "loss": 1.21875,
    "acc": 0.5193694233894348,
    "macro_f1": 0.39161765575408936,
    "total_f1": 0.6744586229324341,
    "inf_f1": 0.396296888589859,
    "perc_f1": 0.25188374519348145,
    "backg_f1": 0.20672722160816193
}