{
    "loss": 1.375,
    "acc": 0.28801456093788147,
    "macro_f1": 0.26396644115448,
    "total_f1": 0.5869272351264954,
    "inf_f1": 0.2425687462091446,
    "perc_f1": 0.23005686700344086,
    "backg_f1": 0.20253637433052063
}