{
    "loss": 1.0859375,
    "acc": 0.4191201329231262,
    "macro_f1": 0.416230171918869,
    "total_f1": 0.6718150973320007,
    "inf_f1": 0.5902206897735596,
    "perc_f1": 0.31012579798698425,
    "backg_f1": 0.27000749111175537
}