{
    "loss": 0.97265625,
    "acc": 0.6627366542816162,
    "macro_f1": 0.5748628377914429,
    "total_f1": 0.7671212553977966,
    "inf_f1": 0.6293125748634338,
    "perc_f1": 0.4437941908836365,
    "backg_f1": 0.4184513986110687
}