{
    "loss": 1.0,
    "acc": 0.635451078414917,
    "macro_f1": 0.5713518261909485,
    "total_f1": 0.7630905508995056,
    "inf_f1": 0.6405298113822937,
    "perc_f1": 0.4359391927719116,
    "backg_f1": 0.43383824825286865
}