{
    "loss": 1.328125,
    "acc": 0.5696202516555786,
    "macro_f1": 0.3191528022289276,
    "total_f1": 0.45584046840667725,
    "inf_f1": 0.21551723778247833,
    "perc_f1": 0.27407407760620117,
    "backg_f1": 0.03999999910593033
}