{
    "loss": 1.34375,
    "acc": 0.35171788930892944,
    "macro_f1": 0.28417789936065674,
    "total_f1": 0.5980707406997681,
    "inf_f1": 0.12621359527111053,
    "perc_f1": 0.3333333432674408,
    "backg_f1": 0.19369369745254517
}