{
    "loss": 1.3828125,
    "acc": 0.35352623462677,
    "macro_f1": 0.19745728373527527,
    "total_f1": 0.517241358757019,
    "inf_f1": 0.019417475908994675,
    "perc_f1": 0.249690979719162,
    "backg_f1": 0.0
}