{
    "loss": 1.1796875,
    "acc": 0.6446654796600342,
    "macro_f1": 0.4367450475692749,
    "total_f1": 0.64420485496521,
    "inf_f1": 0.3742690086364746,
    "perc_f1": 0.3271375596523285,
    "backg_f1": 0.22516556084156036
}