{
    "loss": 0.9765625,
    "acc": 0.6472014784812927,
    "macro_f1": 0.5348472595214844,
    "total_f1": 0.7592389583587646,
    "inf_f1": 0.5964843034744263,
    "perc_f1": 0.38137227296829224,
    "backg_f1": 0.35304054617881775
}