{
    "loss": 1.4921875,
    "acc": 0.6544781923294067,
    "macro_f1": 0.532267153263092,
    "total_f1": 0.7660992741584778,
    "inf_f1": 0.6053975224494934,
    "perc_f1": 0.44591957330703735,
    "backg_f1": 0.2524152100086212
}