{
    "loss": 1.1015625,
    "acc": 0.48232370615005493,
    "macro_f1": 0.4456287622451782,
    "total_f1": 0.7006835341453552,
    "inf_f1": 0.5021446347236633,
    "perc_f1": 0.350197970867157,
    "backg_f1": 0.3305552005767822
}