{
    "loss": 1.296875,
    "acc": 0.6525983810424805,
    "macro_f1": 0.5306075811386108,
    "total_f1": 0.7523707747459412,
    "inf_f1": 0.6205347776412964,
    "perc_f1": 0.44764068722724915,
    "backg_f1": 0.23745884001255035
}