{
    "loss": 1.09375,
    "acc": 0.5850464105606079,
    "macro_f1": 0.5435783863067627,
    "total_f1": 0.7339284420013428,
    "inf_f1": 0.6062231659889221,
    "perc_f1": 0.47958704829216003,
    "backg_f1": 0.3611079156398773
}