{
    "loss": 1.03125,
    "acc": 0.6423503756523132,
    "macro_f1": 0.510542094707489,
    "total_f1": 0.760625422000885,
    "inf_f1": 0.5740622878074646,
    "perc_f1": 0.4324009418487549,
    "backg_f1": 0.2137930989265442
}