{
    "loss": 0.984375,
    "acc": 0.5351232290267944,
    "macro_f1": 0.5243251919746399,
    "total_f1": 0.7166954278945923,
    "inf_f1": 0.6944285035133362,
    "perc_f1": 0.41021013259887695,
    "backg_f1": 0.3396787643432617
}