{
    "loss": 1.03125,
    "acc": 0.6783130764961243,
    "macro_f1": 0.548396110534668,
    "total_f1": 0.7403780221939087,
    "inf_f1": 0.6386197209358215,
    "perc_f1": 0.3406466543674469,
    "backg_f1": 0.38779306411743164
}