{
    "loss": 1.2578125,
    "acc": 0.560438871383667,
    "macro_f1": 0.4144062399864197,
    "total_f1": 0.7234342694282532,
    "inf_f1": 0.47916367650032043,
    "perc_f1": 0.1207670345902443,
    "backg_f1": 0.3105691075325012
}