{
    "loss": 1.1640625,
    "acc": 0.6583302617073059,
    "macro_f1": 0.5127645134925842,
    "total_f1": 0.7710388898849487,
    "inf_f1": 0.6046314239501953,
    "perc_f1": 0.25762248039245605,
    "backg_f1": 0.356284499168396
}