{
    "loss": 1.5546875,
    "acc": 0.6511585116386414,
    "macro_f1": 0.5616344213485718,
    "total_f1": 0.7403616905212402,
    "inf_f1": 0.664137601852417,
    "perc_f1": 0.425865113735199,
    "backg_f1": 0.35825595259666443
}