{
    "loss": 1.03125,
    "acc": 0.6142576932907104,
    "macro_f1": 0.5288539528846741,
    "total_f1": 0.7469576597213745,
    "inf_f1": 0.6048604846000671,
    "perc_f1": 0.4143238663673401,
    "backg_f1": 0.31476014852523804
}