{
    "loss": 1.3046875,
    "acc": 0.6642760634422302,
    "macro_f1": 0.5927352905273438,
    "total_f1": 0.7621768712997437,
    "inf_f1": 0.6921787858009338,
    "perc_f1": 0.47697219252586365,
    "backg_f1": 0.39679238200187683
}