{
    "loss": 1.609375,
    "acc": 0.672918975353241,
    "macro_f1": 0.582270085811615,
    "total_f1": 0.7668547034263611,
    "inf_f1": 0.6949588656425476,
    "perc_f1": 0.4645390212535858,
    "backg_f1": 0.34878891706466675
}