{
    "loss": 1.0859375,
    "acc": 0.6381022334098816,
    "macro_f1": 0.5599440336227417,
    "total_f1": 0.7588115334510803,
    "inf_f1": 0.6721629500389099,
    "perc_f1": 0.4286843240261078,
    "backg_f1": 0.34874019026756287
}