{
    "loss": 1.1171875,
    "acc": 0.5850189924240112,
    "macro_f1": 0.4234296679496765,
    "total_f1": 0.7326258420944214,
    "inf_f1": 0.4917546212673187,
    "perc_f1": 0.3041682243347168,
    "backg_f1": 0.1144634559750557
}