{
    "loss": 1.96875,
    "acc": 0.1351040005683899,
    "macro_f1": 0.08146317303180695,
    "total_f1": 0.5900307893753052,
    "inf_f1": 0.09584352374076843,
    "perc_f1": 0.23000918328762054,
    "backg_f1": 0.0
}