{
    "loss": 1.2421875,
    "acc": 0.490206778049469,
    "macro_f1": 0.3184772729873657,
    "total_f1": 0.6996079683303833,
    "inf_f1": 0.36066293716430664,
    "perc_f1": 0.04552715644240379,
    "backg_f1": 0.15312078595161438
}