{
    "loss": 1.34375,
    "acc": 0.32229700684547424,
    "macro_f1": 0.21383029222488403,
    "total_f1": 0.6348337531089783,
    "inf_f1": 0.0,
    "perc_f1": 0.2852284014225006,
    "backg_f1": 0.08985765278339386
}