{
    "loss": 1.0,
    "acc": 0.6353438496589661,
    "macro_f1": 0.569516658782959,
    "total_f1": 0.7496893405914307,
    "inf_f1": 0.6355475783348083,
    "perc_f1": 0.4580375850200653,
    "backg_f1": 0.40519770979881287
}