{
    "loss": 1.0625,
    "acc": 0.46027952432632446,
    "macro_f1": 0.44332125782966614,
    "total_f1": 0.6841527819633484,
    "inf_f1": 0.6108415722846985,
    "perc_f1": 0.27304965257644653,
    "backg_f1": 0.3375367224216461
}