{
    "loss": 1.078125,
    "acc": 0.6620081067085266,
    "macro_f1": 0.5557466745376587,
    "total_f1": 0.7450152635574341,
    "inf_f1": 0.6239832043647766,
    "perc_f1": 0.41184768080711365,
    "backg_f1": 0.37269026041030884
}