{
    "loss": 1.078125,
    "acc": 0.5945200324058533,
    "macro_f1": 0.4846585988998413,
    "total_f1": 0.741706132888794,
    "inf_f1": 0.6317313313484192,
    "perc_f1": 0.3820439279079437,
    "backg_f1": 0.14991076290607452
}