{
    "loss": 1.0859375,
    "acc": 0.5510278344154358,
    "macro_f1": 0.48169177770614624,
    "total_f1": 0.738923192024231,
    "inf_f1": 0.46518203616142273,
    "perc_f1": 0.39265504479408264,
    "backg_f1": 0.34646812081336975
}