{
    "loss": 1.0078125,
    "acc": 0.6150627732276917,
    "macro_f1": 0.5138288736343384,
    "total_f1": 0.7390908002853394,
    "inf_f1": 0.583003580570221,
    "perc_f1": 0.32372280955314636,
    "backg_f1": 0.3758411407470703
}