{
    "loss": 1.09375,
    "acc": 0.46965011954307556,
    "macro_f1": 0.4281298518180847,
    "total_f1": 0.7098836302757263,
    "inf_f1": 0.5103922486305237,
    "perc_f1": 0.28642308712005615,
    "backg_f1": 0.31397745013237
}