{
    "loss": 1.0859375,
    "acc": 0.5146443247795105,
    "macro_f1": 0.5027337670326233,
    "total_f1": 0.7060614228248596,
    "inf_f1": 0.6270022988319397,
    "perc_f1": 0.42686891555786133,
    "backg_f1": 0.32773643732070923
}