{
    "loss": 1.6796875,
    "acc": 0.6931213140487671,
    "macro_f1": 0.5849576592445374,
    "total_f1": 0.74873948097229,
    "inf_f1": 0.6846793293952942,
    "perc_f1": 0.4529689848423004,
    "backg_f1": 0.3702920079231262
}