{
    "loss": 1.5859375,
    "acc": 0.699184775352478,
    "macro_f1": 0.6009998321533203,
    "total_f1": 0.7614221572875977,
    "inf_f1": 0.6923756003379822,
    "perc_f1": 0.4454783499240875,
    "backg_f1": 0.4334135949611664
}