{
    "loss": 1.359375,
    "acc": 0.2764265835285187,
    "macro_f1": 0.26206713914871216,
    "total_f1": 0.5945239663124084,
    "inf_f1": 0.24992471933364868,
    "perc_f1": 0.2373051792383194,
    "backg_f1": 0.21936827898025513
}