{
    "loss": 1.1484375,
    "acc": 0.5615441799163818,
    "macro_f1": 0.44821974635124207,
    "total_f1": 0.715072751045227,
    "inf_f1": 0.4908018112182617,
    "perc_f1": 0.29209253191947937,
    "backg_f1": 0.2697733938694
}