{
    "loss": 1.1875,
    "acc": 0.6561341881752014,
    "macro_f1": 0.5758534669876099,
    "total_f1": 0.7463735342025757,
    "inf_f1": 0.6614512801170349,
    "perc_f1": 0.4267664849758148,
    "backg_f1": 0.42314112186431885
}