{
    "loss": 1.375,
    "acc": 0.682611346244812,
    "macro_f1": 0.5709192156791687,
    "total_f1": 0.7494847774505615,
    "inf_f1": 0.6934145092964172,
    "perc_f1": 0.4501669108867645,
    "backg_f1": 0.3132084310054779
}