{
    "loss": 0.99609375,
    "acc": 0.5390419960021973,
    "macro_f1": 0.5156973004341125,
    "total_f1": 0.7061101794242859,
    "inf_f1": 0.6601343750953674,
    "perc_f1": 0.3877922296524048,
    "backg_f1": 0.35872235894203186
}