{
    "loss": 1.5703125,
    "acc": 0.696961522102356,
    "macro_f1": 0.5807050466537476,
    "total_f1": 0.7335580587387085,
    "inf_f1": 0.6926263570785522,
    "perc_f1": 0.42713865637779236,
    "backg_f1": 0.37324562668800354
}