{
    "loss": 1.7578125,
    "acc": 0.6944687962532043,
    "macro_f1": 0.582319974899292,
    "total_f1": 0.7502327561378479,
    "inf_f1": 0.6841951608657837,
    "perc_f1": 0.4485013484954834,
    "backg_f1": 0.36171114444732666
}