{
    "loss": 1.0859375,
    "acc": 0.6727750301361084,
    "macro_f1": 0.5556654930114746,
    "total_f1": 0.738134503364563,
    "inf_f1": 0.639511227607727,
    "perc_f1": 0.43286463618278503,
    "backg_f1": 0.33136868476867676
}