{
    "loss": 1.21875,
    "acc": 0.5575768351554871,
    "macro_f1": 0.42331573367118835,
    "total_f1": 0.7052785754203796,
    "inf_f1": 0.426126629114151,
    "perc_f1": 0.1857667863368988,
    "backg_f1": 0.327336847782135
}