{
    "loss": 1.15625,
    "acc": 0.5368989109992981,
    "macro_f1": 0.43466904759407043,
    "total_f1": 0.7043164372444153,
    "inf_f1": 0.4719139635562897,
    "perc_f1": 0.2768218517303467,
    "backg_f1": 0.2711756229400635
}