{
    "loss": 1.171875,
    "acc": 0.4997877776622772,
    "macro_f1": 0.4299955666065216,
    "total_f1": 0.7049142122268677,
    "inf_f1": 0.43155840039253235,
    "perc_f1": 0.29094788432121277,
    "backg_f1": 0.3165068030357361
}