{
    "loss": 1.390625,
    "acc": 0.13595294952392578,
    "macro_f1": 0.07091854512691498,
    "total_f1": 0.5842963457107544,
    "inf_f1": 0.20913636684417725,
    "perc_f1": 0.0,
    "backg_f1": 0.0
}