{
    "loss": 1.375,
    "acc": 0.16475653648376465,
    "macro_f1": 0.15452933311462402,
    "total_f1": 0.5900307893753052,
    "inf_f1": 0.15177170932292938,
    "perc_f1": 0.20207834243774414,
    "backg_f1": 0.2642672657966614
}