{
    "loss": 0.9765625,
    "acc": 0.6579532623291016,
    "macro_f1": 0.576512336730957,
    "total_f1": 0.7622987031936646,
    "inf_f1": 0.6462252140045166,
    "perc_f1": 0.4600152373313904,
    "backg_f1": 0.39909058809280396
}