{
    "loss": 1.0078125,
    "acc": 0.6427271962165833,
    "macro_f1": 0.5192287564277649,
    "total_f1": 0.7656602263450623,
    "inf_f1": 0.5720379948616028,
    "perc_f1": 0.3294758200645447,
    "backg_f1": 0.3659704923629761
}