{
    "loss": 1.0390625,
    "acc": 0.6276358962059021,
    "macro_f1": 0.5637984275817871,
    "total_f1": 0.7445735931396484,
    "inf_f1": 0.6505964398384094,
    "perc_f1": 0.45088642835617065,
    "backg_f1": 0.39053255319595337
}