{
    "loss": 1.1796875,
    "acc": 0.6246715784072876,
    "macro_f1": 0.4231303334236145,
    "total_f1": 0.6632838249206543,
    "inf_f1": 0.5066441893577576,
    "perc_f1": 0.23027166724205017,
    "backg_f1": 0.15485481917858124
}