{
    "loss": 1.1171875,
    "acc": 0.6833524107933044,
    "macro_f1": 0.5779428482055664,
    "total_f1": 0.7541460990905762,
    "inf_f1": 0.6539058685302734,
    "perc_f1": 0.47434496879577637,
    "backg_f1": 0.35893189907073975
}