{
    "loss": 0.9609375,
    "acc": 0.6645556688308716,
    "macro_f1": 0.5674402117729187,
    "total_f1": 0.7623944878578186,
    "inf_f1": 0.6446191668510437,
    "perc_f1": 0.4507882297039032,
    "backg_f1": 0.360232412815094
}