{
    "loss": 1.1875,
    "acc": 0.6516876816749573,
    "macro_f1": 0.5722780227661133,
    "total_f1": 0.7445680499076843,
    "inf_f1": 0.6627035140991211,
    "perc_f1": 0.44771888852119446,
    "backg_f1": 0.38865721225738525
}