{
    "loss": 1.125,
    "acc": 0.6373374462127686,
    "macro_f1": 0.5645512938499451,
    "total_f1": 0.7389499545097351,
    "inf_f1": 0.6524564623832703,
    "perc_f1": 0.47013047337532043,
    "backg_f1": 0.36034077405929565
}