{
    "loss": 1.296875,
    "acc": 0.39500102400779724,
    "macro_f1": 0.3314647078514099,
    "total_f1": 0.6222029328346252,
    "inf_f1": 0.3374354839324951,
    "perc_f1": 0.27190420031547546,
    "backg_f1": 0.16623498499393463
}