{
    "loss": 1.0078125,
    "acc": 0.5046149492263794,
    "macro_f1": 0.4901442527770996,
    "total_f1": 0.6913506388664246,
    "inf_f1": 0.6286002993583679,
    "perc_f1": 0.39508339762687683,
    "backg_f1": 0.3347958028316498
}