{
    "loss": 1.1875,
    "acc": 0.7003974914550781,
    "macro_f1": 0.5821805000305176,
    "total_f1": 0.7420005202293396,
    "inf_f1": 0.6354338526725769,
    "perc_f1": 0.48598626255989075,
    "backg_f1": 0.3683064877986908
}