{
    "loss": 1.0234375,
    "acc": 0.639358639717102,
    "macro_f1": 0.521979808807373,
    "total_f1": 0.7444692850112915,
    "inf_f1": 0.5649890303611755,
    "perc_f1": 0.3878055512905121,
    "backg_f1": 0.3334733247756958
}