{
    "loss": 1.296875,
    "acc": 0.6579532623291016,
    "macro_f1": 0.5764310359954834,
    "total_f1": 0.7463210225105286,
    "inf_f1": 0.6670616269111633,
    "perc_f1": 0.44479167461395264,
    "backg_f1": 0.3946431577205658
}