{
    "loss": 1.1484375,
    "acc": 0.6359226703643799,
    "macro_f1": 0.5790704488754272,
    "total_f1": 0.75249183177948,
    "inf_f1": 0.6574125289916992,
    "perc_f1": 0.4668689966201782,
    "backg_f1": 0.4235017001628876
}