{
    "loss": 1.4453125,
    "acc": 0.6495991349220276,
    "macro_f1": 0.5598881244659424,
    "total_f1": 0.741898775100708,
    "inf_f1": 0.6818687319755554,
    "perc_f1": 0.44692105054855347,
    "backg_f1": 0.31677162647247314
}