{
    "loss": 1.21875,
    "acc": 0.6617260575294495,
    "macro_f1": 0.5841445326805115,
    "total_f1": 0.765066921710968,
    "inf_f1": 0.6439461708068848,
    "perc_f1": 0.45154061913490295,
    "backg_f1": 0.4376513361930847
}