{
    "loss": 1.125,
    "acc": 0.6907632946968079,
    "macro_f1": 0.5770642161369324,
    "total_f1": 0.7424436211585999,
    "inf_f1": 0.6396905779838562,
    "perc_f1": 0.48217225074768066,
    "backg_f1": 0.35500210523605347
}