{
    "loss": 1.1640625,
    "acc": 0.5467223525047302,
    "macro_f1": 0.44450050592422485,
    "total_f1": 0.7167338132858276,
    "inf_f1": 0.49356886744499207,
    "perc_f1": 0.2972714304924011,
    "backg_f1": 0.26304441690444946
}