{
    "loss": 1.109375,
    "acc": 0.3683217763900757,
    "macro_f1": 0.391402006149292,
    "total_f1": 0.6320563554763794,
    "inf_f1": 0.575160026550293,
    "perc_f1": 0.3197089731693268,
    "backg_f1": 0.30085593461990356
}