{
    "loss": 1.234375,
    "acc": 0.6763457655906677,
    "macro_f1": 0.5960352420806885,
    "total_f1": 0.7695810794830322,
    "inf_f1": 0.6772132515907288,
    "perc_f1": 0.482668399810791,
    "backg_f1": 0.4081478714942932
}