{
    "loss": 1.453125,
    "acc": 0.6675200462341309,
    "macro_f1": 0.57843017578125,
    "total_f1": 0.756270170211792,
    "inf_f1": 0.6808510422706604,
    "perc_f1": 0.44204992055892944,
    "backg_f1": 0.3806569278240204
}