{
    "loss": 1.359375,
    "acc": 0.2759549915790558,
    "macro_f1": 0.2619929909706116,
    "total_f1": 0.5941800475120544,
    "inf_f1": 0.2506031394004822,
    "perc_f1": 0.23596638441085815,
    "backg_f1": 0.22160951793193817
}