{
    "loss": 0.98828125,
    "acc": 0.623728334903717,
    "macro_f1": 0.5553632974624634,
    "total_f1": 0.7574841976165771,
    "inf_f1": 0.6341696381568909,
    "perc_f1": 0.4061833620071411,
    "backg_f1": 0.4146672785282135
}