{
    "loss": 1.0703125,
    "acc": 0.48938894271850586,
    "macro_f1": 0.45595434308052063,
    "total_f1": 0.7000422477722168,
    "inf_f1": 0.6045686602592468,
    "perc_f1": 0.3123592436313629,
    "backg_f1": 0.28526994585990906
}