{
    "loss": 1.046875,
    "acc": 0.6452199816703796,
    "macro_f1": 0.5683117508888245,
    "total_f1": 0.7607009410858154,
    "inf_f1": 0.6484017968177795,
    "perc_f1": 0.42034444212913513,
    "backg_f1": 0.4158953130245209
}