{
    "loss": 0.99609375,
    "acc": 0.6872599720954895,
    "macro_f1": 0.5785422325134277,
    "total_f1": 0.7663218975067139,
    "inf_f1": 0.6478177309036255,
    "perc_f1": 0.46300262212753296,
    "backg_f1": 0.3704194128513336
}