{
    "loss": 1.046875,
    "acc": 0.6053358316421509,
    "macro_f1": 0.5385279655456543,
    "total_f1": 0.7461769580841064,
    "inf_f1": 0.6399413347244263,
    "perc_f1": 0.39844027161598206,
    "backg_f1": 0.3629705011844635
}