{
    "loss": 1.203125,
    "acc": 0.5633631944656372,
    "macro_f1": 0.43194839358329773,
    "total_f1": 0.6811802983283997,
    "inf_f1": 0.45158666372299194,
    "perc_f1": 0.2580275237560272,
    "backg_f1": 0.27286043763160706
}