{
    "loss": 1.34375,
    "acc": 0.3168496787548065,
    "macro_f1": 0.28074920177459717,
    "total_f1": 0.5990587472915649,
    "inf_f1": 0.2741623818874359,
    "perc_f1": 0.24586500227451324,
    "backg_f1": 0.1726970076560974
}