{
    "loss": 1.015625,
    "acc": 0.6744593381881714,
    "macro_f1": 0.5804044604301453,
    "total_f1": 0.7756769061088562,
    "inf_f1": 0.639578640460968,
    "perc_f1": 0.4350404441356659,
    "backg_f1": 0.42714932560920715
}