{
    "loss": 1.140625,
    "acc": 0.5460554361343384,
    "macro_f1": 0.4267534911632538,
    "total_f1": 0.7134777903556824,
    "inf_f1": 0.46228957176208496,
    "perc_f1": 0.23306232690811157,
    "backg_f1": 0.2731291949748993
}