{
    "loss": 1.1953125,
    "acc": 0.5633375644683838,
    "macro_f1": 0.4116396903991699,
    "total_f1": 0.7124139666557312,
    "inf_f1": 0.4624405801296234,
    "perc_f1": 0.1296619027853012,
    "backg_f1": 0.29765716195106506
}