{
    "loss": 1.15625,
    "acc": 0.5748590230941772,
    "macro_f1": 0.46615225076675415,
    "total_f1": 0.70871502161026,
    "inf_f1": 0.48206523060798645,
    "perc_f1": 0.2663363218307495,
    "backg_f1": 0.36776119470596313
}