{
    "loss": 1.359375,
    "acc": 0.5171911716461182,
    "macro_f1": 0.3271864652633667,
    "total_f1": 0.5707245469093323,
    "inf_f1": 0.14273075759410858,
    "perc_f1": 0.20565186440944672,
    "backg_f1": 0.23918291926383972
}