{
    "loss": 2.796875,
    "acc": 0.5790430903434753,
    "macro_f1": 0.24061526358127594,
    "total_f1": 0.2053128033876419,
    "inf_f1": 0.1316089779138565,
    "perc_f1": 0.08769230544567108,
    "backg_f1": 0.0
}