{
    "loss": 1.1953125,
    "acc": 0.5167667269706726,
    "macro_f1": 0.42322468757629395,
    "total_f1": 0.7152849435806274,
    "inf_f1": 0.4151152968406677,
    "perc_f1": 0.32367148995399475,
    "backg_f1": 0.23710575699806213
}