{
    "loss": 1.15625,
    "acc": 0.5991753339767456,
    "macro_f1": 0.41711002588272095,
    "total_f1": 0.70745450258255,
    "inf_f1": 0.4832434058189392,
    "perc_f1": 0.11432706564664841,
    "backg_f1": 0.28249043226242065
}