{
    "loss": 1.34375,
    "acc": 0.635206937789917,
    "macro_f1": 0.536027193069458,
    "total_f1": 0.7090511918067932,
    "inf_f1": 0.6160337328910828,
    "perc_f1": 0.3573223650455475,
    "backg_f1": 0.3865054249763489
}