{
    "loss": 1.9453125,
    "acc": 0.656019389629364,
    "macro_f1": 0.511663556098938,
    "total_f1": 0.6790951490402222,
    "inf_f1": 0.6148913502693176,
    "perc_f1": 0.36560913920402527,
    "backg_f1": 0.26155605912208557
}