{
    "loss": 1.09375,
    "acc": 0.5542598962783813,
    "macro_f1": 0.4422999620437622,
    "total_f1": 0.7237688899040222,
    "inf_f1": 0.4668145179748535,
    "perc_f1": 0.262777715921402,
    "backg_f1": 0.2987842857837677
}