{
    "loss": 1.0625,
    "acc": 0.45173290371894836,
    "macro_f1": 0.4417670965194702,
    "total_f1": 0.6655200123786926,
    "inf_f1": 0.6034619212150574,
    "perc_f1": 0.280828595161438,
    "backg_f1": 0.35151463747024536
}