{
    "loss": 1.5703125,
    "acc": 0.6476353406906128,
    "macro_f1": 0.5449201464653015,
    "total_f1": 0.7230693697929382,
    "inf_f1": 0.6263517141342163,
    "perc_f1": 0.3961343467235565,
    "backg_f1": 0.35782572627067566
}