{
    "loss": 1.0390625,
    "acc": 0.6330814361572266,
    "macro_f1": 0.4874664843082428,
    "total_f1": 0.731743574142456,
    "inf_f1": 0.5725910663604736,
    "perc_f1": 0.26601600646972656,
    "backg_f1": 0.3032859265804291
}