{
    "loss": 2.0625,
    "acc": 0.6618350148200989,
    "macro_f1": 0.5357295870780945,
    "total_f1": 0.6939867734909058,
    "inf_f1": 0.6391147971153259,
    "perc_f1": 0.37468236684799194,
    "backg_f1": 0.3215999901294708
}