{
    "loss": 1.09375,
    "acc": 0.6218043565750122,
    "macro_f1": 0.5186863541603088,
    "total_f1": 0.7051742672920227,
    "inf_f1": 0.6225965023040771,
    "perc_f1": 0.28773099184036255,
    "backg_f1": 0.3882993459701538
}