{
    "loss": 1.3671875,
    "acc": 0.3198814392089844,
    "macro_f1": 0.2838594317436218,
    "total_f1": 0.5825800895690918,
    "inf_f1": 0.24211853742599487,
    "perc_f1": 0.23017442226409912,
    "backg_f1": 0.2254471778869629
}