{
    "loss": 1.3828125,
    "acc": 0.31206628680229187,
    "macro_f1": 0.2737613916397095,
    "total_f1": 0.5732175707817078,
    "inf_f1": 0.22058552503585815,
    "perc_f1": 0.2208857238292694,
    "backg_f1": 0.21993012726306915
}