{
    "loss": 1.390625,
    "acc": 0.297446608543396,
    "macro_f1": 0.2653377056121826,
    "total_f1": 0.5738778114318848,
    "inf_f1": 0.21435092389583588,
    "perc_f1": 0.21572871506214142,
    "backg_f1": 0.22357463836669922
}