{
    "loss": 1.4609375,
    "acc": 0.1996900886297226,
    "macro_f1": 0.19365602731704712,
    "total_f1": 0.5688445568084717,
    "inf_f1": 0.15344518423080444,
    "perc_f1": 0.17376981675624847,
    "backg_f1": 0.24141696095466614
}