{
    "loss": 1.3671875,
    "acc": 0.32042041420936584,
    "macro_f1": 0.28404200077056885,
    "total_f1": 0.5828242301940918,
    "inf_f1": 0.24273072183132172,
    "perc_f1": 0.23090778291225433,
    "backg_f1": 0.2234203815460205
}