{
    "loss": 1.375,
    "acc": 0.32122886180877686,
    "macro_f1": 0.28532874584198,
    "total_f1": 0.5837831497192383,
    "inf_f1": 0.24646247923374176,
    "perc_f1": 0.2309218794107437,
    "backg_f1": 0.22507603466510773
}