{
    "loss": 1.3671875,
    "acc": 0.32001617550849915,
    "macro_f1": 0.2842518985271454,
    "total_f1": 0.5835727453231812,
    "inf_f1": 0.24384988844394684,
    "perc_f1": 0.23047927021980286,
    "backg_f1": 0.22511407732963562
}