{
    "loss": 1.3671875,
    "acc": 0.3214309811592102,
    "macro_f1": 0.2853033244609833,
    "total_f1": 0.583573043346405,
    "inf_f1": 0.24624194204807281,
    "perc_f1": 0.2300596833229065,
    "backg_f1": 0.22549019753932953
}