{
    "loss": 1.4140625,
    "acc": 0.2647712826728821,
    "macro_f1": 0.2409357875585556,
    "total_f1": 0.5628248453140259,
    "inf_f1": 0.18617479503154755,
    "perc_f1": 0.19892174005508423,
    "backg_f1": 0.22423313558101654
}