{
    "loss": 1.359375,
    "acc": 0.3209593892097473,
    "macro_f1": 0.2848401367664337,
    "total_f1": 0.5838028192520142,
    "inf_f1": 0.24479541182518005,
    "perc_f1": 0.2306026667356491,
    "backg_f1": 0.22477218508720398
}