{
    "loss": 1.40625,
    "acc": 0.28026679158210754,
    "macro_f1": 0.2517620325088501,
    "total_f1": 0.5658038258552551,
    "inf_f1": 0.20063112676143646,
    "perc_f1": 0.2102179080247879,
    "backg_f1": 0.21309544146060944
}