{
    "loss": 1.375,
    "acc": 0.3135484755039215,
    "macro_f1": 0.27892473340034485,
    "total_f1": 0.5813382863998413,
    "inf_f1": 0.23426322638988495,
    "perc_f1": 0.22690142691135406,
    "backg_f1": 0.22539418935775757
}