{
    "loss": 1.4296875,
    "acc": 0.2525769770145416,
    "macro_f1": 0.22926154732704163,
    "total_f1": 0.5577787756919861,
    "inf_f1": 0.16448195278644562,
    "perc_f1": 0.18987341225147247,
    "backg_f1": 0.22420084476470947
}