{
    "loss": 1.3671875,
    "acc": 0.30957353115081787,
    "macro_f1": 0.2747192084789276,
    "total_f1": 0.5785877108573914,
    "inf_f1": 0.22876517474651337,
    "perc_f1": 0.2243223935365677,
    "backg_f1": 0.2200033813714981
}