{
    "loss": 1.359375,
    "acc": 0.32122886180877686,
    "macro_f1": 0.2850039005279541,
    "total_f1": 0.5838567614555359,
    "inf_f1": 0.24535049498081207,
    "perc_f1": 0.23121386766433716,
    "backg_f1": 0.22380226850509644
}