{
    "loss": 1.3671875,
    "acc": 0.3155696392059326,
    "macro_f1": 0.28144901990890503,
    "total_f1": 0.5827644467353821,
    "inf_f1": 0.2415459007024765,
    "perc_f1": 0.22972489893436432,
    "backg_f1": 0.2244623601436615
}