{
    "loss": 1.3671875,
    "acc": 0.3144916892051697,
    "macro_f1": 0.2801680564880371,
    "total_f1": 0.5821661949157715,
    "inf_f1": 0.23787446320056915,
    "perc_f1": 0.22854039072990417,
    "backg_f1": 0.22477522492408752
}