{
    "loss": 1.390625,
    "acc": 0.290776789188385,
    "macro_f1": 0.2594803273677826,
    "total_f1": 0.5698097944259644,
    "inf_f1": 0.20820190012454987,
    "perc_f1": 0.21230486035346985,
    "backg_f1": 0.2180279791355133
}