{
    "loss": 1.3671875,
    "acc": 0.3202856481075287,
    "macro_f1": 0.28460192680358887,
    "total_f1": 0.5830743312835693,
    "inf_f1": 0.24517512321472168,
    "perc_f1": 0.23050479590892792,
    "backg_f1": 0.2253711223602295
}