{
    "loss": 1.140625,
    "acc": 0.5347158908843994,
    "macro_f1": 0.5223265886306763,
    "total_f1": 0.7092506289482117,
    "inf_f1": 0.664588212966919,
    "perc_f1": 0.4170720875263214,
    "backg_f1": 0.3564521074295044
}