{
    "loss": 1.4921875,
    "acc": 0.6776423454284668,
    "macro_f1": 0.5731672048568726,
    "total_f1": 0.7895830273628235,
    "inf_f1": 0.649617612361908,
    "perc_f1": 0.4644700288772583,
    "backg_f1": 0.3424079716205597
}