{
    "loss": 1.2265625,
    "acc": 0.6591474413871765,
    "macro_f1": 0.5819742679595947,
    "total_f1": 0.7664607167243958,
    "inf_f1": 0.6635046005249023,
    "perc_f1": 0.4479234516620636,
    "backg_f1": 0.4124981164932251
}