{
    "loss": 1.1015625,
    "acc": 0.5947486758232117,
    "macro_f1": 0.4916916787624359,
    "total_f1": 0.736547589302063,
    "inf_f1": 0.5751072764396667,
    "perc_f1": 0.3804892301559448,
    "backg_f1": 0.24105718731880188
}