{
    "loss": 1.46875,
    "acc": 0.6120914220809937,
    "macro_f1": 0.5367832183837891,
    "total_f1": 0.7482069730758667,
    "inf_f1": 0.6068111658096313,
    "perc_f1": 0.4336327314376831,
    "backg_f1": 0.33310839533805847
}