{
    "loss": 1.015625,
    "acc": 0.6117275953292847,
    "macro_f1": 0.5496004819869995,
    "total_f1": 0.7582524418830872,
    "inf_f1": 0.6245253682136536,
    "perc_f1": 0.4272552728652954,
    "backg_f1": 0.388046532869339
}