{
    "loss": 1.0390625,
    "acc": 0.5450851917266846,
    "macro_f1": 0.4877893924713135,
    "total_f1": 0.7246326804161072,
    "inf_f1": 0.60554039478302,
    "perc_f1": 0.3094898760318756,
    "backg_f1": 0.34452155232429504
}