{
    "loss": 1.328125,
    "acc": 0.6750643849372864,
    "macro_f1": 0.5844326615333557,
    "total_f1": 0.7679717540740967,
    "inf_f1": 0.6629619598388672,
    "perc_f1": 0.437330424785614,
    "backg_f1": 0.4156748950481415
}