{
    "loss": 1.1875,
    "acc": 0.6767807006835938,
    "macro_f1": 0.5785703659057617,
    "total_f1": 0.7576262354850769,
    "inf_f1": 0.6720771193504333,
    "perc_f1": 0.4389517605304718,
    "backg_f1": 0.3809230625629425
}