{
    "loss": 1.03125,
    "acc": 0.6238200068473816,
    "macro_f1": 0.49903807044029236,
    "total_f1": 0.7463163733482361,
    "inf_f1": 0.5847107172012329,
    "perc_f1": 0.33666133880615234,
    "backg_f1": 0.27488985657691956
}