{
    "loss": 1.5859375,
    "acc": 0.6951084733009338,
    "macro_f1": 0.5797528028488159,
    "total_f1": 0.758212149143219,
    "inf_f1": 0.6686632037162781,
    "perc_f1": 0.4415140450000763,
    "backg_f1": 0.36895430088043213
}