{
    "loss": 1.515625,
    "acc": 0.691369354724884,
    "macro_f1": 0.6016454100608826,
    "total_f1": 0.7657710313796997,
    "inf_f1": 0.6797268986701965,
    "perc_f1": 0.47962382435798645,
    "backg_f1": 0.4166795015335083
}