{
    "loss": 1.0546875,
    "acc": 0.621184229850769,
    "macro_f1": 0.5394907593727112,
    "total_f1": 0.7500324249267578,
    "inf_f1": 0.6365914940834045,
    "perc_f1": 0.36933597922325134,
    "backg_f1": 0.3761955499649048
}