{
    "loss": 0.984375,
    "acc": 0.6285399198532104,
    "macro_f1": 0.5602127313613892,
    "total_f1": 0.7610527873039246,
    "inf_f1": 0.6426389813423157,
    "perc_f1": 0.4358583986759186,
    "backg_f1": 0.37663090229034424
}