{
    "loss": 1.625,
    "acc": 0.6662988662719727,
    "macro_f1": 0.5940556526184082,
    "total_f1": 0.762060284614563,
    "inf_f1": 0.6732215285301208,
    "perc_f1": 0.4781826436519623,
    "backg_f1": 0.41984397172927856
}