{
    "loss": 1.0078125,
    "acc": 0.6415145397186279,
    "macro_f1": 0.5226746797561646,
    "total_f1": 0.7358009219169617,
    "inf_f1": 0.5814314484596252,
    "perc_f1": 0.31931668519973755,
    "backg_f1": 0.39413076639175415
}