{
    "loss": 1.1796875,
    "acc": 0.6583575010299683,
    "macro_f1": 0.58838951587677,
    "total_f1": 0.764382541179657,
    "inf_f1": 0.6638185977935791,
    "perc_f1": 0.4589011073112488,
    "backg_f1": 0.43126240372657776
}