{
    "loss": 1.1328125,
    "acc": 0.6776931881904602,
    "macro_f1": 0.47947490215301514,
    "total_f1": 0.6379292607307434,
    "inf_f1": 0.5798889398574829,
    "perc_f1": 0.39621591567993164,
    "backg_f1": 0.11744145303964615
}