{
    "loss": 1.3515625,
    "acc": 0.6548541188240051,
    "macro_f1": 0.5855079889297485,
    "total_f1": 0.7386065721511841,
    "inf_f1": 0.6654534339904785,
    "perc_f1": 0.4886390268802643,
    "backg_f1": 0.401932030916214
}