{
    "loss": 0.98828125,
    "acc": 0.6547867655754089,
    "macro_f1": 0.56839519739151,
    "total_f1": 0.7495291829109192,
    "inf_f1": 0.6520125865936279,
    "perc_f1": 0.46774500608444214,
    "backg_f1": 0.356431245803833
}