{
    "loss": 1.7421875,
    "acc": 0.6885400414466858,
    "macro_f1": 0.5686127543449402,
    "total_f1": 0.7247215509414673,
    "inf_f1": 0.6523319482803345,
    "perc_f1": 0.45109662413597107,
    "backg_f1": 0.34271207451820374
}