{
    "loss": 1.015625,
    "acc": 0.5411436557769775,
    "macro_f1": 0.4972449541091919,
    "total_f1": 0.7263703942298889,
    "inf_f1": 0.6101694703102112,
    "perc_f1": 0.3217630982398987,
    "backg_f1": 0.3831155300140381
}