{
    "loss": 0.97265625,
    "acc": 0.6249469518661499,
    "macro_f1": 0.5243139266967773,
    "total_f1": 0.7550967335700989,
    "inf_f1": 0.5612983107566833,
    "perc_f1": 0.3868243098258972,
    "backg_f1": 0.3636952042579651
}