{
    "loss": 0.98828125,
    "acc": 0.6408950090408325,
    "macro_f1": 0.5514005422592163,
    "total_f1": 0.7531005144119263,
    "inf_f1": 0.6366062164306641,
    "perc_f1": 0.43861663341522217,
    "backg_f1": 0.3342541456222534
}