{
    "loss": 1.171875,
    "acc": 0.6569426655769348,
    "macro_f1": 0.5816493034362793,
    "total_f1": 0.7457754015922546,
    "inf_f1": 0.7126187086105347,
    "perc_f1": 0.4956613779067993,
    "backg_f1": 0.326752632856369
}