{
    "loss": 1.1171875,
    "acc": 0.6768173575401306,
    "macro_f1": 0.5944416522979736,
    "total_f1": 0.7588701844215393,
    "inf_f1": 0.6802600622177124,
    "perc_f1": 0.4529220759868622,
    "backg_f1": 0.4322678744792938
}