{
    "loss": 1.6015625,
    "acc": 0.7024186253547668,
    "macro_f1": 0.57649827003479,
    "total_f1": 0.7292768359184265,
    "inf_f1": 0.6695200204849243,
    "perc_f1": 0.49418899416923523,
    "backg_f1": 0.30534350872039795
}