{
    "loss": 1.1171875,
    "acc": 0.6541804075241089,
    "macro_f1": 0.4903801381587982,
    "total_f1": 0.6797198057174683,
    "inf_f1": 0.6225634813308716,
    "perc_f1": 0.40272054076194763,
    "backg_f1": 0.12845304608345032
}