{
    "loss": 1.03125,
    "acc": 0.6824765801429749,
    "macro_f1": 0.5843406915664673,
    "total_f1": 0.7518312931060791,
    "inf_f1": 0.6499999761581421,
    "perc_f1": 0.46739131212234497,
    "backg_f1": 0.3985614478588104
}