{
    "loss": 1.0,
    "acc": 0.6666442155838013,
    "macro_f1": 0.5465097427368164,
    "total_f1": 0.7664278745651245,
    "inf_f1": 0.5874391794204712,
    "perc_f1": 0.37529832124710083,
    "backg_f1": 0.401427686214447
}