{
    "loss": 1.140625,
    "acc": 0.6423229575157166,
    "macro_f1": 0.5703209638595581,
    "total_f1": 0.7545004487037659,
    "inf_f1": 0.660106360912323,
    "perc_f1": 0.4388388395309448,
    "backg_f1": 0.3997687101364136
}