{
    "loss": 1.015625,
    "acc": 0.6410428881645203,
    "macro_f1": 0.5780994892120361,
    "total_f1": 0.7560924291610718,
    "inf_f1": 0.6516371369361877,
    "perc_f1": 0.43424007296562195,
    "backg_f1": 0.4538554847240448
}