{
    "loss": 0.99609375,
    "acc": 0.6894832849502563,
    "macro_f1": 0.5846652388572693,
    "total_f1": 0.7643868923187256,
    "inf_f1": 0.6586592197418213,
    "perc_f1": 0.45318159461021423,
    "backg_f1": 0.394785076379776
}