{
    "loss": 1.1015625,
    "acc": 0.6085696816444397,
    "macro_f1": 0.462650865316391,
    "total_f1": 0.7532506585121155,
    "inf_f1": 0.5018738508224487,
    "perc_f1": 0.29952266812324524,
    "backg_f1": 0.2517338693141937
}