{
    "loss": 1.3515625,
    "acc": 0.31631073355674744,
    "macro_f1": 0.2835450768470764,
    "total_f1": 0.5975337028503418,
    "inf_f1": 0.26799336075782776,
    "perc_f1": 0.24498054385185242,
    "backg_f1": 0.19397591054439545
}