{
    "loss": 1.03125,
    "acc": 0.4967324733734131,
    "macro_f1": 0.4790002405643463,
    "total_f1": 0.6950913667678833,
    "inf_f1": 0.624172568321228,
    "perc_f1": 0.3524601459503174,
    "backg_f1": 0.3339587152004242
}