{
    "loss": 1.140625,
    "acc": 0.678703784942627,
    "macro_f1": 0.5899242162704468,
    "total_f1": 0.7663551568984985,
    "inf_f1": 0.6577540040016174,
    "perc_f1": 0.4498707354068756,
    "backg_f1": 0.4354534447193146
}