{
    "loss": 1.2734375,
    "acc": 0.6762109994888306,
    "macro_f1": 0.5874640941619873,
    "total_f1": 0.7594430446624756,
    "inf_f1": 0.6655817627906799,
    "perc_f1": 0.4351511597633362,
    "backg_f1": 0.43651482462882996
}