{
    "loss": 1.0546875,
    "acc": 0.5121980905532837,
    "macro_f1": 0.4953612983226776,
    "total_f1": 0.7061961889266968,
    "inf_f1": 0.6188340783119202,
    "perc_f1": 0.39169785380363464,
    "backg_f1": 0.3322198688983917
}