{
    "loss": 1.1328125,
    "acc": 0.6757386326789856,
    "macro_f1": 0.5621563792228699,
    "total_f1": 0.7299358248710632,
    "inf_f1": 0.6396539807319641,
    "perc_f1": 0.4487003982067108,
    "backg_f1": 0.34481433033943176
}