{
    "loss": 1.8046875,
    "acc": 0.696027934551239,
    "macro_f1": 0.5646238327026367,
    "total_f1": 0.7463067770004272,
    "inf_f1": 0.6491698026657104,
    "perc_f1": 0.4368841052055359,
    "backg_f1": 0.33046168088912964
}