{
    "loss": 1.5546875,
    "acc": 0.6884270906448364,
    "macro_f1": 0.5819263458251953,
    "total_f1": 0.7313202619552612,
    "inf_f1": 0.6645091772079468,
    "perc_f1": 0.48247718811035156,
    "backg_f1": 0.3582615554332733
}