{
    "loss": 1.25,
    "acc": 0.6460095643997192,
    "macro_f1": 0.569257378578186,
    "total_f1": 0.751167356967926,
    "inf_f1": 0.6402620673179626,
    "perc_f1": 0.45020174980163574,
    "backg_f1": 0.39254844188690186
}