{
    "loss": 1.171875,
    "acc": 0.6761677265167236,
    "macro_f1": 0.47557929158210754,
    "total_f1": 0.7024524211883545,
    "inf_f1": 0.6097889542579651,
    "perc_f1": 0.38370996713638306,
    "backg_f1": 0.07432432472705841
}