{
    "loss": 1.078125,
    "acc": 0.6203873753547668,
    "macro_f1": 0.530548095703125,
    "total_f1": 0.7658119797706604,
    "inf_f1": 0.6187615394592285,
    "perc_f1": 0.31094443798065186,
    "backg_f1": 0.4122334122657776
}