{
    "loss": 1.8828125,
    "acc": 0.6632340550422668,
    "macro_f1": 0.5642655491828918,
    "total_f1": 0.7296819686889648,
    "inf_f1": 0.654954731464386,
    "perc_f1": 0.430321604013443,
    "backg_f1": 0.36460235714912415
}