{
    "loss": 1.1328125,
    "acc": 0.6414735913276672,
    "macro_f1": 0.4998745918273926,
    "total_f1": 0.7388848662376404,
    "inf_f1": 0.5270537734031677,
    "perc_f1": 0.3132445812225342,
    "backg_f1": 0.35082513093948364
}