{
    "loss": 1.46875,
    "acc": 0.6360181570053101,
    "macro_f1": 0.5756666660308838,
    "total_f1": 0.7282339334487915,
    "inf_f1": 0.6835871338844299,
    "perc_f1": 0.4728950262069702,
    "backg_f1": 0.3758142292499542
}