{
    "loss": 1.109375,
    "acc": 0.5852642059326172,
    "macro_f1": 0.4296426475048065,
    "total_f1": 0.7260115742683411,
    "inf_f1": 0.49645155668258667,
    "perc_f1": 0.3361895978450775,
    "backg_f1": 0.11072445660829544
}