{
    "loss": 2.0,
    "acc": 0.6669731736183167,
    "macro_f1": 0.5623397827148438,
    "total_f1": 0.72344571352005,
    "inf_f1": 0.672682523727417,
    "perc_f1": 0.44634655117988586,
    "backg_f1": 0.3218437731266022
}