{
    "loss": 1.2890625,
    "acc": 0.6080054044723511,
    "macro_f1": 0.5410826206207275,
    "total_f1": 0.7400522232055664,
    "inf_f1": 0.6038490533828735,
    "perc_f1": 0.4343506097793579,
    "backg_f1": 0.36742880940437317
}