{
    "loss": 1.046875,
    "acc": 0.6295206546783447,
    "macro_f1": 0.5379626750946045,
    "total_f1": 0.7486886382102966,
    "inf_f1": 0.6277790069580078,
    "perc_f1": 0.44543761014938354,
    "backg_f1": 0.2940948009490967
}