{
    "loss": 1.4375,
    "acc": 0.6156062483787537,
    "macro_f1": 0.5368185639381409,
    "total_f1": 0.7280901670455933,
    "inf_f1": 0.6275981664657593,
    "perc_f1": 0.3921225368976593,
    "backg_f1": 0.35614442825317383
}