{
    "loss": 1.6015625,
    "acc": 0.6550815105438232,
    "macro_f1": 0.5637142658233643,
    "total_f1": 0.7424938082695007,
    "inf_f1": 0.6663212180137634,
    "perc_f1": 0.44379496574401855,
    "backg_f1": 0.3420557677745819
}