{
    "loss": 1.1015625,
    "acc": 0.5422336459159851,
    "macro_f1": 0.48421958088874817,
    "total_f1": 0.7306247353553772,
    "inf_f1": 0.44522690773010254,
    "perc_f1": 0.4220605194568634,
    "backg_f1": 0.3737344443798065
}