{
    "loss": 1.4453125,
    "acc": 0.6954762935638428,
    "macro_f1": 0.587055504322052,
    "total_f1": 0.7517588138580322,
    "inf_f1": 0.6952083706855774,
    "perc_f1": 0.45941805839538574,
    "backg_f1": 0.35664844512939453
}