{
    "loss": 1.1875,
    "acc": 0.6153610348701477,
    "macro_f1": 0.5726795792579651,
    "total_f1": 0.739470899105072,
    "inf_f1": 0.6992443203926086,
    "perc_f1": 0.4613541066646576,
    "backg_f1": 0.3875690698623657
}