{
    "loss": 1.875,
    "acc": 0.6716317534446716,
    "macro_f1": 0.5782274007797241,
    "total_f1": 0.7496749758720398,
    "inf_f1": 0.6803390979766846,
    "perc_f1": 0.442748099565506,
    "backg_f1": 0.37436071038246155
}