{
    "loss": 1.1875,
    "acc": 0.6014466285705566,
    "macro_f1": 0.468650758266449,
    "total_f1": 0.7542367577552795,
    "inf_f1": 0.5914221405982971,
    "perc_f1": 0.1538461595773697,
    "backg_f1": 0.3490479290485382
}