{
    "loss": 1.140625,
    "acc": 0.4244207441806793,
    "macro_f1": 0.434109628200531,
    "total_f1": 0.6621060371398926,
    "inf_f1": 0.5173144936561584,
    "perc_f1": 0.40239840745925903,
    "backg_f1": 0.33386531472206116
}