{
    "loss": 1.078125,
    "acc": 0.6110089421272278,
    "macro_f1": 0.46810728311538696,
    "total_f1": 0.737609326839447,
    "inf_f1": 0.5279672741889954,
    "perc_f1": 0.326347291469574,
    "backg_f1": 0.2255561351776123
}