{
    "loss": 1.515625,
    "acc": 0.6884270906448364,
    "macro_f1": 0.5912853479385376,
    "total_f1": 0.7707670331001282,
    "inf_f1": 0.6793969869613647,
    "perc_f1": 0.4650551676750183,
    "backg_f1": 0.38912826776504517
}