{
    "loss": 1.7265625,
    "acc": 0.6357729434967041,
    "macro_f1": 0.5731281042098999,
    "total_f1": 0.7404696941375732,
    "inf_f1": 0.6965637803077698,
    "perc_f1": 0.4518811106681824,
    "backg_f1": 0.36575302481651306
}