{
    "loss": 1.046875,
    "acc": 0.6354051828384399,
    "macro_f1": 0.5485823750495911,
    "total_f1": 0.7485533952713013,
    "inf_f1": 0.6513004899024963,
    "perc_f1": 0.4941902756690979,
    "backg_f1": 0.26835647225379944
}