{
    "loss": 0.984375,
    "acc": 0.5466617941856384,
    "macro_f1": 0.509351372718811,
    "total_f1": 0.7206873297691345,
    "inf_f1": 0.6209094524383545,
    "perc_f1": 0.36498722434043884,
    "backg_f1": 0.379306435585022
}