{
    "loss": 1.0390625,
    "acc": 0.6493238806724548,
    "macro_f1": 0.52280592918396,
    "total_f1": 0.7459233999252319,
    "inf_f1": 0.6245425939559937,
    "perc_f1": 0.3988269865512848,
    "backg_f1": 0.25341615080833435
}