{
    "loss": 0.99609375,
    "acc": 0.5604268908500671,
    "macro_f1": 0.5039013624191284,
    "total_f1": 0.7373853325843811,
    "inf_f1": 0.5844324827194214,
    "perc_f1": 0.3620138168334961,
    "backg_f1": 0.3638443946838379
}