{
    "loss": 1.4453125,
    "acc": 0.6835545301437378,
    "macro_f1": 0.589557409286499,
    "total_f1": 0.7506455779075623,
    "inf_f1": 0.6595330834388733,
    "perc_f1": 0.46313193440437317,
    "backg_f1": 0.4142394959926605
}