{
    "loss": 0.9765625,
    "acc": 0.6366637349128723,
    "macro_f1": 0.5344609618186951,
    "total_f1": 0.7452731728553772,
    "inf_f1": 0.5997790098190308,
    "perc_f1": 0.36400818824768066,
    "backg_f1": 0.38461539149284363
}