{
    "loss": 1.5546875,
    "acc": 0.6915717720985413,
    "macro_f1": 0.6021754741668701,
    "total_f1": 0.749535858631134,
    "inf_f1": 0.696466326713562,
    "perc_f1": 0.46249377727508545,
    "backg_f1": 0.4291369616985321
}