{
    "loss": 1.640625,
    "acc": 0.7084820866584778,
    "macro_f1": 0.6016361117362976,
    "total_f1": 0.7532311677932739,
    "inf_f1": 0.695358157157898,
    "perc_f1": 0.4707091450691223,
    "backg_f1": 0.40061700344085693
}