{
    "loss": 1.2734375,
    "acc": 0.6971636414527893,
    "macro_f1": 0.5846750736236572,
    "total_f1": 0.7600635886192322,
    "inf_f1": 0.6775225400924683,
    "perc_f1": 0.4679335057735443,
    "backg_f1": 0.35488373041152954
}