{
    "loss": 1.171875,
    "acc": 0.6764131188392639,
    "macro_f1": 0.5891367793083191,
    "total_f1": 0.7588564157485962,
    "inf_f1": 0.6707317233085632,
    "perc_f1": 0.4384031295776367,
    "backg_f1": 0.4320203363895416
}