{
    "loss": 0.98046875,
    "acc": 0.680927038192749,
    "macro_f1": 0.5821847915649414,
    "total_f1": 0.7465274930000305,
    "inf_f1": 0.6633554100990295,
    "perc_f1": 0.4731582701206207,
    "backg_f1": 0.37544170022010803
}