{
    "loss": 1.2734375,
    "acc": 0.6817355155944824,
    "macro_f1": 0.4393560588359833,
    "total_f1": 0.6589999198913574,
    "inf_f1": 0.6094890236854553,
    "perc_f1": 0.07496395707130432,
    "backg_f1": 0.23946243524551392
}