{
    "loss": 1.65625,
    "acc": 0.692582368850708,
    "macro_f1": 0.5994068384170532,
    "total_f1": 0.7542125582695007,
    "inf_f1": 0.6918162703514099,
    "perc_f1": 0.4898236095905304,
    "backg_f1": 0.39093852043151855
}