{
    "loss": 1.1015625,
    "acc": 0.5192528963088989,
    "macro_f1": 0.45250844955444336,
    "total_f1": 0.7207460403442383,
    "inf_f1": 0.48238635063171387,
    "perc_f1": 0.33938223123550415,
    "backg_f1": 0.315714031457901
}