{
    "loss": 1.0078125,
    "acc": 0.5295009613037109,
    "macro_f1": 0.5039293766021729,
    "total_f1": 0.7165289521217346,
    "inf_f1": 0.6133449077606201,
    "perc_f1": 0.38397789001464844,
    "backg_f1": 0.3707239329814911
}