{
    "loss": 1.0390625,
    "acc": 0.6783093810081482,
    "macro_f1": 0.5279049873352051,
    "total_f1": 0.7539823055267334,
    "inf_f1": 0.6099847555160522,
    "perc_f1": 0.3292427361011505,
    "backg_f1": 0.3323465585708618
}