{
    "loss": 1.015625,
    "acc": 0.6456855535507202,
    "macro_f1": 0.5351939797401428,
    "total_f1": 0.7592363953590393,
    "inf_f1": 0.6477243900299072,
    "perc_f1": 0.4328593909740448,
    "backg_f1": 0.2505287826061249
}