{
    "loss": 1.203125,
    "acc": 0.6371960639953613,
    "macro_f1": 0.5592527389526367,
    "total_f1": 0.7568386793136597,
    "inf_f1": 0.6446784734725952,
    "perc_f1": 0.4386792480945587,
    "backg_f1": 0.36077219247817993
}