{
    "loss": 1.0078125,
    "acc": 0.608453094959259,
    "macro_f1": 0.5413303971290588,
    "total_f1": 0.7546128630638123,
    "inf_f1": 0.602799654006958,
    "perc_f1": 0.42556023597717285,
    "backg_f1": 0.377108097076416
}