{
    "loss": 1.078125,
    "acc": 0.5048814415931702,
    "macro_f1": 0.4697936475276947,
    "total_f1": 0.7062005996704102,
    "inf_f1": 0.5818668603897095,
    "perc_f1": 0.3214285671710968,
    "backg_f1": 0.3503619432449341
}