{
    "loss": 1.40625,
    "acc": 0.640834391117096,
    "macro_f1": 0.5514580011367798,
    "total_f1": 0.7692810297012329,
    "inf_f1": 0.6373327374458313,
    "perc_f1": 0.3840596675872803,
    "backg_f1": 0.3843943774700165
}