{
    "loss": 1.0546875,
    "acc": 0.5721908807754517,
    "macro_f1": 0.5044533014297485,
    "total_f1": 0.7381943464279175,
    "inf_f1": 0.5978512763977051,
    "perc_f1": 0.33026358485221863,
    "backg_f1": 0.36196455359458923
}