{
    "loss": 1.375,
    "acc": 0.6484143137931824,
    "macro_f1": 0.5549808144569397,
    "total_f1": 0.7647058963775635,
    "inf_f1": 0.6466715335845947,
    "perc_f1": 0.40782395005226135,
    "backg_f1": 0.3567207157611847
}