{
    "loss": 1.40625,
    "acc": 0.2797278165817261,
    "macro_f1": 0.24883419275283813,
    "total_f1": 0.5678403377532959,
    "inf_f1": 0.21130616962909698,
    "perc_f1": 0.22092486917972565,
    "backg_f1": 0.17838983237743378
}