{
    "loss": 0.9921875,
    "acc": 0.6797817349433899,
    "macro_f1": 0.5944578647613525,
    "total_f1": 0.760166347026825,
    "inf_f1": 0.6806433200836182,
    "perc_f1": 0.43182456493377686,
    "backg_f1": 0.45180824398994446
}