{
    "loss": 1.0390625,
    "acc": 0.6113992929458618,
    "macro_f1": 0.5635972023010254,
    "total_f1": 0.7423469424247742,
    "inf_f1": 0.6684797406196594,
    "perc_f1": 0.4234234094619751,
    "backg_f1": 0.42198532819747925
}