{
    "loss": 1.2578125,
    "acc": 0.45219969749450684,
    "macro_f1": 0.39176255464553833,
    "total_f1": 0.6361467242240906,
    "inf_f1": 0.38100236654281616,
    "perc_f1": 0.2831820249557495,
    "backg_f1": 0.3009049892425537
}