{
    "loss": 1.078125,
    "acc": 0.4444519281387329,
    "macro_f1": 0.44690972566604614,
    "total_f1": 0.6730212569236755,
    "inf_f1": 0.6250954270362854,
    "perc_f1": 0.33462944626808167,
    "backg_f1": 0.3057350516319275
}