{
    "loss": 1.140625,
    "acc": 0.6380111575126648,
    "macro_f1": 0.5761678218841553,
    "total_f1": 0.7496454119682312,
    "inf_f1": 0.6722407937049866,
    "perc_f1": 0.44676098227500916,
    "backg_f1": 0.4121548533439636
}