{
    "loss": 1.0390625,
    "acc": 0.6728424429893494,
    "macro_f1": 0.5779200792312622,
    "total_f1": 0.7532018423080444,
    "inf_f1": 0.6410333514213562,
    "perc_f1": 0.46003401279449463,
    "backg_f1": 0.39582446217536926
}