{
    "loss": 1.1328125,
    "acc": 0.675335168838501,
    "macro_f1": 0.5992530584335327,
    "total_f1": 0.7542760968208313,
    "inf_f1": 0.6826979517936707,
    "perc_f1": 0.4743303656578064,
    "backg_f1": 0.4339560866355896
}