{
    "loss": 1.140625,
    "acc": 0.6496664881706238,
    "macro_f1": 0.4715481996536255,
    "total_f1": 0.6594803929328918,
    "inf_f1": 0.5687392950057983,
    "perc_f1": 0.4091308116912842,
    "backg_f1": 0.10458452999591827
}