{
    "loss": 1.0,
    "acc": 0.6469042897224426,
    "macro_f1": 0.5333040952682495,
    "total_f1": 0.7451971173286438,
    "inf_f1": 0.603813111782074,
    "perc_f1": 0.36189907789230347,
    "backg_f1": 0.36779284477233887
}