{
    "loss": 1.5,
    "acc": 0.7078757882118225,
    "macro_f1": 0.593697726726532,
    "total_f1": 0.7398467063903809,
    "inf_f1": 0.6901365518569946,
    "perc_f1": 0.5092073678970337,
    "backg_f1": 0.3365049958229065
}