{
    "loss": 1.25,
    "acc": 0.6652967929840088,
    "macro_f1": 0.5926128625869751,
    "total_f1": 0.7439005970954895,
    "inf_f1": 0.6937973499298096,
    "perc_f1": 0.49450817704200745,
    "backg_f1": 0.3871433734893799
}