{
    "loss": 1.0703125,
    "acc": 0.6698780655860901,
    "macro_f1": 0.5704132914543152,
    "total_f1": 0.7619269490242004,
    "inf_f1": 0.631018877029419,
    "perc_f1": 0.4274728298187256,
    "backg_f1": 0.4058944284915924
}