{
    "loss": 1.03125,
    "acc": 0.6194165349006653,
    "macro_f1": 0.5152333378791809,
    "total_f1": 0.7596498727798462,
    "inf_f1": 0.5557111501693726,
    "perc_f1": 0.35749927163124084,
    "backg_f1": 0.36044830083847046
}