{
    "loss": 1.1796875,
    "acc": 0.6083002090454102,
    "macro_f1": 0.5364150404930115,
    "total_f1": 0.7365685701370239,
    "inf_f1": 0.6258648037910461,
    "perc_f1": 0.42272812128067017,
    "backg_f1": 0.33989760279655457
}