{
    "loss": 1.015625,
    "acc": 0.6725055575370789,
    "macro_f1": 0.5732488632202148,
    "total_f1": 0.7612640857696533,
    "inf_f1": 0.6462317109107971,
    "perc_f1": 0.45246899127960205,
    "backg_f1": 0.37486502528190613
}