{
    "loss": 1.0859375,
    "acc": 0.6649599075317383,
    "macro_f1": 0.4662177562713623,
    "total_f1": 0.6989217400550842,
    "inf_f1": 0.5757951140403748,
    "perc_f1": 0.23742137849330902,
    "backg_f1": 0.22510822117328644
}