{
    "loss": 1.3671875,
    "acc": 0.32203730940818787,
    "macro_f1": 0.28582000732421875,
    "total_f1": 0.583196222782135,
    "inf_f1": 0.24403373897075653,
    "perc_f1": 0.2322557270526886,
    "backg_f1": 0.22707276046276093
}