{
    "loss": 1.3671875,
    "acc": 0.314895898103714,
    "macro_f1": 0.28017017245292664,
    "total_f1": 0.581165611743927,
    "inf_f1": 0.23811225593090057,
    "perc_f1": 0.2278757095336914,
    "backg_f1": 0.2242928445339203
}