{
    "loss": 1.3671875,
    "acc": 0.3205551505088806,
    "macro_f1": 0.2852436304092407,
    "total_f1": 0.58358234167099,
    "inf_f1": 0.24451187252998352,
    "perc_f1": 0.23198847472667694,
    "backg_f1": 0.2276725322008133
}