{
    "loss": 1.4140625,
    "acc": 0.2630195915699005,
    "macro_f1": 0.23908719420433044,
    "total_f1": 0.5617088675498962,
    "inf_f1": 0.1849631816148758,
    "perc_f1": 0.19627560675144196,
    "backg_f1": 0.2219824194908142
}