{
    "loss": 1.390625,
    "acc": 0.29764872789382935,
    "macro_f1": 0.2653048038482666,
    "total_f1": 0.5737800002098083,
    "inf_f1": 0.21207177639007568,
    "perc_f1": 0.21760347485542297,
    "backg_f1": 0.22308188676834106
}