{
    "loss": 1.375,
    "acc": 0.30842822790145874,
    "macro_f1": 0.27383601665496826,
    "total_f1": 0.5781487226486206,
    "inf_f1": 0.22728081047534943,
    "perc_f1": 0.22491967678070068,
    "backg_f1": 0.21898798644542694
}