{
    "loss": 1.3671875,
    "acc": 0.3161086142063141,
    "macro_f1": 0.2817729711532593,
    "total_f1": 0.5822089910507202,
    "inf_f1": 0.24186377227306366,
    "perc_f1": 0.23032903671264648,
    "backg_f1": 0.22417880594730377
}