{
    "loss": 1.3671875,
    "acc": 0.3201509118080139,
    "macro_f1": 0.28386643528938293,
    "total_f1": 0.5826531052589417,
    "inf_f1": 0.24121864140033722,
    "perc_f1": 0.23085221648216248,
    "backg_f1": 0.22490233182907104
}