{
    "loss": 1.375,
    "acc": 0.31253790855407715,
    "macro_f1": 0.2782403528690338,
    "total_f1": 0.5806150436401367,
    "inf_f1": 0.2332736998796463,
    "perc_f1": 0.2261059582233429,
    "backg_f1": 0.22629666328430176
}