{
    "loss": 1.4609375,
    "acc": 0.19901637732982635,
    "macro_f1": 0.19324278831481934,
    "total_f1": 0.5681014657020569,
    "inf_f1": 0.15424582362174988,
    "perc_f1": 0.17368097603321075,
    "backg_f1": 0.2400682419538498
}