{
    "loss": 1.4296875,
    "acc": 0.2514990270137787,
    "macro_f1": 0.22864747047424316,
    "total_f1": 0.5576825737953186,
    "inf_f1": 0.16590024530887604,
    "perc_f1": 0.18746492266654968,
    "backg_f1": 0.224831223487854
}