{
    "loss": 1.390625,
    "acc": 0.29360640048980713,
    "macro_f1": 0.260911226272583,
    "total_f1": 0.5700191259384155,
    "inf_f1": 0.20825284719467163,
    "perc_f1": 0.21157024800777435,
    "backg_f1": 0.21868330240249634
}