{
    "loss": 1.40625,
    "acc": 0.2799299359321594,
    "macro_f1": 0.2517246603965759,
    "total_f1": 0.566416323184967,
    "inf_f1": 0.20218037068843842,
    "perc_f1": 0.2105071097612381,
    "backg_f1": 0.21195192635059357
}