{
    "loss": 1.3671875,
    "acc": 0.31954455375671387,
    "macro_f1": 0.283964067697525,
    "total_f1": 0.583084225654602,
    "inf_f1": 0.24266284704208374,
    "perc_f1": 0.23208190500736237,
    "backg_f1": 0.22451743483543396
}