{
    "loss": 1.3828125,
    "acc": 0.3111231029033661,
    "macro_f1": 0.2732972502708435,
    "total_f1": 0.5739889144897461,
    "inf_f1": 0.2208029180765152,
    "perc_f1": 0.21951662003993988,
    "backg_f1": 0.22077269852161407
}