{
    "loss": 1.390625,
    "acc": 0.619792640209198,
    "macro_f1": 0.5144194960594177,
    "total_f1": 0.7413315176963806,
    "inf_f1": 0.610786497592926,
    "perc_f1": 0.35797324776649475,
    "backg_f1": 0.2993432283401489
}