{
    "loss": 1.390625,
    "acc": 0.3753562569618225,
    "macro_f1": 0.36814719438552856,
    "total_f1": 0.6447831392288208,
    "inf_f1": 0.45273491740226746,
    "perc_f1": 0.28148308396339417,
    "backg_f1": 0.25988534092903137
}