{
    "loss": 1.5234375,
    "acc": 0.6052998900413513,
    "macro_f1": 0.5171970129013062,
    "total_f1": 0.7413038015365601,
    "inf_f1": 0.6213802695274353,
    "perc_f1": 0.2959427237510681,
    "backg_f1": 0.3815028965473175
}