{
    "loss": 1.2734375,
    "acc": 0.6037232279777527,
    "macro_f1": 0.5216963291168213,
    "total_f1": 0.7429224252700806,
    "inf_f1": 0.6219570636749268,
    "perc_f1": 0.32963550090789795,
    "backg_f1": 0.3702751398086548
}