{
    "loss": 1.1171875,
    "acc": 0.5850464105606079,
    "macro_f1": 0.5098739862442017,
    "total_f1": 0.7355038523674011,
    "inf_f1": 0.5894637107849121,
    "perc_f1": 0.33752092719078064,
    "backg_f1": 0.3655220866203308
}