{
    "loss": 1.234375,
    "acc": 0.6139712333679199,
    "macro_f1": 0.5181112289428711,
    "total_f1": 0.738233745098114,
    "inf_f1": 0.6060606241226196,
    "perc_f1": 0.32536381483078003,
    "backg_f1": 0.3628194332122803
}