{
    "loss": 1.1484375,
    "acc": 0.5555151104927063,
    "macro_f1": 0.47948235273361206,
    "total_f1": 0.712774395942688,
    "inf_f1": 0.5529670119285583,
    "perc_f1": 0.30726125836372375,
    "backg_f1": 0.3401595652103424
}