{
    "loss": 1.2578125,
    "acc": 0.6374385952949524,
    "macro_f1": 0.4621615409851074,
    "total_f1": 0.6793395280838013,
    "inf_f1": 0.5618655681610107,
    "perc_f1": 0.3705463111400604,
    "backg_f1": 0.10979678481817245
}