{
    "loss": 1.453125,
    "acc": 0.6566005945205688,
    "macro_f1": 0.5579586625099182,
    "total_f1": 0.7533810138702393,
    "inf_f1": 0.6603298783302307,
    "perc_f1": 0.4207221269607544,
    "backg_f1": 0.3354690372943878
}