{
    "loss": 1.0390625,
    "acc": 0.656358003616333,
    "macro_f1": 0.5680298805236816,
    "total_f1": 0.7670493125915527,
    "inf_f1": 0.6390977501869202,
    "perc_f1": 0.4194251000881195,
    "backg_f1": 0.40344932675361633
}