{
    "loss": 1.0390625,
    "acc": 0.5532108545303345,
    "macro_f1": 0.4967480003833771,
    "total_f1": 0.7269574999809265,
    "inf_f1": 0.6166286468505859,
    "perc_f1": 0.307308554649353,
    "backg_f1": 0.3644517958164215
}