{
    "loss": 1.234375,
    "acc": 0.49081316590309143,
    "macro_f1": 0.4930456280708313,
    "total_f1": 0.6910555958747864,
    "inf_f1": 0.6583479046821594,
    "perc_f1": 0.3991979658603668,
    "backg_f1": 0.3272843658924103
}