{
    "loss": 1.09375,
    "acc": 0.6846324801445007,
    "macro_f1": 0.5868191123008728,
    "total_f1": 0.7573435306549072,
    "inf_f1": 0.6639478206634521,
    "perc_f1": 0.4605831503868103,
    "backg_f1": 0.39992228150367737
}