{
    "loss": 0.97265625,
    "acc": 0.6725055575370789,
    "macro_f1": 0.5725018978118896,
    "total_f1": 0.7612407803535461,
    "inf_f1": 0.6506293416023254,
    "perc_f1": 0.44449281692504883,
    "backg_f1": 0.3750271797180176
}