{
    "loss": 0.98046875,
    "acc": 0.654315173625946,
    "macro_f1": 0.5757287740707397,
    "total_f1": 0.7566371560096741,
    "inf_f1": 0.6534384489059448,
    "perc_f1": 0.44095665216445923,
    "backg_f1": 0.4131583571434021
}