{
    "loss": 0.97265625,
    "acc": 0.6611871123313904,
    "macro_f1": 0.5400399565696716,
    "total_f1": 0.7751855254173279,
    "inf_f1": 0.594316303730011,
    "perc_f1": 0.36334195733070374,
    "backg_f1": 0.3794111907482147
}