{
    "loss": 1.1640625,
    "acc": 0.6441420316696167,
    "macro_f1": 0.4344048500061035,
    "total_f1": 0.6441458463668823,
    "inf_f1": 0.5444719791412354,
    "perc_f1": 0.20558002591133118,
    "backg_f1": 0.1800307184457779
}