{
    "loss": 1.1640625,
    "acc": 0.6529003381729126,
    "macro_f1": 0.5804227590560913,
    "total_f1": 0.7526172995567322,
    "inf_f1": 0.6782469153404236,
    "perc_f1": 0.44547802209854126,
    "backg_f1": 0.4087977409362793
}