{
    "loss": 1.0390625,
    "acc": 0.6316782236099243,
    "macro_f1": 0.5667590498924255,
    "total_f1": 0.7481163144111633,
    "inf_f1": 0.6606311202049255,
    "perc_f1": 0.4457347095012665,
    "backg_f1": 0.39166808128356934
}