{
    "loss": 1.1171875,
    "acc": 0.641447126865387,
    "macro_f1": 0.5718692541122437,
    "total_f1": 0.7475665211677551,
    "inf_f1": 0.6661320328712463,
    "perc_f1": 0.44839218258857727,
    "backg_f1": 0.3942967653274536
}