{
    "loss": 1.046875,
    "acc": 0.6460493803024292,
    "macro_f1": 0.565139889717102,
    "total_f1": 0.7620869278907776,
    "inf_f1": 0.6496878862380981,
    "perc_f1": 0.4230222702026367,
    "backg_f1": 0.39025095105171204
}