{
    "loss": 1.03125,
    "acc": 0.5091261863708496,
    "macro_f1": 0.48140832781791687,
    "total_f1": 0.7049633860588074,
    "inf_f1": 0.6231734752655029,
    "perc_f1": 0.3275354504585266,
    "backg_f1": 0.3488159477710724
}