{
    "loss": 1.40625,
    "acc": 0.6370747685432434,
    "macro_f1": 0.5722647309303284,
    "total_f1": 0.7552728652954102,
    "inf_f1": 0.6515700221061707,
    "perc_f1": 0.46086767315864563,
    "backg_f1": 0.39121171832084656
}