{
    "loss": 1.0546875,
    "acc": 0.6664847731590271,
    "macro_f1": 0.5354641675949097,
    "total_f1": 0.7536529898643494,
    "inf_f1": 0.6257699131965637,
    "perc_f1": 0.43169593811035156,
    "backg_f1": 0.2576594650745392
}