{
    "loss": 1.5234375,
    "acc": 0.6566612124443054,
    "macro_f1": 0.5433735251426697,
    "total_f1": 0.7631487250328064,
    "inf_f1": 0.6077136397361755,
    "perc_f1": 0.4147190451622009,
    "backg_f1": 0.33273831009864807
}