{
    "loss": 1.0625,
    "acc": 0.6070584058761597,
    "macro_f1": 0.5591870546340942,
    "total_f1": 0.7451908588409424,
    "inf_f1": 0.6671660542488098,
    "perc_f1": 0.4395507574081421,
    "backg_f1": 0.3844699263572693
}