{
    "loss": 1.34375,
    "acc": 0.6492025852203369,
    "macro_f1": 0.5720940828323364,
    "total_f1": 0.7486026287078857,
    "inf_f1": 0.6714898347854614,
    "perc_f1": 0.44097694754600525,
    "backg_f1": 0.38177743554115295
}