{
    "loss": 1.3671875,
    "acc": 0.3260122537612915,
    "macro_f1": 0.28599613904953003,
    "total_f1": 0.5799857378005981,
    "inf_f1": 0.24170616269111633,
    "perc_f1": 0.23051947355270386,
    "backg_f1": 0.2214556783437729
}