{
    "loss": 1.359375,
    "acc": 0.33611804246902466,
    "macro_f1": 0.29573994874954224,
    "total_f1": 0.5881723761558533,
    "inf_f1": 0.260885089635849,
    "perc_f1": 0.23636695742607117,
    "backg_f1": 0.22446845471858978
}