{
    "loss": 1.3828125,
    "acc": 0.3043859004974365,
    "macro_f1": 0.2713293433189392,
    "total_f1": 0.5761805176734924,
    "inf_f1": 0.22367490828037262,
    "perc_f1": 0.2219378501176834,
    "backg_f1": 0.2232113480567932
}