{
    "loss": 1.453125,
    "acc": 0.2266388237476349,
    "macro_f1": 0.21216073632240295,
    "total_f1": 0.5583174228668213,
    "inf_f1": 0.16645489633083344,
    "perc_f1": 0.17712455987930298,
    "backg_f1": 0.21545806527137756
}