{
    "loss": 1.359375,
    "acc": 0.3260796368122101,
    "macro_f1": 0.2872602939605713,
    "total_f1": 0.5837767720222473,
    "inf_f1": 0.24942508339881897,
    "perc_f1": 0.2326079159975052,
    "backg_f1": 0.2182139754295349
}