{
    "loss": 1.390625,
    "acc": 0.290776789188385,
    "macro_f1": 0.25974544882774353,
    "total_f1": 0.5726643800735474,
    "inf_f1": 0.21638280153274536,
    "perc_f1": 0.21208707988262177,
    "backg_f1": 0.21070633828639984
}