{
    "loss": 1.40625,
    "acc": 0.27528128027915955,
    "macro_f1": 0.24953263998031616,
    "total_f1": 0.5687031745910645,
    "inf_f1": 0.19632768630981445,
    "perc_f1": 0.20746132731437683,
    "backg_f1": 0.22346195578575134
}