{
    "loss": 1.3515625,
    "acc": 0.33699387311935425,
    "macro_f1": 0.2960825562477112,
    "total_f1": 0.5879621505737305,
    "inf_f1": 0.2606191635131836,
    "perc_f1": 0.2355935275554657,
    "backg_f1": 0.22508710622787476
}