{
    "loss": 1.3671875,
    "acc": 0.32877451181411743,
    "macro_f1": 0.29019731283187866,
    "total_f1": 0.5852994918823242,
    "inf_f1": 0.2523614466190338,
    "perc_f1": 0.23486372828483582,
    "backg_f1": 0.22252699732780457
}