{
    "loss": 1.421875,
    "acc": 0.26605135202407837,
    "macro_f1": 0.23850518465042114,
    "total_f1": 0.558227002620697,
    "inf_f1": 0.17302606999874115,
    "perc_f1": 0.1924372911453247,
    "backg_f1": 0.2275882065296173
}