{
    "loss": 1.359375,
    "acc": 0.33618539571762085,
    "macro_f1": 0.2958972454071045,
    "total_f1": 0.5878016948699951,
    "inf_f1": 0.2614589035511017,
    "perc_f1": 0.2370397448539734,
    "backg_f1": 0.22411397099494934
}