{
    "loss": 1.359375,
    "acc": 0.32823553681373596,
    "macro_f1": 0.2903832197189331,
    "total_f1": 0.5866461992263794,
    "inf_f1": 0.25493717193603516,
    "perc_f1": 0.23372887074947357,
    "backg_f1": 0.22329096496105194
}