{
    "loss": 1.359375,
    "acc": 0.3322104811668396,
    "macro_f1": 0.29322439432144165,
    "total_f1": 0.5865418910980225,
    "inf_f1": 0.25748610496520996,
    "perc_f1": 0.23529411852359772,
    "backg_f1": 0.22525951266288757
}