{
    "loss": 1.375,
    "acc": 0.3102472424507141,
    "macro_f1": 0.27588480710983276,
    "total_f1": 0.579595148563385,
    "inf_f1": 0.22680412232875824,
    "perc_f1": 0.22733710706233978,
    "backg_f1": 0.22398152947425842
}