{
    "loss": 1.359375,
    "acc": 0.33625277876853943,
    "macro_f1": 0.29603123664855957,
    "total_f1": 0.5879346132278442,
    "inf_f1": 0.26091626286506653,
    "perc_f1": 0.2365356683731079,
    "backg_f1": 0.22574464976787567
}