{
    "loss": 0.984375,
    "acc": 0.686710774898529,
    "macro_f1": 0.5627118349075317,
    "total_f1": 0.7605718970298767,
    "inf_f1": 0.6211121678352356,
    "perc_f1": 0.4270964562892914,
    "backg_f1": 0.3657074272632599
}