{
    "loss": 1.0234375,
    "acc": 0.659494936466217,
    "macro_f1": 0.5596524477005005,
    "total_f1": 0.7544145584106445,
    "inf_f1": 0.5812121033668518,
    "perc_f1": 0.4526042640209198,
    "backg_f1": 0.3917098343372345
}