{
    "loss": 1.015625,
    "acc": 0.6447223424911499,
    "macro_f1": 0.5336294174194336,
    "total_f1": 0.7507199645042419,
    "inf_f1": 0.6644935011863708,
    "perc_f1": 0.4031890630722046,
    "backg_f1": 0.2598098814487457
}