{
    "loss": 1.2890625,
    "acc": 0.6415348649024963,
    "macro_f1": 0.5348235964775085,
    "total_f1": 0.7549454569816589,
    "inf_f1": 0.6094374656677246,
    "perc_f1": 0.3875787854194641,
    "backg_f1": 0.3312267065048218
}