{
    "loss": 1.0546875,
    "acc": 0.550937831401825,
    "macro_f1": 0.4876580238342285,
    "total_f1": 0.7374747395515442,
    "inf_f1": 0.5646319389343262,
    "perc_f1": 0.2989761233329773,
    "backg_f1": 0.3835063874721527
}