{
    "loss": 1.1484375,
    "acc": 0.6083118915557861,
    "macro_f1": 0.5412417650222778,
    "total_f1": 0.7545046210289001,
    "inf_f1": 0.570006251335144,
    "perc_f1": 0.4580670893192291,
    "backg_f1": 0.3678736090660095
}