{
    "loss": 1.3984375,
    "acc": 0.14626160264015198,
    "macro_f1": 0.11306843906641006,
    "total_f1": 0.5900307893753052,
    "inf_f1": 0.0,
    "perc_f1": 0.2199658900499344,
    "backg_f1": 0.23230786621570587
}