{
    "loss": 1.1484375,
    "acc": 0.5886847376823425,
    "macro_f1": 0.4148630201816559,
    "total_f1": 0.7034021615982056,
    "inf_f1": 0.41348159313201904,
    "perc_f1": 0.3583095669746399,
    "backg_f1": 0.09987358003854752
}