{
    "loss": 1.1171875,
    "acc": 0.5708568096160889,
    "macro_f1": 0.420115202665329,
    "total_f1": 0.7181578874588013,
    "inf_f1": 0.4732420742511749,
    "perc_f1": 0.12687934935092926,
    "backg_f1": 0.32125723361968994
}