{
    "loss": 1.1171875,
    "acc": 0.5547268390655518,
    "macro_f1": 0.41726016998291016,
    "total_f1": 0.7076590061187744,
    "inf_f1": 0.47347331047058105,
    "perc_f1": 0.12019779533147812,
    "backg_f1": 0.3407559394836426
}