{
    "loss": 1.2109375,
    "acc": 0.5691571831703186,
    "macro_f1": 0.4293179214000702,
    "total_f1": 0.6779817342758179,
    "inf_f1": 0.5115687847137451,
    "perc_f1": 0.3379446566104889,
    "backg_f1": 0.11936339735984802
}