{
    "loss": 1.390625,
    "acc": 0.64434415102005,
    "macro_f1": 0.5696701407432556,
    "total_f1": 0.7562976479530334,
    "inf_f1": 0.6672199368476868,
    "perc_f1": 0.42230892181396484,
    "backg_f1": 0.40013787150382996
}