{
    "loss": 1.359375,
    "acc": 0.689213752746582,
    "macro_f1": 0.5926601886749268,
    "total_f1": 0.7629771828651428,
    "inf_f1": 0.6861555576324463,
    "perc_f1": 0.4600987732410431,
    "backg_f1": 0.3973063826560974
}