{
    "loss": 1.21875,
    "acc": 0.633766770362854,
    "macro_f1": 0.5722944140434265,
    "total_f1": 0.7504743337631226,
    "inf_f1": 0.6720085740089417,
    "perc_f1": 0.43910256028175354,
    "backg_f1": 0.4078303277492523
}