{
    "loss": 1.5390625,
    "acc": 0.6725055575370789,
    "macro_f1": 0.5811787843704224,
    "total_f1": 0.7652401328086853,
    "inf_f1": 0.6750138998031616,
    "perc_f1": 0.4231884181499481,
    "backg_f1": 0.40921318531036377
}