{
    "loss": 1.1015625,
    "acc": 0.6671158075332642,
    "macro_f1": 0.5751053094863892,
    "total_f1": 0.7593771815299988,
    "inf_f1": 0.6626930236816406,
    "perc_f1": 0.4342804253101349,
    "backg_f1": 0.39186763763427734
}