{
    "loss": 0.98828125,
    "acc": 0.61820387840271,
    "macro_f1": 0.5571885704994202,
    "total_f1": 0.7519481182098389,
    "inf_f1": 0.6674125790596008,
    "perc_f1": 0.4251207709312439,
    "backg_f1": 0.3730994164943695
}