{
    "loss": 1.0234375,
    "acc": 0.6276358962059021,
    "macro_f1": 0.5206059813499451,
    "total_f1": 0.7523151636123657,
    "inf_f1": 0.5662674903869629,
    "perc_f1": 0.37272465229034424,
    "backg_f1": 0.35300880670547485
}