{
    "loss": 1.3125,
    "acc": 0.7039008140563965,
    "macro_f1": 0.5856345891952515,
    "total_f1": 0.7425716519355774,
    "inf_f1": 0.678096354007721,
    "perc_f1": 0.46881118416786194,
    "backg_f1": 0.3563244342803955
}