{
    "loss": 1.09375,
    "acc": 0.6213029623031616,
    "macro_f1": 0.559725284576416,
    "total_f1": 0.7481052875518799,
    "inf_f1": 0.6460446119308472,
    "perc_f1": 0.4363715350627899,
    "backg_f1": 0.39745521545410156
}