{
    "loss": 0.95703125,
    "acc": 0.6778279542922974,
    "macro_f1": 0.5912731289863586,
    "total_f1": 0.7763187885284424,
    "inf_f1": 0.6819091439247131,
    "perc_f1": 0.4597466289997101,
    "backg_f1": 0.40192389488220215
}