{
    "loss": 1.0546875,
    "acc": 0.6868557333946228,
    "macro_f1": 0.594541072845459,
    "total_f1": 0.7604133486747742,
    "inf_f1": 0.6775051951408386,
    "perc_f1": 0.46461689472198486,
    "backg_f1": 0.4122377038002014
}