{
    "loss": 0.984375,
    "acc": 0.6654314994812012,
    "macro_f1": 0.5489969253540039,
    "total_f1": 0.7649248242378235,
    "inf_f1": 0.6015469431877136,
    "perc_f1": 0.37066584825515747,
    "backg_f1": 0.4043801426887512
}