{
    "loss": 1.21875,
    "acc": 0.5717173218727112,
    "macro_f1": 0.4272967576980591,
    "total_f1": 0.6561252474784851,
    "inf_f1": 0.4958513081073761,
    "perc_f1": 0.3457616865634918,
    "backg_f1": 0.1184479221701622
}