{
    "loss": 1.6875,
    "acc": 0.6442908048629761,
    "macro_f1": 0.5390070676803589,
    "total_f1": 0.7606983780860901,
    "inf_f1": 0.5895923972129822,
    "perc_f1": 0.4446467459201813,
    "backg_f1": 0.31197237968444824
}