{
    "loss": 1.6015625,
    "acc": 0.5814080238342285,
    "macro_f1": 0.5166621804237366,
    "total_f1": 0.7423436641693115,
    "inf_f1": 0.5965352654457092,
    "perc_f1": 0.3896551728248596,
    "backg_f1": 0.33402276039123535
}