{
    "loss": 2.65625,
    "acc": 0.6647868752479553,
    "macro_f1": 0.5436035394668579,
    "total_f1": 0.7476387023925781,
    "inf_f1": 0.6122967600822449,
    "perc_f1": 0.4390135407447815,
    "backg_f1": 0.2991202473640442
}