{
    "loss": 1.4140625,
    "acc": 0.6162755489349365,
    "macro_f1": 0.5352444648742676,
    "total_f1": 0.7543804049491882,
    "inf_f1": 0.6138342022895813,
    "perc_f1": 0.39532944560050964,
    "backg_f1": 0.3548140227794647
}