{
    "loss": 1.890625,
    "acc": 0.643684446811676,
    "macro_f1": 0.5429415702819824,
    "total_f1": 0.7519139051437378,
    "inf_f1": 0.6136748194694519,
    "perc_f1": 0.4415992796421051,
    "backg_f1": 0.31110358238220215
}