{
    "loss": 1.0625,
    "acc": 0.612515926361084,
    "macro_f1": 0.4911821484565735,
    "total_f1": 0.7470864653587341,
    "inf_f1": 0.6001587510108948,
    "perc_f1": 0.375202476978302,
    "backg_f1": 0.1920545995235443
}