{
    "loss": 1.4609375,
    "acc": 0.6487781405448914,
    "macro_f1": 0.533454418182373,
    "total_f1": 0.753127932548523,
    "inf_f1": 0.5871840715408325,
    "perc_f1": 0.4201139509677887,
    "backg_f1": 0.3083043396472931
}