{
    "loss": 1.0,
    "acc": 0.5595779418945312,
    "macro_f1": 0.4986724853515625,
    "total_f1": 0.7392154335975647,
    "inf_f1": 0.5942685008049011,
    "perc_f1": 0.32731592655181885,
    "backg_f1": 0.3638211488723755
}