{
    "loss": 1.015625,
    "acc": 0.617185115814209,
    "macro_f1": 0.5091617703437805,
    "total_f1": 0.7555584907531738,
    "inf_f1": 0.5496330857276917,
    "perc_f1": 0.3376956582069397,
    "backg_f1": 0.3606241047382355
}