{
    "loss": 2.046875,
    "acc": 0.6301012635231018,
    "macro_f1": 0.5572651028633118,
    "total_f1": 0.767681896686554,
    "inf_f1": 0.6261529922485352,
    "perc_f1": 0.4379505217075348,
    "backg_f1": 0.3758545517921448
}