{
    "loss": 1.046875,
    "acc": 0.5634588599205017,
    "macro_f1": 0.5178781151771545,
    "total_f1": 0.7366963028907776,
    "inf_f1": 0.614128053188324,
    "perc_f1": 0.40290966629981995,
    "backg_f1": 0.3458646535873413
}