{
    "loss": 2.90625,
    "acc": 0.6671518087387085,
    "macro_f1": 0.5445617437362671,
    "total_f1": 0.7581880688667297,
    "inf_f1": 0.5985571146011353,
    "perc_f1": 0.42629384994506836,
    "backg_f1": 0.325398325920105
}