{
    "loss": 1.6328125,
    "acc": 0.6859799027442932,
    "macro_f1": 0.5988802909851074,
    "total_f1": 0.7554951906204224,
    "inf_f1": 0.6843938231468201,
    "perc_f1": 0.47922971844673157,
    "backg_f1": 0.41000524163246155
}