{
    "loss": 1.6640625,
    "acc": 0.6739877462387085,
    "macro_f1": 0.5911929607391357,
    "total_f1": 0.7501742839813232,
    "inf_f1": 0.6790405511856079,
    "perc_f1": 0.4634346663951874,
    "backg_f1": 0.41452398896217346
}