{
    "loss": 1.1171875,
    "acc": 0.6656336188316345,
    "macro_f1": 0.4861025810241699,
    "total_f1": 0.6664764881134033,
    "inf_f1": 0.5857973098754883,
    "perc_f1": 0.35326087474823,
    "backg_f1": 0.1883656531572342
}