{
    "loss": 1.5390625,
    "acc": 0.6779626607894897,
    "macro_f1": 0.593341588973999,
    "total_f1": 0.7531818747520447,
    "inf_f1": 0.6793248653411865,
    "perc_f1": 0.4577946662902832,
    "backg_f1": 0.42352092266082764
}