{
    "loss": 1.1015625,
    "acc": 0.6485885381698608,
    "macro_f1": 0.5777156352996826,
    "total_f1": 0.7498539090156555,
    "inf_f1": 0.660956859588623,
    "perc_f1": 0.43659335374832153,
    "backg_f1": 0.4273390769958496
}