{
    "loss": 0.98828125,
    "acc": 0.6729771494865417,
    "macro_f1": 0.5758384466171265,
    "total_f1": 0.7567440271377563,
    "inf_f1": 0.6611374616622925,
    "perc_f1": 0.4664837419986725,
    "backg_f1": 0.3589143753051758
}