{
    "loss": 1.015625,
    "acc": 0.6739877462387085,
    "macro_f1": 0.5453248023986816,
    "total_f1": 0.7549959421157837,
    "inf_f1": 0.6082473993301392,
    "perc_f1": 0.37030133605003357,
    "backg_f1": 0.3763231933116913
}