{
    "loss": 1.578125,
    "acc": 0.7088863253593445,
    "macro_f1": 0.5945972204208374,
    "total_f1": 0.745649516582489,
    "inf_f1": 0.6803537607192993,
    "perc_f1": 0.4808567464351654,
    "backg_f1": 0.37525129318237305
}