{
    "loss": 1.6796875,
    "acc": 0.6793100833892822,
    "macro_f1": 0.5782889723777771,
    "total_f1": 0.7521052360534668,
    "inf_f1": 0.6606431007385254,
    "perc_f1": 0.4592094123363495,
    "backg_f1": 0.3728351891040802
}