{
    "loss": 1.2265625,
    "acc": 0.6492622494697571,
    "macro_f1": 0.5779445171356201,
    "total_f1": 0.7476979494094849,
    "inf_f1": 0.67770916223526,
    "perc_f1": 0.4625687599182129,
    "backg_f1": 0.38408780097961426
}