{
    "loss": 1.234375,
    "acc": 0.6473758816719055,
    "macro_f1": 0.5834977626800537,
    "total_f1": 0.7553899884223938,
    "inf_f1": 0.6800907254219055,
    "perc_f1": 0.4578638970851898,
    "backg_f1": 0.4132066071033478
}