{
    "loss": 1.0,
    "acc": 0.5113521814346313,
    "macro_f1": 0.49086952209472656,
    "total_f1": 0.6990525722503662,
    "inf_f1": 0.6182634830474854,
    "perc_f1": 0.3866204619407654,
    "backg_f1": 0.33884575963020325
}