{
    "loss": 1.328125,
    "acc": 0.3443374037742615,
    "macro_f1": 0.30427923798561096,
    "total_f1": 0.6089346408843994,
    "inf_f1": 0.3075098693370819,
    "perc_f1": 0.2599732279777527,
    "backg_f1": 0.18110236525535583
}