{
    "loss": 1.203125,
    "acc": 0.6589637994766235,
    "macro_f1": 0.5699382424354553,
    "total_f1": 0.749405562877655,
    "inf_f1": 0.6649688482284546,
    "perc_f1": 0.4219910800457001,
    "backg_f1": 0.38902103900909424
}