{
    "loss": 1.09375,
    "acc": 0.6484538316726685,
    "macro_f1": 0.5859780311584473,
    "total_f1": 0.7606334090232849,
    "inf_f1": 0.6587209105491638,
    "perc_f1": 0.4727356731891632,
    "backg_f1": 0.4285035729408264
}