{
    "loss": 1.109375,
    "acc": 0.5795324444770813,
    "macro_f1": 0.4845105707645416,
    "total_f1": 0.738693118095398,
    "inf_f1": 0.5356691479682922,
    "perc_f1": 0.3233945071697235,
    "backg_f1": 0.3323792517185211
}