{
    "loss": 1.1640625,
    "acc": 0.7022839188575745,
    "macro_f1": 0.5797299742698669,
    "total_f1": 0.741858184337616,
    "inf_f1": 0.6457638144493103,
    "perc_f1": 0.4608857035636902,
    "backg_f1": 0.37022221088409424
}