{
    "loss": 1.0,
    "acc": 0.6724286079406738,
    "macro_f1": 0.5591952204704285,
    "total_f1": 0.7525607347488403,
    "inf_f1": 0.594768226146698,
    "perc_f1": 0.44215938448905945,
    "backg_f1": 0.3782287836074829
}