{
    "loss": 1.09375,
    "acc": 0.5663846731185913,
    "macro_f1": 0.4456750452518463,
    "total_f1": 0.7497616410255432,
    "inf_f1": 0.5613496899604797,
    "perc_f1": 0.3659556210041046,
    "backg_f1": 0.08842239528894424
}