{
    "loss": 1.140625,
    "acc": 0.38807159662246704,
    "macro_f1": 0.40636980533599854,
    "total_f1": 0.6480980515480042,
    "inf_f1": 0.5772925615310669,
    "perc_f1": 0.3241157531738281,
    "backg_f1": 0.3051223158836365
}