{
    "loss": 0.99609375,
    "acc": 0.6423930525779724,
    "macro_f1": 0.5618637800216675,
    "total_f1": 0.7605143189430237,
    "inf_f1": 0.6071887016296387,
    "perc_f1": 0.4449886977672577,
    "backg_f1": 0.39735710620880127
}