{
    "loss": 1.078125,
    "acc": 0.5687950849533081,
    "macro_f1": 0.5023820400238037,
    "total_f1": 0.7155963182449341,
    "inf_f1": 0.5632287263870239,
    "perc_f1": 0.35702240467071533,
    "backg_f1": 0.37257900834083557
}