{
    "loss": 1.1484375,
    "acc": 0.6111212372779846,
    "macro_f1": 0.4265389144420624,
    "total_f1": 0.6999553442001343,
    "inf_f1": 0.5036238431930542,
    "perc_f1": 0.10761979222297668,
    "backg_f1": 0.3012157380580902
}