{
    "loss": 1.109375,
    "acc": 0.550057590007782,
    "macro_f1": 0.4709492325782776,
    "total_f1": 0.7183462381362915,
    "inf_f1": 0.502108097076416,
    "perc_f1": 0.31884765625,
    "backg_f1": 0.3496656119823456
}