{
    "loss": 1.1171875,
    "acc": 0.5548480749130249,
    "macro_f1": 0.4549407958984375,
    "total_f1": 0.7126451134681702,
    "inf_f1": 0.5262529850006104,
    "perc_f1": 0.21451327204704285,
    "backg_f1": 0.359193354845047
}