{
    "loss": 1.1953125,
    "acc": 0.6010551452636719,
    "macro_f1": 0.4852667450904846,
    "total_f1": 0.7089691162109375,
    "inf_f1": 0.4904153347015381,
    "perc_f1": 0.3227972090244293,
    "backg_f1": 0.3557046949863434
}