{
    "loss": 1.359375,
    "acc": 0.5071857571601868,
    "macro_f1": 0.44797441363334656,
    "total_f1": 0.6910049915313721,
    "inf_f1": 0.5057414174079895,
    "perc_f1": 0.30301591753959656,
    "backg_f1": 0.31442132592201233
}