{
    "loss": 0.96875,
    "acc": 0.6485962271690369,
    "macro_f1": 0.5479682683944702,
    "total_f1": 0.7623330354690552,
    "inf_f1": 0.6570680737495422,
    "perc_f1": 0.34176871180534363,
    "backg_f1": 0.3888554275035858
}