{
    "loss": 1.5546875,
    "acc": 0.6879510283470154,
    "macro_f1": 0.5776970982551575,
    "total_f1": 0.7481203079223633,
    "inf_f1": 0.6525535583496094,
    "perc_f1": 0.45562273263931274,
    "backg_f1": 0.3728184103965759
}