{
    "loss": 1.046875,
    "acc": 0.6624219417572021,
    "macro_f1": 0.5852229595184326,
    "total_f1": 0.77381432056427,
    "inf_f1": 0.6793402433395386,
    "perc_f1": 0.44328731298446655,
    "backg_f1": 0.40625
}