{
    "loss": 1.0234375,
    "acc": 0.6516281366348267,
    "macro_f1": 0.5219675302505493,
    "total_f1": 0.7326878905296326,
    "inf_f1": 0.6220716834068298,
    "perc_f1": 0.4241718053817749,
    "backg_f1": 0.22758100926876068
}