{
    "loss": 0.984375,
    "acc": 0.6133648753166199,
    "macro_f1": 0.5611262321472168,
    "total_f1": 0.7489611506462097,
    "inf_f1": 0.6790931820869446,
    "perc_f1": 0.4102236330509186,
    "backg_f1": 0.40238991379737854
}