{
    "loss": 1.4296875,
    "acc": 0.6909223198890686,
    "macro_f1": 0.5811505317687988,
    "total_f1": 0.7681394815444946,
    "inf_f1": 0.6736183762550354,
    "perc_f1": 0.43198391795158386,
    "backg_f1": 0.38035309314727783
}