{
    "loss": 1.9296875,
    "acc": 0.6930446624755859,
    "macro_f1": 0.5961876511573792,
    "total_f1": 0.7673156261444092,
    "inf_f1": 0.6904081106185913,
    "perc_f1": 0.45777884125709534,
    "backg_f1": 0.40431728959083557
}