{
    "loss": 2.21875,
    "acc": 0.6696985960006714,
    "macro_f1": 0.5934738516807556,
    "total_f1": 0.7427259087562561,
    "inf_f1": 0.6967775821685791,
    "perc_f1": 0.47735801339149475,
    "backg_f1": 0.3982986509799957
}