{
    "loss": 0.9921875,
    "acc": 0.5888060331344604,
    "macro_f1": 0.5430396795272827,
    "total_f1": 0.7381651401519775,
    "inf_f1": 0.6264634132385254,
    "perc_f1": 0.4374612271785736,
    "backg_f1": 0.3876272439956665
}