{
    "loss": 1.8203125,
    "acc": 0.6846158504486084,
    "macro_f1": 0.580303430557251,
    "total_f1": 0.7710756659507751,
    "inf_f1": 0.6762990951538086,
    "perc_f1": 0.47051647305488586,
    "backg_f1": 0.3416946530342102
}