{
    "loss": 1.1796875,
    "acc": 0.6302225589752197,
    "macro_f1": 0.5768003463745117,
    "total_f1": 0.7334535121917725,
    "inf_f1": 0.6769394278526306,
    "perc_f1": 0.4821472465991974,
    "backg_f1": 0.38536396622657776
}