{
    "loss": 1.03125,
    "acc": 0.49808987975120544,
    "macro_f1": 0.4837779402732849,
    "total_f1": 0.6995463371276855,
    "inf_f1": 0.6309424638748169,
    "perc_f1": 0.3479999899864197,
    "backg_f1": 0.36233025789260864
}