{
    "loss": 1.046875,
    "acc": 0.6689709424972534,
    "macro_f1": 0.515570878982544,
    "total_f1": 0.75588059425354,
    "inf_f1": 0.6024622917175293,
    "perc_f1": 0.35480573773384094,
    "backg_f1": 0.26923078298568726
}