{
    "loss": 1.359375,
    "acc": 0.6025104522705078,
    "macro_f1": 0.5241390466690063,
    "total_f1": 0.7523797750473022,
    "inf_f1": 0.6168695092201233,
    "perc_f1": 0.34981194138526917,
    "backg_f1": 0.36827048659324646
}