{
    "loss": 2.046875,
    "acc": 0.6851615905761719,
    "macro_f1": 0.5908231735229492,
    "total_f1": 0.7546162605285645,
    "inf_f1": 0.6826097965240479,
    "perc_f1": 0.4647340774536133,
    "backg_f1": 0.3938963711261749
}