{
    "loss": 1.1640625,
    "acc": 0.5090048909187317,
    "macro_f1": 0.47815123200416565,
    "total_f1": 0.6952689290046692,
    "inf_f1": 0.6126604676246643,
    "perc_f1": 0.334025502204895,
    "backg_f1": 0.32864972949028015
}