{
    "loss": 1.625,
    "acc": 0.6867381930351257,
    "macro_f1": 0.5952968597412109,
    "total_f1": 0.7769522070884705,
    "inf_f1": 0.671521008014679,
    "perc_f1": 0.4521089494228363,
    "backg_f1": 0.42757242918014526
}