{
    "loss": 1.1328125,
    "acc": 0.4888499677181244,
    "macro_f1": 0.43621164560317993,
    "total_f1": 0.6830784678459167,
    "inf_f1": 0.5324977040290833,
    "perc_f1": 0.29595866799354553,
    "backg_f1": 0.275097519159317
}