{
    "loss": 1.40625,
    "acc": 0.2684767246246338,
    "macro_f1": 0.24419859051704407,
    "total_f1": 0.5703657865524292,
    "inf_f1": 0.20697341859340668,
    "perc_f1": 0.21639980375766754,
    "backg_f1": 0.1917029768228531
}