{
    "loss": 1.0,
    "acc": 0.6349794268608093,
    "macro_f1": 0.5502926111221313,
    "total_f1": 0.7600803375244141,
    "inf_f1": 0.6233075261116028,
    "perc_f1": 0.4131711423397064,
    "backg_f1": 0.3770361542701721
}