{
    "loss": 1.0078125,
    "acc": 0.6496664881706238,
    "macro_f1": 0.5605366230010986,
    "total_f1": 0.7668657898902893,
    "inf_f1": 0.6244365572929382,
    "perc_f1": 0.40705764293670654,
    "backg_f1": 0.411153644323349
}