{
    "loss": 0.98046875,
    "acc": 0.6285117268562317,
    "macro_f1": 0.5531389713287354,
    "total_f1": 0.7644481658935547,
    "inf_f1": 0.625239908695221,
    "perc_f1": 0.4020642638206482,
    "backg_f1": 0.406523197889328
}