{
    "loss": 1.015625,
    "acc": 0.6249410510063171,
    "macro_f1": 0.5505821704864502,
    "total_f1": 0.7581096291542053,
    "inf_f1": 0.6290481090545654,
    "perc_f1": 0.4250624477863312,
    "backg_f1": 0.37315633893013
}