{
    "loss": 1.3046875,
    "acc": 0.4208717942237854,
    "macro_f1": 0.35237371921539307,
    "total_f1": 0.6162694096565247,
    "inf_f1": 0.289701372385025,
    "perc_f1": 0.24797406792640686,
    "backg_f1": 0.2996174097061157
}