{
    "loss": 1.0,
    "acc": 0.6500707268714905,
    "macro_f1": 0.54761803150177,
    "total_f1": 0.7597790956497192,
    "inf_f1": 0.6095190644264221,
    "perc_f1": 0.39015060663223267,
    "backg_f1": 0.3835889399051666
}