{
    "loss": 1.421875,
    "acc": 0.26665768027305603,
    "macro_f1": 0.23901131749153137,
    "total_f1": 0.559403121471405,
    "inf_f1": 0.17253121733665466,
    "perc_f1": 0.19418931007385254,
    "backg_f1": 0.22718754410743713
}