{
    "loss": 1.40625,
    "acc": 0.27575287222862244,
    "macro_f1": 0.25004416704177856,
    "total_f1": 0.5694665312767029,
    "inf_f1": 0.19700440764427185,
    "perc_f1": 0.20714806020259857,
    "backg_f1": 0.22473300993442535
}