{
    "loss": 1.359375,
    "acc": 0.3371959924697876,
    "macro_f1": 0.29645174741744995,
    "total_f1": 0.5873876214027405,
    "inf_f1": 0.2606982886791229,
    "perc_f1": 0.23764921724796295,
    "backg_f1": 0.22488287091255188
}