{
    "loss": 1.359375,
    "acc": 0.32958295941352844,
    "macro_f1": 0.2915532886981964,
    "total_f1": 0.5865123271942139,
    "inf_f1": 0.25597700476646423,
    "perc_f1": 0.23508203029632568,
    "backg_f1": 0.22424450516700745
}