{
    "loss": 1.453125,
    "acc": 0.22724516689777374,
    "macro_f1": 0.21269935369491577,
    "total_f1": 0.5580276846885681,
    "inf_f1": 0.1656050980091095,
    "perc_f1": 0.17816199362277985,
    "backg_f1": 0.21667662262916565
}