{
    "loss": 1.375,
    "acc": 0.30627232789993286,
    "macro_f1": 0.27238523960113525,
    "total_f1": 0.5771045684814453,
    "inf_f1": 0.22439198195934296,
    "perc_f1": 0.2212844043970108,
    "backg_f1": 0.22361065447330475
}