{
    "loss": 1.359375,
    "acc": 0.3289766311645508,
    "macro_f1": 0.28936105966567993,
    "total_f1": 0.5843509435653687,
    "inf_f1": 0.2515968680381775,
    "perc_f1": 0.2332736998796463,
    "backg_f1": 0.2197023332118988
}