{
    "loss": 1.359375,
    "acc": 0.33692649006843567,
    "macro_f1": 0.29660695791244507,
    "total_f1": 0.5882632732391357,
    "inf_f1": 0.2619132995605469,
    "perc_f1": 0.23782600462436676,
    "backg_f1": 0.22488702833652496
}