{
    "loss": 1.3671875,
    "acc": 0.33072829246520996,
    "macro_f1": 0.2916873097419739,
    "total_f1": 0.5853427052497864,
    "inf_f1": 0.2521008551120758,
    "perc_f1": 0.23622336983680725,
    "backg_f1": 0.22492296993732452
}