{
    "loss": 1.390625,
    "acc": 0.29097890853881836,
    "macro_f1": 0.2602906823158264,
    "total_f1": 0.5718569755554199,
    "inf_f1": 0.21857212483882904,
    "perc_f1": 0.2120300680398941,
    "backg_f1": 0.21188893914222717
}