{
    "loss": 1.3671875,
    "acc": 0.3275618255138397,
    "macro_f1": 0.28712379932403564,
    "total_f1": 0.5812321305274963,
    "inf_f1": 0.24246850609779358,
    "perc_f1": 0.23115941882133484,
    "backg_f1": 0.22203128039836884
}