{
    "loss": 1.3515625,
    "acc": 0.33861079812049866,
    "macro_f1": 0.2968125641345978,
    "total_f1": 0.5877507328987122,
    "inf_f1": 0.260979562997818,
    "perc_f1": 0.23632384836673737,
    "backg_f1": 0.22388839721679688
}