{
    "loss": 1.375,
    "acc": 0.31139257550239563,
    "macro_f1": 0.27690231800079346,
    "total_f1": 0.5793868899345398,
    "inf_f1": 0.22902452945709229,
    "perc_f1": 0.2277580052614212,
    "backg_f1": 0.2242683321237564
}