{
    "loss": 1.359375,
    "acc": 0.3331536650657654,
    "macro_f1": 0.2935945689678192,
    "total_f1": 0.5861127376556396,
    "inf_f1": 0.2576819360256195,
    "perc_f1": 0.23602032661437988,
    "backg_f1": 0.22399169206619263
}