{
    "loss": 1.359375,
    "acc": 0.3376002013683319,
    "macro_f1": 0.2966725826263428,
    "total_f1": 0.5879340171813965,
    "inf_f1": 0.26100966334342957,
    "perc_f1": 0.23727571964263916,
    "backg_f1": 0.2249695211648941
}