{
    "loss": 1.40625,
    "acc": 0.6526539325714111,
    "macro_f1": 0.5409196615219116,
    "total_f1": 0.7170125246047974,
    "inf_f1": 0.6752342581748962,
    "perc_f1": 0.3804687559604645,
    "backg_f1": 0.3032556176185608
}