{
    "loss": 1.0,
    "acc": 0.5856704115867615,
    "macro_f1": 0.5354029536247253,
    "total_f1": 0.7192765474319458,
    "inf_f1": 0.6605157256126404,
    "perc_f1": 0.3668576180934906,
    "backg_f1": 0.39619117975234985
}