{
    "loss": 1.078125,
    "acc": 0.5590423345565796,
    "macro_f1": 0.48781609535217285,
    "total_f1": 0.7042503356933594,
    "inf_f1": 0.5915732383728027,
    "perc_f1": 0.37600135803222656,
    "backg_f1": 0.2600667476654053
}