{
    "loss": 1.03125,
    "acc": 0.6499379873275757,
    "macro_f1": 0.5553243160247803,
    "total_f1": 0.7447713017463684,
    "inf_f1": 0.6400564312934875,
    "perc_f1": 0.4021352231502533,
    "backg_f1": 0.3748388886451721
}