{
    "loss": 1.140625,
    "acc": 0.5101257562637329,
    "macro_f1": 0.49846524000167847,
    "total_f1": 0.6834859848022461,
    "inf_f1": 0.6684988737106323,
    "perc_f1": 0.35624468326568604,
    "backg_f1": 0.3477727472782135
}