{
    "loss": 1.171875,
    "acc": 0.6118035316467285,
    "macro_f1": 0.5592796206474304,
    "total_f1": 0.736021876335144,
    "inf_f1": 0.6626155972480774,
    "perc_f1": 0.43394869565963745,
    "backg_f1": 0.3970632255077362
}