{
    "loss": 1.4609375,
    "acc": 0.6924476027488708,
    "macro_f1": 0.6086058020591736,
    "total_f1": 0.7591206431388855,
    "inf_f1": 0.6970856785774231,
    "perc_f1": 0.46500271558761597,
    "backg_f1": 0.4522111415863037
}