{
    "loss": 1.6328125,
    "acc": 0.7015427947044373,
    "macro_f1": 0.600506603717804,
    "total_f1": 0.7535093426704407,
    "inf_f1": 0.6832826733589172,
    "perc_f1": 0.4747081696987152,
    "backg_f1": 0.4105328619480133
}