{
    "loss": 1.3125,
    "acc": 0.6924476027488708,
    "macro_f1": 0.6031240224838257,
    "total_f1": 0.7617011070251465,
    "inf_f1": 0.6819338202476501,
    "perc_f1": 0.47220027446746826,
    "backg_f1": 0.4347497522830963
}