{
    "loss": 1.078125,
    "acc": 0.6807922720909119,
    "macro_f1": 0.5933734178543091,
    "total_f1": 0.7559067606925964,
    "inf_f1": 0.6700942516326904,
    "perc_f1": 0.4665954113006592,
    "backg_f1": 0.42137569189071655
}