{
    "loss": 1.5390625,
    "acc": 0.700262725353241,
    "macro_f1": 0.6001088619232178,
    "total_f1": 0.7559784650802612,
    "inf_f1": 0.6922856569290161,
    "perc_f1": 0.4706849455833435,
    "backg_f1": 0.4050121307373047
}