{
    "loss": 0.95703125,
    "acc": 0.6610523462295532,
    "macro_f1": 0.5561606884002686,
    "total_f1": 0.7689974308013916,
    "inf_f1": 0.6074073910713196,
    "perc_f1": 0.40454965829849243,
    "backg_f1": 0.39729198813438416
}