{
    "loss": 0.98828125,
    "acc": 0.6747962236404419,
    "macro_f1": 0.5833545923233032,
    "total_f1": 0.7615492343902588,
    "inf_f1": 0.6622872352600098,
    "perc_f1": 0.444348007440567,
    "backg_f1": 0.408979594707489
}