{
    "loss": 1.109375,
    "acc": 0.6714276075363159,
    "macro_f1": 0.5066354274749756,
    "total_f1": 0.6884551644325256,
    "inf_f1": 0.6325247287750244,
    "perc_f1": 0.42606407403945923,
    "backg_f1": 0.14772343635559082
}