{
    "loss": 1.375,
    "acc": 0.6075435280799866,
    "macro_f1": 0.518535852432251,
    "total_f1": 0.7457869052886963,
    "inf_f1": 0.611965000629425,
    "perc_f1": 0.3499150574207306,
    "backg_f1": 0.335688054561615
}