{
    "loss": 1.2109375,
    "acc": 0.5980837941169739,
    "macro_f1": 0.5049872398376465,
    "total_f1": 0.7359195947647095,
    "inf_f1": 0.5913242101669312,
    "perc_f1": 0.3094496428966522,
    "backg_f1": 0.3538292646408081
}