{
    "loss": 1.1484375,
    "acc": 0.5373234152793884,
    "macro_f1": 0.47891443967819214,
    "total_f1": 0.705187976360321,
    "inf_f1": 0.5621572136878967,
    "perc_f1": 0.3216783106327057,
    "backg_f1": 0.3432505428791046
}