{
    "loss": 1.8984375,
    "acc": 0.6611484885215759,
    "macro_f1": 0.5519882440567017,
    "total_f1": 0.744138777256012,
    "inf_f1": 0.6401957869529724,
    "perc_f1": 0.3857431709766388,
    "backg_f1": 0.3655599057674408
}