{
    "loss": 1.71875,
    "acc": 0.6482323408126831,
    "macro_f1": 0.541037917137146,
    "total_f1": 0.7463527917861938,
    "inf_f1": 0.6398786902427673,
    "perc_f1": 0.3618212938308716,
    "backg_f1": 0.35395917296409607
}