{
    "loss": 1.4375,
    "acc": 0.4185919463634491,
    "macro_f1": 0.39028170704841614,
    "total_f1": 0.6499865055084229,
    "inf_f1": 0.46757763624191284,
    "perc_f1": 0.28752845525741577,
    "backg_f1": 0.25562936067581177
}