{
    "loss": 1.328125,
    "acc": 0.6359226107597351,
    "macro_f1": 0.5380968451499939,
    "total_f1": 0.7419266700744629,
    "inf_f1": 0.6139273047447205,
    "perc_f1": 0.37245020270347595,
    "backg_f1": 0.3713892698287964
}