{
    "loss": 1.125,
    "acc": 0.5996603965759277,
    "macro_f1": 0.5115857124328613,
    "total_f1": 0.7292989492416382,
    "inf_f1": 0.5902565121650696,
    "perc_f1": 0.3396226465702057,
    "backg_f1": 0.3545534908771515
}