{
    "loss": 1.5390625,
    "acc": 0.6493238806724548,
    "macro_f1": 0.5540028810501099,
    "total_f1": 0.756220281124115,
    "inf_f1": 0.6175007224082947,
    "perc_f1": 0.4012889266014099,
    "backg_f1": 0.38869038224220276
}