{
    "loss": 1.0234375,
    "acc": 0.6646049618721008,
    "macro_f1": 0.5172717571258545,
    "total_f1": 0.7575399279594421,
    "inf_f1": 0.604047954082489,
    "perc_f1": 0.31779032945632935,
    "backg_f1": 0.31585174798965454
}