{
    "loss": 1.15625,
    "acc": 0.6444727182388306,
    "macro_f1": 0.5730003118515015,
    "total_f1": 0.755564272403717,
    "inf_f1": 0.6697341799736023,
    "perc_f1": 0.46920469403266907,
    "backg_f1": 0.3639514744281769
}