{
    "loss": 1.4296875,
    "acc": 0.6159723401069641,
    "macro_f1": 0.5479846596717834,
    "total_f1": 0.7488319277763367,
    "inf_f1": 0.6188908815383911,
    "perc_f1": 0.4424671530723572,
    "backg_f1": 0.3626151978969574
}