{
    "loss": 1.015625,
    "acc": 0.600570023059845,
    "macro_f1": 0.5450224876403809,
    "total_f1": 0.7296339869499207,
    "inf_f1": 0.622535228729248,
    "perc_f1": 0.4609609544277191,
    "backg_f1": 0.35421717166900635
}