{
    "loss": 1.0546875,
    "acc": 0.5280455946922302,
    "macro_f1": 0.48236653208732605,
    "total_f1": 0.7189228534698486,
    "inf_f1": 0.5569035410881042,
    "perc_f1": 0.3632192015647888,
    "backg_f1": 0.3428977131843567
}