{
    "loss": 1.6640625,
    "acc": 0.6795827746391296,
    "macro_f1": 0.5601527690887451,
    "total_f1": 0.7454848885536194,
    "inf_f1": 0.6568825840950012,
    "perc_f1": 0.4436306655406952,
    "backg_f1": 0.3094577193260193
}