{
    "loss": 0.98046875,
    "acc": 0.5609726309776306,
    "macro_f1": 0.5226966738700867,
    "total_f1": 0.7250624895095825,
    "inf_f1": 0.6409927010536194,
    "perc_f1": 0.37725311517715454,
    "backg_f1": 0.38727617263793945
}