{
    "loss": 0.99609375,
    "acc": 0.6136680841445923,
    "macro_f1": 0.5126194953918457,
    "total_f1": 0.763821005821228,
    "inf_f1": 0.575667679309845,
    "perc_f1": 0.32275521755218506,
    "backg_f1": 0.3680533468723297
}