{
    "loss": 1.0546875,
    "acc": 0.6114850640296936,
    "macro_f1": 0.5221362113952637,
    "total_f1": 0.7595181465148926,
    "inf_f1": 0.6017391085624695,
    "perc_f1": 0.41077157855033875,
    "backg_f1": 0.2898491621017456
}