{
    "loss": 1.03125,
    "acc": 0.5904432535171509,
    "macro_f1": 0.5098330974578857,
    "total_f1": 0.7478420734405518,
    "inf_f1": 0.5388520359992981,
    "perc_f1": 0.37877851724624634,
    "backg_f1": 0.369133859872818
}