{
    "loss": 1.3828125,
    "acc": 0.6482162475585938,
    "macro_f1": 0.5535728931427002,
    "total_f1": 0.7318281531333923,
    "inf_f1": 0.6607422828674316,
    "perc_f1": 0.41808775067329407,
    "backg_f1": 0.34028324484825134
}