{
    "loss": 1.015625,
    "acc": 0.5918842554092407,
    "macro_f1": 0.5436647534370422,
    "total_f1": 0.7506628036499023,
    "inf_f1": 0.6358595490455627,
    "perc_f1": 0.433654248714447,
    "backg_f1": 0.3632540702819824
}