{
    "loss": 1.0625,
    "acc": 0.6233909726142883,
    "macro_f1": 0.544501006603241,
    "total_f1": 0.747407078742981,
    "inf_f1": 0.6319400072097778,
    "perc_f1": 0.4290989637374878,
    "backg_f1": 0.3461962640285492
}