{
    "loss": 1.1328125,
    "acc": 0.5353683829307556,
    "macro_f1": 0.39973339438438416,
    "total_f1": 0.7196626663208008,
    "inf_f1": 0.4308614730834961,
    "perc_f1": 0.29279661178588867,
    "backg_f1": 0.14134478569030762
}