{
    "loss": 1.3046875,
    "acc": 0.6759838461875916,
    "macro_f1": 0.5865066647529602,
    "total_f1": 0.7578735947608948,
    "inf_f1": 0.6537330746650696,
    "perc_f1": 0.4782709777355194,
    "backg_f1": 0.394610196352005
}