{
    "loss": 1.171875,
    "acc": 0.6455804705619812,
    "macro_f1": 0.508781909942627,
    "total_f1": 0.7451509833335876,
    "inf_f1": 0.5822736024856567,
    "perc_f1": 0.26405325531959534,
    "backg_f1": 0.38213881850242615
}