{
    "loss": 1.5546875,
    "acc": 0.6427608132362366,
    "macro_f1": 0.532080888748169,
    "total_f1": 0.7345291972160339,
    "inf_f1": 0.6367131471633911,
    "perc_f1": 0.38599222898483276,
    "backg_f1": 0.3021828234195709
}