{
    "loss": 0.5859375,
    "acc": 0.7620003819465637,
    "total_f1": 0.7050559520721436
}