{
    "loss": 0.486328125,
    "acc": 0.7635650038719177,
    "total_f1": 0.7261224985122681
}