{
    "loss": 0.48046875,
    "acc": 0.7811595797538757,
    "total_f1": 0.7145882248878479
}