{
    "loss": 0.55078125,
    "acc": 0.7303241491317749,
    "total_f1": 0.706920325756073
}