{
    "loss": 0.5546875,
    "acc": 0.7574245929718018,
    "total_f1": 0.6610568165779114
}