{
    "loss": 1.21875,
    "acc": 0.5861985087394714,
    "macro_f1": 0.4844089150428772,
    "total_f1": 0.7072618007659912,
    "inf_f1": 0.5034359693527222,
    "perc_f1": 0.3339308500289917,
    "backg_f1": 0.34476029872894287
}