{
    "loss": 1.1484375,
    "acc": 0.6236128807067871,
    "macro_f1": 0.4600796401500702,
    "total_f1": 0.7272320985794067,
    "inf_f1": 0.4026895761489868,
    "perc_f1": 0.40130797028541565,
    "backg_f1": 0.22365805506706238
}