{
    "loss": 1.0703125,
    "acc": 0.5574555993080139,
    "macro_f1": 0.4641735553741455,
    "total_f1": 0.7261490225791931,
    "inf_f1": 0.5105592012405396,
    "perc_f1": 0.25537216663360596,
    "backg_f1": 0.37048831582069397
}