{
    "loss": 1.125,
    "acc": 0.5277423858642578,
    "macro_f1": 0.49816176295280457,
    "total_f1": 0.7114184498786926,
    "inf_f1": 0.5784702301025391,
    "perc_f1": 0.3967837691307068,
    "backg_f1": 0.35520151257514954
}