{
    "loss": 1.0546875,
    "acc": 0.5992359519004822,
    "macro_f1": 0.47918620705604553,
    "total_f1": 0.7407793402671814,
    "inf_f1": 0.5097135305404663,
    "perc_f1": 0.28816676139831543,
    "backg_f1": 0.3444259464740753
}