{
    "loss": 1.21875,
    "acc": 0.6220968961715698,
    "macro_f1": 0.49225208163261414,
    "total_f1": 0.7020050883293152,
    "inf_f1": 0.5692901015281677,
    "perc_f1": 0.33602213859558105,
    "backg_f1": 0.27582040429115295
}