{
    "loss": 1.1796875,
    "acc": 0.6116688251495361,
    "macro_f1": 0.4326188564300537,
    "total_f1": 0.7033492922782898,
    "inf_f1": 0.500183641910553,
    "perc_f1": 0.2031523585319519,
    "backg_f1": 0.23187647759914398
}