{
    "loss": 1.015625,
    "acc": 0.614902675151825,
    "macro_f1": 0.5593233108520508,
    "total_f1": 0.7486667633056641,
    "inf_f1": 0.6521990895271301,
    "perc_f1": 0.44062677025794983,
    "backg_f1": 0.3885578215122223
}