{
    "loss": 1.7578125,
    "acc": 0.6747962236404419,
    "macro_f1": 0.575811505317688,
    "total_f1": 0.7398750185966492,
    "inf_f1": 0.682539701461792,
    "perc_f1": 0.4401840567588806,
    "backg_f1": 0.36508888006210327
}