{
    "loss": 1.15625,
    "acc": 0.6434009075164795,
    "macro_f1": 0.5764787197113037,
    "total_f1": 0.7521342635154724,
    "inf_f1": 0.6482012271881104,
    "perc_f1": 0.4607190489768982,
    "backg_f1": 0.41295546293258667
}