{
    "loss": 1.03125,
    "acc": 0.6301960349082947,
    "macro_f1": 0.5292317867279053,
    "total_f1": 0.7408949136734009,
    "inf_f1": 0.589236319065094,
    "perc_f1": 0.40299367904663086,
    "backg_f1": 0.3394582271575928
}