{
    "loss": 1.5625,
    "acc": 0.6843630075454712,
    "macro_f1": 0.5768578052520752,
    "total_f1": 0.7299763560295105,
    "inf_f1": 0.6887918710708618,
    "perc_f1": 0.4421406686306,
    "backg_f1": 0.35554635524749756
}