{
    "loss": 1.6796875,
    "acc": 0.6834871768951416,
    "macro_f1": 0.5843632817268372,
    "total_f1": 0.7476970553398132,
    "inf_f1": 0.6870909929275513,
    "perc_f1": 0.42988505959510803,
    "backg_f1": 0.39815667271614075
}