{
    "loss": 1.3125,
    "acc": 0.629791796207428,
    "macro_f1": 0.5781561732292175,
    "total_f1": 0.7422579526901245,
    "inf_f1": 0.6936416029930115,
    "perc_f1": 0.44504600763320923,
    "backg_f1": 0.41364842653274536
}