{
    "loss": 1.5234375,
    "acc": 0.6608502268791199,
    "macro_f1": 0.5847017765045166,
    "total_f1": 0.7482320666313171,
    "inf_f1": 0.6817210912704468,
    "perc_f1": 0.46705085039138794,
    "backg_f1": 0.39027705788612366
}