{
    "loss": 1.140625,
    "acc": 0.5357467532157898,
    "macro_f1": 0.4438478648662567,
    "total_f1": 0.7209586501121521,
    "inf_f1": 0.47664520144462585,
    "perc_f1": 0.29198259115219116,
    "backg_f1": 0.28127339482307434
}