{
    "loss": 1.15625,
    "acc": 0.542417049407959,
    "macro_f1": 0.4279385209083557,
    "total_f1": 0.719663143157959,
    "inf_f1": 0.4755348861217499,
    "perc_f1": 0.29757019877433777,
    "backg_f1": 0.20000000298023224
}