{
    "loss": 1.265625,
    "acc": 0.5421139001846313,
    "macro_f1": 0.3476255536079407,
    "total_f1": 0.6738480925559998,
    "inf_f1": 0.4170685410499573,
    "perc_f1": 0.020008699968457222,
    "backg_f1": 0.20583190023899078
}