{
    "loss": 1.1484375,
    "acc": 0.5483596920967102,
    "macro_f1": 0.4602743685245514,
    "total_f1": 0.71299809217453,
    "inf_f1": 0.49123626947402954,
    "perc_f1": 0.2985013425350189,
    "backg_f1": 0.3246360123157501
}