{
    "loss": 1.0546875,
    "acc": 0.6491948962211609,
    "macro_f1": 0.5690323710441589,
    "total_f1": 0.7661540508270264,
    "inf_f1": 0.6434561610221863,
    "perc_f1": 0.4215008020401001,
    "backg_f1": 0.4157193899154663
}