{
    "loss": 1.34375,
    "acc": 0.3165128231048584,
    "macro_f1": 0.280565083026886,
    "total_f1": 0.5981158018112183,
    "inf_f1": 0.27224284410476685,
    "perc_f1": 0.24464097619056702,
    "backg_f1": 0.17517605423927307
}