{
    "loss": 1.015625,
    "acc": 0.678703784942627,
    "macro_f1": 0.579706072807312,
    "total_f1": 0.7740588784217834,
    "inf_f1": 0.6453112959861755,
    "perc_f1": 0.43616732954978943,
    "backg_f1": 0.41186344623565674
}