{
    "loss": 0.9921875,
    "acc": 0.688674807548523,
    "macro_f1": 0.575536847114563,
    "total_f1": 0.7640522718429565,
    "inf_f1": 0.6504328846931458,
    "perc_f1": 0.46212664246559143,
    "backg_f1": 0.35512733459472656
}