{
    "loss": 0.9765625,
    "acc": 0.628713846206665,
    "macro_f1": 0.5618126392364502,
    "total_f1": 0.7617473006248474,
    "inf_f1": 0.6471163034439087,
    "perc_f1": 0.41884544491767883,
    "backg_f1": 0.4092087149620056
}