{
    "loss": 1.046875,
    "acc": 0.6169238090515137,
    "macro_f1": 0.5464001297950745,
    "total_f1": 0.7522185444831848,
    "inf_f1": 0.6441532373428345,
    "perc_f1": 0.41191336512565613,
    "backg_f1": 0.36371034383773804
}