{
    "loss": 1.203125,
    "acc": 0.5585124492645264,
    "macro_f1": 0.43352851271629333,
    "total_f1": 0.6750584244728088,
    "inf_f1": 0.44717860221862793,
    "perc_f1": 0.26487094163894653,
    "backg_f1": 0.28462618589401245
}