{
    "loss": 1.0703125,
    "acc": 0.5022569298744202,
    "macro_f1": 0.46557819843292236,
    "total_f1": 0.7070509791374207,
    "inf_f1": 0.6088160872459412,
    "perc_f1": 0.3331174850463867,
    "backg_f1": 0.28243398666381836
}