{
    "loss": 1.015625,
    "acc": 0.5234116911888123,
    "macro_f1": 0.5015618205070496,
    "total_f1": 0.7054794430732727,
    "inf_f1": 0.6269165277481079,
    "perc_f1": 0.42273634672164917,
    "backg_f1": 0.31777626276016235
}