{
    "loss": 1.5234375,
    "acc": 0.6924476027488708,
    "macro_f1": 0.5965126156806946,
    "total_f1": 0.7369563579559326,
    "inf_f1": 0.7004169225692749,
    "perc_f1": 0.49475666880607605,
    "backg_f1": 0.36882904171943665
}