{
    "loss": 1.0546875,
    "acc": 0.6143636703491211,
    "macro_f1": 0.4982394576072693,
    "total_f1": 0.7205091118812561,
    "inf_f1": 0.5667966604232788,
    "perc_f1": 0.3630623519420624,
    "backg_f1": 0.28685083985328674
}