{
    "loss": 1.234375,
    "acc": 0.7011385560035706,
    "macro_f1": 0.5809494256973267,
    "total_f1": 0.731772243976593,
    "inf_f1": 0.685352623462677,
    "perc_f1": 0.4502529501914978,
    "backg_f1": 0.3524329364299774
}