{
    "loss": 1.265625,
    "acc": 0.5073098540306091,
    "macro_f1": 0.36655694246292114,
    "total_f1": 0.6381425261497498,
    "inf_f1": 0.4060482978820801,
    "perc_f1": 0.3022090196609497,
    "backg_f1": 0.06791406869888306
}