{
    "loss": 1.3515625,
    "acc": 0.680927038192749,
    "macro_f1": 0.5966062545776367,
    "total_f1": 0.7458624839782715,
    "inf_f1": 0.6810318827629089,
    "perc_f1": 0.4839363098144531,
    "backg_f1": 0.4080440104007721
}