{
    "loss": 1.578125,
    "acc": 0.6692043542861938,
    "macro_f1": 0.5892442464828491,
    "total_f1": 0.7413349747657776,
    "inf_f1": 0.6888499855995178,
    "perc_f1": 0.48004287481307983,
    "backg_f1": 0.3852112591266632
}