{
    "loss": 0.546875,
    "acc": 0.7302355766296387,
    "total_f1": 0.6920744180679321
}