{
    "loss": 0.671875,
    "acc": 0.7638306617736816,
    "total_f1": 0.6782755851745605
}