{
    "loss": 0.64453125,
    "acc": 0.6481372117996216,
    "total_f1": 0.6840053796768188
}