{
    "loss": 0.6953125,
    "acc": 0.7215858697891235,
    "total_f1": 0.6738145351409912
}