{
    "loss": 0.63671875,
    "acc": 0.749690055847168,
    "total_f1": 0.6309788227081299
}