{
    "loss": 1.046875,
    "acc": 0.502152681350708,
    "macro_f1": 0.4802950918674469,
    "total_f1": 0.7060156464576721,
    "inf_f1": 0.5733836889266968,
    "perc_f1": 0.37741994857788086,
    "backg_f1": 0.3475484549999237
}