{
    "loss": 1.046875,
    "acc": 0.5869262218475342,
    "macro_f1": 0.4688034653663635,
    "total_f1": 0.7333462238311768,
    "inf_f1": 0.540145993232727,
    "perc_f1": 0.22804571688175201,
    "backg_f1": 0.3436458706855774
}