{
    "loss": 1.09375,
    "acc": 0.6270692944526672,
    "macro_f1": 0.5374184250831604,
    "total_f1": 0.7586563229560852,
    "inf_f1": 0.5885015726089478,
    "perc_f1": 0.37826430797576904,
    "backg_f1": 0.3963691294193268
}