{
    "loss": 1.09375,
    "acc": 0.6188223958015442,
    "macro_f1": 0.5006014704704285,
    "total_f1": 0.7381329536437988,
    "inf_f1": 0.5810030102729797,
    "perc_f1": 0.2876526415348053,
    "backg_f1": 0.3395768404006958
}