{
    "loss": 1.0234375,
    "acc": 0.5535140633583069,
    "macro_f1": 0.49468767642974854,
    "total_f1": 0.7337217330932617,
    "inf_f1": 0.5720008015632629,
    "perc_f1": 0.31558936834335327,
    "backg_f1": 0.3924401104450226
}