{
    "loss": 1.34375,
    "acc": 0.6392577886581421,
    "macro_f1": 0.5178413391113281,
    "total_f1": 0.7015182375907898,
    "inf_f1": 0.6187452077865601,
    "perc_f1": 0.3857868015766144,
    "backg_f1": 0.270341694355011
}