{
    "loss": 1.296875,
    "acc": 0.6302225589752197,
    "macro_f1": 0.5231630206108093,
    "total_f1": 0.7327784895896912,
    "inf_f1": 0.6181291937828064,
    "perc_f1": 0.381845086812973,
    "backg_f1": 0.29719534516334534
}