{"sentence_majo": [0.4199382443758271, 2.6225895316804406, 1.7794392523364486, 1.4805598755832037], "sentence_prio": [0.4199382443758271, 1.2173913043478262, 3.26027397260274, 2.038543897216274], "token_scibert": [0.41157453678788347, 2.3641361950185478, 1.891643109540636, 1.6163496376811595], "token_mistral": [0.41201080465516765, 2.3286695447409733, 1.907861736334405, 1.6147199695204921], "token_llama": [0.4127356176862168, 2.353612243267002, 1.86739902352419, 1.6213802025985466]}