{
    "loss": 1.484375,
    "acc": 0.7094253301620483,
    "macro_f1": 0.6114389300346375,
    "total_f1": 0.7458464503288269,
    "inf_f1": 0.7060975432395935,
    "perc_f1": 0.5096893906593323,
    "backg_f1": 0.3961620330810547
}