{
    "loss": 1.671875,
    "acc": 0.710840106010437,
    "macro_f1": 0.6157702803611755,
    "total_f1": 0.7584194540977478,
    "inf_f1": 0.7029216289520264,
    "perc_f1": 0.5176342725753784,
    "backg_f1": 0.4063465893268585
}