{
    "loss": 1.1328125,
    "acc": 0.6729771494865417,
    "macro_f1": 0.6047913432121277,
    "total_f1": 0.7515817880630493,
    "inf_f1": 0.6894673109054565,
    "perc_f1": 0.49320483207702637,
    "backg_f1": 0.43746834993362427
}