{
    "loss": 1.5078125,
    "acc": 0.7039008140563965,
    "macro_f1": 0.6206965446472168,
    "total_f1": 0.7593531012535095,
    "inf_f1": 0.7045655250549316,
    "perc_f1": 0.5285026431083679,
    "backg_f1": 0.42303910851478577
}