{
    "loss": 1.015625,
    "acc": 0.6829481720924377,
    "macro_f1": 0.5841445922851562,
    "total_f1": 0.7524736523628235,
    "inf_f1": 0.6505026817321777,
    "perc_f1": 0.4634772539138794,
    "backg_f1": 0.40092357993125916
}