{
    "loss": 1.09375,
    "acc": 0.6691369414329529,
    "macro_f1": 0.500360369682312,
    "total_f1": 0.7004349231719971,
    "inf_f1": 0.6203325390815735,
    "perc_f1": 0.40442338585853577,
    "backg_f1": 0.15395095944404602
}