{
    "loss": 1.265625,
    "acc": 0.6236609816551208,
    "macro_f1": 0.5615688562393188,
    "total_f1": 0.7289653420448303,
    "inf_f1": 0.6963631510734558,
    "perc_f1": 0.4573202133178711,
    "backg_f1": 0.33685991168022156
}