{
    "loss": 1.0078125,
    "acc": 0.6621976494789124,
    "macro_f1": 0.5401894450187683,
    "total_f1": 0.7748779058456421,
    "inf_f1": 0.5826998353004456,
    "perc_f1": 0.33885350823402405,
    "backg_f1": 0.41710808873176575
}