{
    "loss": 1.5546875,
    "acc": 0.6673179268836975,
    "macro_f1": 0.6039469242095947,
    "total_f1": 0.7394488453865051,
    "inf_f1": 0.6896135210990906,
    "perc_f1": 0.5067046880722046,
    "backg_f1": 0.42937150597572327
}