{
    "loss": 1.7734375,
    "acc": 0.6472621560096741,
    "macro_f1": 0.54648756980896,
    "total_f1": 0.736299455165863,
    "inf_f1": 0.6458938717842102,
    "perc_f1": 0.37712371349334717,
    "backg_f1": 0.36131739616394043
}