{
    "loss": 1.4453125,
    "acc": 0.6160329580307007,
    "macro_f1": 0.5042276978492737,
    "total_f1": 0.7248589992523193,
    "inf_f1": 0.6161593198776245,
    "perc_f1": 0.29203540086746216,
    "backg_f1": 0.32558873295783997
}