{
    "loss": 2.09375,
    "acc": 0.656721830368042,
    "macro_f1": 0.5430147051811218,
    "total_f1": 0.7346460819244385,
    "inf_f1": 0.6347920298576355,
    "perc_f1": 0.36037880182266235,
    "backg_f1": 0.36450761556625366
}