{
    "loss": 2.046875,
    "acc": 0.6514462232589722,
    "macro_f1": 0.5375134348869324,
    "total_f1": 0.7317500710487366,
    "inf_f1": 0.6342381238937378,
    "perc_f1": 0.36987221240997314,
    "backg_f1": 0.33618026971817017
}