{
    "loss": 1.390625,
    "acc": 0.6067551970481873,
    "macro_f1": 0.5175662040710449,
    "total_f1": 0.7358258366584778,
    "inf_f1": 0.6131677031517029,
    "perc_f1": 0.3142773509025574,
    "backg_f1": 0.3751406669616699
}