{
    "loss": 1.609375,
    "acc": 0.643320620059967,
    "macro_f1": 0.5410561561584473,
    "total_f1": 0.7386906147003174,
    "inf_f1": 0.6334068179130554,
    "perc_f1": 0.3516024053096771,
    "backg_f1": 0.3776578903198242
}