{
    "loss": 1.15625,
    "acc": 0.549693763256073,
    "macro_f1": 0.4821280539035797,
    "total_f1": 0.7097824215888977,
    "inf_f1": 0.5540266036987305,
    "perc_f1": 0.3243243098258972,
    "backg_f1": 0.3439200222492218
}