{
    "loss": 1.140625,
    "acc": 0.589958131313324,
    "macro_f1": 0.5078538060188293,
    "total_f1": 0.7345372438430786,
    "inf_f1": 0.5840586423873901,
    "perc_f1": 0.33102554082870483,
    "backg_f1": 0.36321505904197693
}