{
    "loss": 1.40625,
    "acc": 0.39991509914398193,
    "macro_f1": 0.38178199529647827,
    "total_f1": 0.6492729187011719,
    "inf_f1": 0.4634610116481781,
    "perc_f1": 0.28910765051841736,
    "backg_f1": 0.25406840443611145
}