{
    "loss": 1.2265625,
    "acc": 0.6225214004516602,
    "macro_f1": 0.5142470598220825,
    "total_f1": 0.7346771359443665,
    "inf_f1": 0.6019507646560669,
    "perc_f1": 0.31949687004089355,
    "backg_f1": 0.34718286991119385
}