{
    "loss": 1.65625,
    "acc": 0.6163968443870544,
    "macro_f1": 0.5218715667724609,
    "total_f1": 0.730936586856842,
    "inf_f1": 0.6366408467292786,
    "perc_f1": 0.34902724623680115,
    "backg_f1": 0.3245392143726349
}