{
    "loss": 1.1171875,
    "acc": 0.5577587485313416,
    "macro_f1": 0.4737037420272827,
    "total_f1": 0.7166575193405151,
    "inf_f1": 0.5284773111343384,
    "perc_f1": 0.28484541177749634,
    "backg_f1": 0.3631901741027832
}