{
    "loss": 1.0703125,
    "acc": 0.5705536603927612,
    "macro_f1": 0.5071945190429688,
    "total_f1": 0.717222273349762,
    "inf_f1": 0.5383908152580261,
    "perc_f1": 0.3818594217300415,
    "backg_f1": 0.39468643069267273
}