{
    "loss": 1.1796875,
    "acc": 0.5922624468803406,
    "macro_f1": 0.5046209096908569,
    "total_f1": 0.7220244407653809,
    "inf_f1": 0.5127478837966919,
    "perc_f1": 0.37184202671051025,
    "backg_f1": 0.3788883090019226
}