{
    "loss": 1.140625,
    "acc": 0.609544575214386,
    "macro_f1": 0.43376845121383667,
    "total_f1": 0.7091307640075684,
    "inf_f1": 0.4862559139728546,
    "perc_f1": 0.19451697170734406,
    "backg_f1": 0.26070764660835266
}