{
    "loss": 1.0703125,
    "acc": 0.5757079720497131,
    "macro_f1": 0.49617651104927063,
    "total_f1": 0.7210850715637207,
    "inf_f1": 0.5224753022193909,
    "perc_f1": 0.35143768787384033,
    "backg_f1": 0.38068926334381104
}