{
    "loss": 1.3359375,
    "acc": 0.5724940896034241,
    "macro_f1": 0.4853377342224121,
    "total_f1": 0.7245633006095886,
    "inf_f1": 0.5266005396842957,
    "perc_f1": 0.31722596287727356,
    "backg_f1": 0.3561217188835144
}