{
    "loss": 1.0,
    "acc": 0.6307682991027832,
    "macro_f1": 0.5537434816360474,
    "total_f1": 0.7656477689743042,
    "inf_f1": 0.623545229434967,
    "perc_f1": 0.4155663549900055,
    "backg_f1": 0.3913910984992981
}