{
    "loss": 1.1171875,
    "acc": 0.4755321145057678,
    "macro_f1": 0.4917351305484772,
    "total_f1": 0.6829765439033508,
    "inf_f1": 0.645208477973938,
    "perc_f1": 0.4303901493549347,
    "backg_f1": 0.3568410277366638
}