{
    "loss": 1.2734375,
    "acc": 0.6359832882881165,
    "macro_f1": 0.5779318809509277,
    "total_f1": 0.7576470375061035,
    "inf_f1": 0.6635321974754333,
    "perc_f1": 0.4633888900279999,
    "backg_f1": 0.4056442081928253
}