{
    "loss": 1.0703125,
    "acc": 0.6643017530441284,
    "macro_f1": 0.5142278671264648,
    "total_f1": 0.7368097901344299,
    "inf_f1": 0.6211050152778625,
    "perc_f1": 0.4148595929145813,
    "backg_f1": 0.19304589927196503
}