{
    "loss": 1.3671875,
    "acc": 0.644775927066803,
    "macro_f1": 0.5536000728607178,
    "total_f1": 0.7581398487091064,
    "inf_f1": 0.6352819204330444,
    "perc_f1": 0.44782087206840515,
    "backg_f1": 0.3275190591812134
}