{
    "loss": 1.4140625,
    "acc": 0.6431387066841125,
    "macro_f1": 0.5684946775436401,
    "total_f1": 0.754007875919342,
    "inf_f1": 0.6096674799919128,
    "perc_f1": 0.47056257724761963,
    "backg_f1": 0.40453580021858215
}