{
    "loss": 1.015625,
    "acc": 0.5403553247451782,
    "macro_f1": 0.49648112058639526,
    "total_f1": 0.722927987575531,
    "inf_f1": 0.6137545108795166,
    "perc_f1": 0.33454954624176025,
    "backg_f1": 0.36521926522254944
}