{
    "loss": 2.21875,
    "acc": 0.6992905139923096,
    "macro_f1": 0.5805332660675049,
    "total_f1": 0.7427405714988708,
    "inf_f1": 0.6697099804878235,
    "perc_f1": 0.46118488907814026,
    "backg_f1": 0.35319483280181885
}