{
    "loss": 1.125,
    "acc": 0.6074222326278687,
    "macro_f1": 0.5608047842979431,
    "total_f1": 0.7477656006813049,
    "inf_f1": 0.6589245200157166,
    "perc_f1": 0.44735920429229736,
    "backg_f1": 0.3947368562221527
}