{
    "loss": 1.421875,
    "acc": 0.656358003616333,
    "macro_f1": 0.5780402421951294,
    "total_f1": 0.759984016418457,
    "inf_f1": 0.6669958233833313,
    "perc_f1": 0.44947734475135803,
    "backg_f1": 0.39648959040641785
}