{
    "loss": 1.0390625,
    "acc": 0.5908677577972412,
    "macro_f1": 0.5178261995315552,
    "total_f1": 0.7377542853355408,
    "inf_f1": 0.6110535860061646,
    "perc_f1": 0.3581336736679077,
    "backg_f1": 0.3574582040309906
}