{
    "loss": 1.5859375,
    "acc": 0.695288360118866,
    "macro_f1": 0.5917085409164429,
    "total_f1": 0.7760480642318726,
    "inf_f1": 0.6715999245643616,
    "perc_f1": 0.4333142638206482,
    "backg_f1": 0.4232572615146637
}