{
    "loss": 1.015625,
    "acc": 0.6444727182388306,
    "macro_f1": 0.5540269017219543,
    "total_f1": 0.757242739200592,
    "inf_f1": 0.6488496661186218,
    "perc_f1": 0.3790816366672516,
    "backg_f1": 0.39104828238487244
}