{
    "loss": 2.453125,
    "acc": 0.698866069316864,
    "macro_f1": 0.5703295469284058,
    "total_f1": 0.7439063191413879,
    "inf_f1": 0.668004035949707,
    "perc_f1": 0.4428495466709137,
    "backg_f1": 0.32951289415359497
}