{
    "loss": 1.109375,
    "acc": 0.5758898854255676,
    "macro_f1": 0.489594429731369,
    "total_f1": 0.7174538373947144,
    "inf_f1": 0.5680000185966492,
    "perc_f1": 0.3861176669597626,
    "backg_f1": 0.25929325819015503
}