{
    "loss": 1.421875,
    "acc": 0.6420471668243408,
    "macro_f1": 0.5711251497268677,
    "total_f1": 0.751735508441925,
    "inf_f1": 0.6464826464653015,
    "perc_f1": 0.4500845968723297,
    "backg_f1": 0.39821499586105347
}