{
    "loss": 1.8359375,
    "acc": 0.6929840445518494,
    "macro_f1": 0.5930896997451782,
    "total_f1": 0.765263020992279,
    "inf_f1": 0.6797552108764648,
    "perc_f1": 0.45653897523880005,
    "backg_f1": 0.4033892750740051
}