{
    "loss": 1.28125,
    "acc": 0.46169912815093994,
    "macro_f1": 0.3889254927635193,
    "total_f1": 0.6354868412017822,
    "inf_f1": 0.33822500705718994,
    "perc_f1": 0.2823927402496338,
    "backg_f1": 0.31438037753105164
}