{
    "loss": 1.09375,
    "acc": 0.5553459525108337,
    "macro_f1": 0.48124247789382935,
    "total_f1": 0.7191299796104431,
    "inf_f1": 0.5641883611679077,
    "perc_f1": 0.31197986006736755,
    "backg_f1": 0.32819947600364685
}