{
    "loss": 0.99609375,
    "acc": 0.6060769557952881,
    "macro_f1": 0.5240843296051025,
    "total_f1": 0.7561260461807251,
    "inf_f1": 0.6111348867416382,
    "perc_f1": 0.3518434166908264,
    "backg_f1": 0.36839237809181213
}