{
    "loss": 0.9921875,
    "acc": 0.6179344058036804,
    "macro_f1": 0.546217679977417,
    "total_f1": 0.7580656409263611,
    "inf_f1": 0.6198005080223083,
    "perc_f1": 0.3942285180091858,
    "backg_f1": 0.4030021131038666
}