{
    "loss": 0.9765625,
    "acc": 0.6212356090545654,
    "macro_f1": 0.5542459487915039,
    "total_f1": 0.7590890526771545,
    "inf_f1": 0.6310483813285828,
    "perc_f1": 0.40891218185424805,
    "backg_f1": 0.4094827473163605
}