{
    "loss": 1.328125,
    "acc": 0.33780232071876526,
    "macro_f1": 0.3096608519554138,
    "total_f1": 0.6048656702041626,
    "inf_f1": 0.28947368264198303,
    "perc_f1": 0.25929176807403564,
    "backg_f1": 0.24530744552612305
}