{
    "loss": 0.97265625,
    "acc": 0.6308697462081909,
    "macro_f1": 0.5595445036888123,
    "total_f1": 0.7634363770484924,
    "inf_f1": 0.6373845934867859,
    "perc_f1": 0.42066895961761475,
    "backg_f1": 0.4018970727920532
}