{
    "loss": 0.984375,
    "acc": 0.6456915736198425,
    "macro_f1": 0.5650961995124817,
    "total_f1": 0.7691978216171265,
    "inf_f1": 0.6355231404304504,
    "perc_f1": 0.4216643273830414,
    "backg_f1": 0.4091641306877136
}