{
    "loss": 1.0234375,
    "acc": 0.616519570350647,
    "macro_f1": 0.5156606435775757,
    "total_f1": 0.7601938843727112,
    "inf_f1": 0.6011247634887695,
    "perc_f1": 0.3349370062351227,
    "backg_f1": 0.34142327308654785
}