{
    "loss": 0.9765625,
    "acc": 0.6233240962028503,
    "macro_f1": 0.551112949848175,
    "total_f1": 0.7615495920181274,
    "inf_f1": 0.6388625502586365,
    "perc_f1": 0.4074951410293579,
    "backg_f1": 0.3851904571056366
}