{
    "loss": 0.96875,
    "acc": 0.6262211203575134,
    "macro_f1": 0.5469352602958679,
    "total_f1": 0.7642242312431335,
    "inf_f1": 0.632749617099762,
    "perc_f1": 0.4038580060005188,
    "backg_f1": 0.36994218826293945
}