{
    "loss": 1.0,
    "acc": 0.6382132768630981,
    "macro_f1": 0.5616068840026855,
    "total_f1": 0.7670442461967468,
    "inf_f1": 0.6382466554641724,
    "perc_f1": 0.4124189019203186,
    "backg_f1": 0.4097476005554199
}