{
    "loss": 0.984375,
    "acc": 0.6478474736213684,
    "macro_f1": 0.5662557482719421,
    "total_f1": 0.7702335119247437,
    "inf_f1": 0.6355684995651245,
    "perc_f1": 0.41923436522483826,
    "backg_f1": 0.4142394959926605
}