{
    "loss": 1.3828125,
    "acc": 0.2989961504936218,
    "macro_f1": 0.2623113989830017,
    "total_f1": 0.5754575729370117,
    "inf_f1": 0.17875972390174866,
    "perc_f1": 0.2110389620065689,
    "backg_f1": 0.2585371732711792
}