{
    "loss": 1.453125,
    "acc": 0.23108536005020142,
    "macro_f1": 0.2133563905954361,
    "total_f1": 0.5544806122779846,
    "inf_f1": 0.16208486258983612,
    "perc_f1": 0.1735677868127823,
    "backg_f1": 0.21269401907920837
}