{
    "loss": 1.3203125,
    "acc": 0.6708212494850159,
    "macro_f1": 0.5890295505523682,
    "total_f1": 0.7567194104194641,
    "inf_f1": 0.7088679671287537,
    "perc_f1": 0.45404869318008423,
    "backg_f1": 0.38331207633018494
}