{
    "loss": 1.3671875,
    "acc": 0.27110421657562256,
    "macro_f1": 0.25840985774993896,
    "total_f1": 0.59429931640625,
    "inf_f1": 0.25040891766548157,
    "perc_f1": 0.23445767164230347,
    "backg_f1": 0.2186843901872635
}