{
    "loss": 1.5859375,
    "acc": 0.6756720542907715,
    "macro_f1": 0.5945956110954285,
    "total_f1": 0.7483077645301819,
    "inf_f1": 0.7131829261779785,
    "perc_f1": 0.4317516088485718,
    "backg_f1": 0.42563003301620483
}