{
    "loss": 1.5703125,
    "acc": 0.6931887269020081,
    "macro_f1": 0.5876220464706421,
    "total_f1": 0.7405233383178711,
    "inf_f1": 0.7067157626152039,
    "perc_f1": 0.417733371257782,
    "backg_f1": 0.40023112297058105
}