{
    "loss": 1.1484375,
    "acc": 0.6340362429618835,
    "macro_f1": 0.5703475475311279,
    "total_f1": 0.7391799688339233,
    "inf_f1": 0.6747311949729919,
    "perc_f1": 0.4223918616771698,
    "backg_f1": 0.41856831312179565
}