{
    "loss": 1.84375,
    "acc": 0.6964899301528931,
    "macro_f1": 0.5900827050209045,
    "total_f1": 0.7383432984352112,
    "inf_f1": 0.697618305683136,
    "perc_f1": 0.45436784625053406,
    "backg_f1": 0.37879419326782227
}