{
    "loss": 1.0703125,
    "acc": 0.6861820220947266,
    "macro_f1": 0.5602869987487793,
    "total_f1": 0.7483348846435547,
    "inf_f1": 0.6675204634666443,
    "perc_f1": 0.42617717385292053,
    "backg_f1": 0.3149118721485138
}