{
    "loss": 1.0234375,
    "acc": 0.48817625641822815,
    "macro_f1": 0.48215940594673157,
    "total_f1": 0.6806573867797852,
    "inf_f1": 0.6105971336364746,
    "perc_f1": 0.37027671933174133,
    "backg_f1": 0.37078651785850525
}