{
    "loss": 1.703125,
    "acc": 0.6893485188484192,
    "macro_f1": 0.5882548689842224,
    "total_f1": 0.7385566234588623,
    "inf_f1": 0.707034707069397,
    "perc_f1": 0.4511873424053192,
    "backg_f1": 0.3714938759803772
}