{
    "loss": 1.1640625,
    "acc": 0.5423431992530823,
    "macro_f1": 0.4343031644821167,
    "total_f1": 0.6991903781890869,
    "inf_f1": 0.4825672209262848,
    "perc_f1": 0.2936302423477173,
    "backg_f1": 0.24165071547031403
}