{
    "loss": 1.109375,
    "acc": 0.5439330339431763,
    "macro_f1": 0.46565669775009155,
    "total_f1": 0.7097553610801697,
    "inf_f1": 0.5125046372413635,
    "perc_f1": 0.34644120931625366,
    "backg_f1": 0.2961871922016144
}