{
    "loss": 1.171875,
    "acc": 0.5837729573249817,
    "macro_f1": 0.505564272403717,
    "total_f1": 0.7322568297386169,
    "inf_f1": 0.5164585709571838,
    "perc_f1": 0.3818070590496063,
    "backg_f1": 0.3755793869495392
}