{
    "loss": 1.28125,
    "acc": 0.5805590748786926,
    "macro_f1": 0.4799365997314453,
    "total_f1": 0.7145317196846008,
    "inf_f1": 0.4646878242492676,
    "perc_f1": 0.37387147545814514,
    "backg_f1": 0.3221847116947174
}