{
    "loss": 1.125,
    "acc": 0.5596386194229126,
    "macro_f1": 0.45958414673805237,
    "total_f1": 0.7139814496040344,
    "inf_f1": 0.5085648894309998,
    "perc_f1": 0.25813332200050354,
    "backg_f1": 0.3399425148963928
}