{
    "loss": 1.2578125,
    "acc": 0.5589109063148499,
    "macro_f1": 0.4837631285190582,
    "total_f1": 0.7266743779182434,
    "inf_f1": 0.5554140210151672,
    "perc_f1": 0.3709869086742401,
    "backg_f1": 0.27927249670028687
}