{
    "loss": 1.125,
    "acc": 0.584197461605072,
    "macro_f1": 0.49906444549560547,
    "total_f1": 0.7158247828483582,
    "inf_f1": 0.5404939651489258,
    "perc_f1": 0.34106484055519104,
    "backg_f1": 0.36668694019317627
}