{
    "loss": 1.140625,
    "acc": 0.4464859664440155,
    "macro_f1": 0.4384106993675232,
    "total_f1": 0.6843857169151306,
    "inf_f1": 0.5289684534072876,
    "perc_f1": 0.3481854200363159,
    "backg_f1": 0.334534227848053
}