{
    "loss": 1.1484375,
    "acc": 0.6110605597496033,
    "macro_f1": 0.42103710770606995,
    "total_f1": 0.7017858624458313,
    "inf_f1": 0.489969402551651,
    "perc_f1": 0.11703703552484512,
    "backg_f1": 0.2807748317718506
}