{
    "loss": 1.3359375,
    "acc": 0.3774169683456421,
    "macro_f1": 0.32086673378944397,
    "total_f1": 0.5974623560905457,
    "inf_f1": 0.2876429855823517,
    "perc_f1": 0.2482021003961563,
    "backg_f1": 0.22322435677051544
}