{
    "loss": 1.4296875,
    "acc": 0.2568213939666748,
    "macro_f1": 0.2321176677942276,
    "total_f1": 0.5579735040664673,
    "inf_f1": 0.18481950461864471,
    "perc_f1": 0.19247625768184662,
    "backg_f1": 0.19901546835899353
}