{
    "loss": 1.34375,
    "acc": 0.3658290207386017,
    "macro_f1": 0.3127521574497223,
    "total_f1": 0.5911250710487366,
    "inf_f1": 0.2717861831188202,
    "perc_f1": 0.2446788102388382,
    "backg_f1": 0.22590307891368866
}