{
    "loss": 1.34375,
    "acc": 0.3492555320262909,
    "macro_f1": 0.30241385102272034,
    "total_f1": 0.5874651670455933,
    "inf_f1": 0.262458473443985,
    "perc_f1": 0.23746007680892944,
    "backg_f1": 0.22581204771995544
}