{
    "loss": 1.375,
    "acc": 0.2886882722377777,
    "macro_f1": 0.2635084092617035,
    "total_f1": 0.5820506811141968,
    "inf_f1": 0.23118828237056732,
    "perc_f1": 0.2246602326631546,
    "backg_f1": 0.21296784281730652
}