{
    "loss": 1.3359375,
    "acc": 0.385366827249527,
    "macro_f1": 0.3238314986228943,
    "total_f1": 0.5928974151611328,
    "inf_f1": 0.2796677350997925,
    "perc_f1": 0.2484186291694641,
    "backg_f1": 0.23026792705059052
}