{
    "loss": 1.359375,
    "acc": 0.3476386070251465,
    "macro_f1": 0.2971189618110657,
    "total_f1": 0.5786988735198975,
    "inf_f1": 0.2494473159313202,
    "perc_f1": 0.23304679989814758,
    "backg_f1": 0.21962451934814453
}