{
    "loss": 1.3359375,
    "acc": 0.38017919659614563,
    "macro_f1": 0.32368144392967224,
    "total_f1": 0.5981308221817017,
    "inf_f1": 0.2891382873058319,
    "perc_f1": 0.24770642817020416,
    "backg_f1": 0.23089373111724854
}