{
    "loss": 1.3984375,
    "acc": 0.29771608114242554,
    "macro_f1": 0.26120615005493164,
    "total_f1": 0.5653345584869385,
    "inf_f1": 0.19622348248958588,
    "perc_f1": 0.2043074518442154,
    "backg_f1": 0.23209086060523987
}