{
    "loss": 1.546875,
    "acc": 0.6745497584342957,
    "macro_f1": 0.5741046667098999,
    "total_f1": 0.7621362805366516,
    "inf_f1": 0.6616379022598267,
    "perc_f1": 0.4538768529891968,
    "backg_f1": 0.3560551106929779
}