{
    "loss": 1.4609375,
    "acc": 0.6721848249435425,
    "macro_f1": 0.5569349527359009,
    "total_f1": 0.7474344968795776,
    "inf_f1": 0.6527466773986816,
    "perc_f1": 0.39693403244018555,
    "backg_f1": 0.3540637195110321
}