{
    "loss": 1.03125,
    "acc": 0.5191316604614258,
    "macro_f1": 0.48807722330093384,
    "total_f1": 0.7048599720001221,
    "inf_f1": 0.6298016309738159,
    "perc_f1": 0.33607208728790283,
    "backg_f1": 0.34390372037887573
}