{
    "loss": 1.078125,
    "acc": 0.6163361668586731,
    "macro_f1": 0.510409414768219,
    "total_f1": 0.7366865873336792,
    "inf_f1": 0.5897258520126343,
    "perc_f1": 0.3967140018939972,
    "backg_f1": 0.2719354033470154
}