{
    "loss": 1.171875,
    "acc": 0.6535686254501343,
    "macro_f1": 0.5768988132476807,
    "total_f1": 0.7653848528862,
    "inf_f1": 0.659697413444519,
    "perc_f1": 0.420820027589798,
    "backg_f1": 0.4266738295555115
}