{
    "loss": 1.015625,
    "acc": 0.6447153091430664,
    "macro_f1": 0.5658236145973206,
    "total_f1": 0.7631081938743591,
    "inf_f1": 0.6500124931335449,
    "perc_f1": 0.4007773697376251,
    "backg_f1": 0.4188123345375061
}