{
    "loss": 1.3046875,
    "acc": 0.6494451761245728,
    "macro_f1": 0.5785917043685913,
    "total_f1": 0.7648980617523193,
    "inf_f1": 0.6616076231002808,
    "perc_f1": 0.4441007375717163,
    "backg_f1": 0.4121883511543274
}