{
    "loss": 1.359375,
    "acc": 0.26582279801368713,
    "macro_f1": 0.21465887129306793,
    "total_f1": 0.5527108311653137,
    "inf_f1": 0.3287671208381653,
    "perc_f1": 0.0,
    "backg_f1": 0.20181405544281006
}