{
    "loss": 1.3046875,
    "acc": 0.5913200974464417,
    "macro_f1": 0.3104233741760254,
    "total_f1": 0.5307692289352417,
    "inf_f1": 0.4354243576526642,
    "perc_f1": 0.06185567006468773,
    "backg_f1": 0.0
}