{
    "loss": 1.3828125,
    "acc": 0.4285714328289032,
    "macro_f1": 0.2530319392681122,
    "total_f1": 0.4243743121623993,
    "inf_f1": 0.25,
    "perc_f1": 0.0,
    "backg_f1": 0.17125381529331207
}