{
    "loss": 1.3359375,
    "acc": 0.573236882686615,
    "macro_f1": 0.32122769951820374,
    "total_f1": 0.49108368158340454,
    "inf_f1": 0.1388888955116272,
    "perc_f1": 0.3199999928474426,
    "backg_f1": 0.07619047909975052
}