{
    "loss": 1.4296875,
    "acc": 0.6528028845787048,
    "macro_f1": 0.4562132954597473,
    "total_f1": 0.6743886470794678,
    "inf_f1": 0.30882352590560913,
    "perc_f1": 0.3973509967327118,
    "backg_f1": 0.29498526453971863
}