{
    "loss": 1.390625,
    "acc": 0.5759493708610535,
    "macro_f1": 0.4831767678260803,
    "total_f1": 0.6879361867904663,
    "inf_f1": 0.47804877161979675,
    "perc_f1": 0.40793201327323914,
    "backg_f1": 0.3056179881095886
}