{
    "loss": 1.6328125,
    "acc": 0.5913200974464417,
    "macro_f1": 0.4583278000354767,
    "total_f1": 0.6866952776908875,
    "inf_f1": 0.49253731966018677,
    "perc_f1": 0.2928571403026581,
    "backg_f1": 0.2760416567325592
}