{
    "loss": 1.3671875,
    "acc": 0.6329113841056824,
    "macro_f1": 0.39035463333129883,
    "total_f1": 0.5454545617103577,
    "inf_f1": 0.18487395346164703,
    "perc_f1": 0.415335476398468,
    "backg_f1": 0.16858237981796265
}