{
    "loss": 1.34375,
    "acc": 0.4719710648059845,
    "macro_f1": 0.34660887718200684,
    "total_f1": 0.5976331233978271,
    "inf_f1": 0.16236162185668945,
    "perc_f1": 0.3085106313228607,
    "backg_f1": 0.25613078474998474
}