{
    "loss": 1.2265625,
    "acc": 0.6437612771987915,
    "macro_f1": 0.4992097020149231,
    "total_f1": 0.711670458316803,
    "inf_f1": 0.47863247990608215,
    "perc_f1": 0.35424354672431946,
    "backg_f1": 0.35230353474617004
}