{
    "loss": 1.125,
    "acc": 0.682004988193512,
    "macro_f1": 0.5892506837844849,
    "total_f1": 0.7636905908584595,
    "inf_f1": 0.6637681126594543,
    "perc_f1": 0.44648152589797974,
    "backg_f1": 0.42455700039863586
}