{
    "loss": 1.515625,
    "acc": 0.7066630721092224,
    "macro_f1": 0.5877271890640259,
    "total_f1": 0.7640255689620972,
    "inf_f1": 0.6707730293273926,
    "perc_f1": 0.44638949632644653,
    "backg_f1": 0.3847960829734802
}