{
    "loss": 1.09375,
    "acc": 0.670956015586853,
    "macro_f1": 0.5014607310295105,
    "total_f1": 0.6845961213111877,
    "inf_f1": 0.6291000843048096,
    "perc_f1": 0.41002601385116577,
    "backg_f1": 0.14663541316986084
}