{
    "loss": 1.21875,
    "acc": 0.6288486123085022,
    "macro_f1": 0.5617929100990295,
    "total_f1": 0.7460654973983765,
    "inf_f1": 0.652910053730011,
    "perc_f1": 0.44500574469566345,
    "backg_f1": 0.37916597723960876
}