{
    "loss": 1.0390625,
    "acc": 0.6702148914337158,
    "macro_f1": 0.5692362785339355,
    "total_f1": 0.7546542286872864,
    "inf_f1": 0.6509405970573425,
    "perc_f1": 0.44307562708854675,
    "backg_f1": 0.36443275213241577
}