{
    "loss": 0.99609375,
    "acc": 0.6524287462234497,
    "macro_f1": 0.5419756174087524,
    "total_f1": 0.7600303888320923,
    "inf_f1": 0.5856842398643494,
    "perc_f1": 0.4057796597480774,
    "backg_f1": 0.3675314486026764
}