{
    "loss": 1.2890625,
    "acc": 0.6590312123298645,
    "macro_f1": 0.5717436075210571,
    "total_f1": 0.74651038646698,
    "inf_f1": 0.678150475025177,
    "perc_f1": 0.46128296852111816,
    "backg_f1": 0.3441437780857086
}