{
    "loss": 1.4453125,
    "acc": 0.6412450075149536,
    "macro_f1": 0.5618664622306824,
    "total_f1": 0.7458584308624268,
    "inf_f1": 0.6537898778915405,
    "perc_f1": 0.43991032242774963,
    "backg_f1": 0.3646131753921509
}