{
    "loss": 1.203125,
    "acc": 0.6822071075439453,
    "macro_f1": 0.601045548915863,
    "total_f1": 0.7611235976219177,
    "inf_f1": 0.6827775835990906,
    "perc_f1": 0.46352413296699524,
    "backg_f1": 0.44203612208366394
}