{
    "loss": 1.046875,
    "acc": 0.6107255816459656,
    "macro_f1": 0.5018494129180908,
    "total_f1": 0.7619585990905762,
    "inf_f1": 0.5407942533493042,
    "perc_f1": 0.331766277551651,
    "backg_f1": 0.35173025727272034
}