{
    "loss": 0.984375,
    "acc": 0.6956814527511597,
    "macro_f1": 0.595824122428894,
    "total_f1": 0.7575781941413879,
    "inf_f1": 0.6705107092857361,
    "perc_f1": 0.4811736047267914,
    "backg_f1": 0.40323638916015625
}