{
    "loss": 1.0390625,
    "acc": 0.6980394721031189,
    "macro_f1": 0.5038689970970154,
    "total_f1": 0.6812087297439575,
    "inf_f1": 0.6335315108299255,
    "perc_f1": 0.30715668201446533,
    "backg_f1": 0.2365792691707611
}