{
    "loss": 1.0078125,
    "acc": 0.6389544010162354,
    "macro_f1": 0.5526381134986877,
    "total_f1": 0.7656496167182922,
    "inf_f1": 0.617793619632721,
    "perc_f1": 0.39338061213493347,
    "backg_f1": 0.4074678122997284
}