{
    "loss": 0.9921875,
    "acc": 0.6175301671028137,
    "macro_f1": 0.5423543453216553,
    "total_f1": 0.7594727277755737,
    "inf_f1": 0.6197448968887329,
    "perc_f1": 0.387897253036499,
    "backg_f1": 0.39109697937965393
}