{
    "loss": 1.0390625,
    "acc": 0.5994071364402771,
    "macro_f1": 0.4995470643043518,
    "total_f1": 0.7522291541099548,
    "inf_f1": 0.5831987261772156,
    "perc_f1": 0.3158608078956604,
    "backg_f1": 0.3276464641094208
}