{
    "loss": 1.015625,
    "acc": 0.640369176864624,
    "macro_f1": 0.5553053617477417,
    "total_f1": 0.7654604315757751,
    "inf_f1": 0.6216280460357666,
    "perc_f1": 0.4003746211528778,
    "backg_f1": 0.4072793424129486
}