{
    "loss": 1.453125,
    "acc": 0.23189382255077362,
    "macro_f1": 0.21423311531543732,
    "total_f1": 0.5552915334701538,
    "inf_f1": 0.16412697732448578,
    "perc_f1": 0.17435704171657562,
    "backg_f1": 0.21269401907920837
}