{
    "loss": 1.3828125,
    "acc": 0.29805296659469604,
    "macro_f1": 0.2616834044456482,
    "total_f1": 0.5747166275978088,
    "inf_f1": 0.17822277545928955,
    "perc_f1": 0.21161657571792603,
    "backg_f1": 0.2574467957019806
}