{
    "loss": 1.015625,
    "acc": 0.5895034670829773,
    "macro_f1": 0.5097770690917969,
    "total_f1": 0.7497634291648865,
    "inf_f1": 0.5972602963447571,
    "perc_f1": 0.33583852648735046,
    "backg_f1": 0.3545994162559509
}