{
    "loss": 0.99609375,
    "acc": 0.6225156784057617,
    "macro_f1": 0.5484054088592529,
    "total_f1": 0.7594778537750244,
    "inf_f1": 0.6227984428405762,
    "perc_f1": 0.39718130230903625,
    "backg_f1": 0.40028414130210876
}