{
    "loss": 1.0078125,
    "acc": 0.6085023283958435,
    "macro_f1": 0.5334885120391846,
    "total_f1": 0.7542716264724731,
    "inf_f1": 0.605771541595459,
    "perc_f1": 0.36934274435043335,
    "backg_f1": 0.3957880735397339
}