{
    "loss": 1.015625,
    "acc": 0.6323519349098206,
    "macro_f1": 0.5510401725769043,
    "total_f1": 0.763036847114563,
    "inf_f1": 0.621052622795105,
    "perc_f1": 0.40062597393989563,
    "backg_f1": 0.3978102207183838
}