{
    "loss": 0.9921875,
    "acc": 0.620427131652832,
    "macro_f1": 0.549896240234375,
    "total_f1": 0.7566524147987366,
    "inf_f1": 0.6236399412155151,
    "perc_f1": 0.39231279492378235,
    "backg_f1": 0.4161752462387085
}