{
    "loss": 1.0234375,
    "acc": 0.6341035962104797,
    "macro_f1": 0.5535077452659607,
    "total_f1": 0.7629435658454895,
    "inf_f1": 0.6223506927490234,
    "perc_f1": 0.40344905853271484,
    "backg_f1": 0.40323740243911743
}