{
    "loss": 1.03125,
    "acc": 0.6281075477600098,
    "macro_f1": 0.5476416349411011,
    "total_f1": 0.7608069181442261,
    "inf_f1": 0.6167608499526978,
    "perc_f1": 0.39024388790130615,
    "backg_f1": 0.4036925137042999
}