{
    "loss": 1.1015625,
    "acc": 0.5290035605430603,
    "macro_f1": 0.46746888756752014,
    "total_f1": 0.7081214785575867,
    "inf_f1": 0.5518054962158203,
    "perc_f1": 0.31586089730262756,
    "backg_f1": 0.31439539790153503
}