{
    "loss": 1.328125,
    "acc": 0.33665701746940613,
    "macro_f1": 0.30922698974609375,
    "total_f1": 0.6050739288330078,
    "inf_f1": 0.2897412180900574,
    "perc_f1": 0.2597895860671997,
    "backg_f1": 0.24537111818790436
}