{
    "loss": 1.2734375,
    "acc": 0.46217072010040283,
    "macro_f1": 0.3884721100330353,
    "total_f1": 0.6347019672393799,
    "inf_f1": 0.33636364340782166,
    "perc_f1": 0.28274694085121155,
    "backg_f1": 0.31294867396354675
}