{
    "loss": 0.9921875,
    "acc": 0.6159806251525879,
    "macro_f1": 0.5349540710449219,
    "total_f1": 0.7591677904129028,
    "inf_f1": 0.611726701259613,
    "perc_f1": 0.3881147503852844,
    "backg_f1": 0.3659623861312866
}