{
    "loss": 0.44140625,
    "acc": 0.7884267568588257,
    "total_f1": 0.7227488160133362
}