{
    "loss": 0.59765625,
    "acc": 0.7377938628196716,
    "total_f1": 0.6446078419685364
}