{
    "loss": 0.470703125,
    "acc": 0.7685352563858032,
    "total_f1": 0.7161862254142761
}