{
    "loss": 0.56640625,
    "acc": 0.7097648978233337,
    "total_f1": 0.6721144318580627
}