{
    "loss": 1.2734375,
    "acc": 0.3633362650871277,
    "macro_f1": 0.33573591709136963,
    "total_f1": 0.6240857243537903,
    "inf_f1": 0.38677307963371277,
    "perc_f1": 0.2788882255554199,
    "backg_f1": 0.20694229006767273
}