{
    "loss": 1.171875,
    "acc": 0.6216398477554321,
    "macro_f1": 0.5002484321594238,
    "total_f1": 0.7055327892303467,
    "inf_f1": 0.5111740827560425,
    "perc_f1": 0.3467126190662384,
    "backg_f1": 0.3558964431285858
}