{
    "loss": 0.99609375,
    "acc": 0.6144984364509583,
    "macro_f1": 0.5448281764984131,
    "total_f1": 0.755066990852356,
    "inf_f1": 0.6356324553489685,
    "perc_f1": 0.39863234758377075,
    "backg_f1": 0.3806569278240204
}