{
    "loss": 1.0234375,
    "acc": 0.6473084688186646,
    "macro_f1": 0.574689507484436,
    "total_f1": 0.7601550221443176,
    "inf_f1": 0.6577427983283997,
    "perc_f1": 0.4431590735912323,
    "backg_f1": 0.41001954674720764
}