{
    "loss": 1.3515625,
    "acc": 0.33045879006385803,
    "macro_f1": 0.2924484312534332,
    "total_f1": 0.5918154120445251,
    "inf_f1": 0.2373773604631424,
    "perc_f1": 0.2191203534603119,
    "backg_f1": 0.2796463966369629
}