{
    "loss": 1.03125,
    "acc": 0.64373779296875,
    "macro_f1": 0.5747754573822021,
    "total_f1": 0.7576860189437866,
    "inf_f1": 0.6628879904747009,
    "perc_f1": 0.44402116537094116,
    "backg_f1": 0.4090177118778229
}