{
    "loss": 1.4453125,
    "acc": 0.2680724859237671,
    "macro_f1": 0.23251989483833313,
    "total_f1": 0.542090117931366,
    "inf_f1": 0.17087885737419128,
    "perc_f1": 0.19168302416801453,
    "backg_f1": 0.18309059739112854
}