{
    "loss": 0.99609375,
    "acc": 0.653102457523346,
    "macro_f1": 0.5770708322525024,
    "total_f1": 0.7664670944213867,
    "inf_f1": 0.6529456973075867,
    "perc_f1": 0.4519362151622772,
    "backg_f1": 0.407951295375824
}