{
    "loss": 0.99609375,
    "acc": 0.6396281123161316,
    "macro_f1": 0.5565853714942932,
    "total_f1": 0.7667781710624695,
    "inf_f1": 0.631726086139679,
    "perc_f1": 0.40769582986831665,
    "backg_f1": 0.39651334285736084
}