{
    "loss": 0.984375,
    "acc": 0.6194839477539062,
    "macro_f1": 0.5519310235977173,
    "total_f1": 0.7543739080429077,
    "inf_f1": 0.6445872187614441,
    "perc_f1": 0.409358948469162,
    "backg_f1": 0.3888782262802124
}