{
    "loss": 1.0078125,
    "acc": 0.634373128414154,
    "macro_f1": 0.5666170120239258,
    "total_f1": 0.7602233290672302,
    "inf_f1": 0.647401750087738,
    "perc_f1": 0.43543410301208496,
    "backg_f1": 0.4073884189128876
}