{
    "loss": 1.0234375,
    "acc": 0.5630263686180115,
    "macro_f1": 0.5279552936553955,
    "total_f1": 0.7222973704338074,
    "inf_f1": 0.6363351345062256,
    "perc_f1": 0.4151838719844818,
    "backg_f1": 0.36500000953674316
}