{
    "loss": 1.3984375,
    "acc": 0.6867883801460266,
    "macro_f1": 0.5895404815673828,
    "total_f1": 0.751091718673706,
    "inf_f1": 0.6917634010314941,
    "perc_f1": 0.46653735637664795,
    "backg_f1": 0.3775748610496521
}