{
    "loss": 1.15625,
    "acc": 0.6452199816703796,
    "macro_f1": 0.4603022336959839,
    "total_f1": 0.688297688961029,
    "inf_f1": 0.5455740690231323,
    "perc_f1": 0.2812599539756775,
    "backg_f1": 0.20122842490673065
}