{
    "loss": 1.21875,
    "acc": 0.6451525688171387,
    "macro_f1": 0.5822958946228027,
    "total_f1": 0.7556065320968628,
    "inf_f1": 0.6841804385185242,
    "perc_f1": 0.45281994342803955,
    "backg_f1": 0.4090438783168793
}