{
    "loss": 1.0859375,
    "acc": 0.6783668994903564,
    "macro_f1": 0.5976802110671997,
    "total_f1": 0.7637999653816223,
    "inf_f1": 0.6778169274330139,
    "perc_f1": 0.4734782576560974,
    "backg_f1": 0.4263899624347687
}