{
    "loss": 0.9921875,
    "acc": 0.6669136881828308,
    "macro_f1": 0.561683714389801,
    "total_f1": 0.7586849927902222,
    "inf_f1": 0.6371936798095703,
    "perc_f1": 0.40950965881347656,
    "backg_f1": 0.38464418053627014
}