{
    "loss": 1.3984375,
    "acc": 0.6847493052482605,
    "macro_f1": 0.5830814242362976,
    "total_f1": 0.7676694393157959,
    "inf_f1": 0.6742644906044006,
    "perc_f1": 0.4626006782054901,
    "backg_f1": 0.3656406104564667
}