{
    "loss": 1.4296875,
    "acc": 0.6896530389785767,
    "macro_f1": 0.6029596924781799,
    "total_f1": 0.7745049595832825,
    "inf_f1": 0.6921266317367554,
    "perc_f1": 0.49094757437705994,
    "backg_f1": 0.40013304352760315
}