{
    "loss": 1.7578125,
    "acc": 0.6822361350059509,
    "macro_f1": 0.5912866592407227,
    "total_f1": 0.7581623792648315,
    "inf_f1": 0.6741443872451782,
    "perc_f1": 0.47534921765327454,
    "backg_f1": 0.39388978481292725
}