{
    "loss": 1.109375,
    "acc": 0.6369988918304443,
    "macro_f1": 0.5109601616859436,
    "total_f1": 0.7438488602638245,
    "inf_f1": 0.5664830803871155,
    "perc_f1": 0.29194632172584534,
    "backg_f1": 0.38643959164619446
}