{
    "loss": 1.09375,
    "acc": 0.5526541471481323,
    "macro_f1": 0.4269387125968933,
    "total_f1": 0.7230052947998047,
    "inf_f1": 0.5111568570137024,
    "perc_f1": 0.3453555107116699,
    "backg_f1": 0.11426825821399689
}