{
    "loss": 1.125,
    "acc": 0.6161578893661499,
    "macro_f1": 0.49361205101013184,
    "total_f1": 0.7477633953094482,
    "inf_f1": 0.5927630066871643,
    "perc_f1": 0.43040719628334045,
    "backg_f1": 0.16532905399799347
}