{
    "loss": 1.2109375,
    "acc": 0.561113178730011,
    "macro_f1": 0.5331550240516663,
    "total_f1": 0.7223880887031555,
    "inf_f1": 0.6415545344352722,
    "perc_f1": 0.44263744354248047,
    "backg_f1": 0.35358157753944397
}