{
    "loss": 1.0859375,
    "acc": 0.5542478561401367,
    "macro_f1": 0.5023810267448425,
    "total_f1": 0.7335579991340637,
    "inf_f1": 0.485531747341156,
    "perc_f1": 0.4216265380382538,
    "backg_f1": 0.3998490273952484
}