{
    "loss": 1.96875,
    "acc": 0.7044869661331177,
    "macro_f1": 0.6028685569763184,
    "total_f1": 0.7608827948570251,
    "inf_f1": 0.6792129874229431,
    "perc_f1": 0.5234513282775879,
    "backg_f1": 0.37003716826438904
}