{
    "loss": 1.0703125,
    "acc": 0.6741859316825867,
    "macro_f1": 0.4983094036579132,
    "total_f1": 0.712702214717865,
    "inf_f1": 0.5981936454772949,
    "perc_f1": 0.3343348801136017,
    "backg_f1": 0.2289060354232788
}