{
    "loss": 0.9921875,
    "acc": 0.5926262736320496,
    "macro_f1": 0.5252884030342102,
    "total_f1": 0.7501953840255737,
    "inf_f1": 0.6049763560295105,
    "perc_f1": 0.3773830235004425,
    "backg_f1": 0.37293821573257446
}