{
    "loss": 1.0703125,
    "acc": 0.5641258955001831,
    "macro_f1": 0.520050585269928,
    "total_f1": 0.735076367855072,
    "inf_f1": 0.6321513056755066,
    "perc_f1": 0.37808695435523987,
    "backg_f1": 0.3617953062057495
}