{
    "loss": 1.0078125,
    "acc": 0.612879753112793,
    "macro_f1": 0.5368301868438721,
    "total_f1": 0.7574183940887451,
    "inf_f1": 0.58203125,
    "perc_f1": 0.3855472803115845,
    "backg_f1": 0.41323035955429077
}