{
    "loss": 0.470703125,
    "acc": 0.7729819416999817,
    "total_f1": 0.7468429803848267
}