{
    "loss": 0.8515625,
    "acc": 0.7859662771224976,
    "total_f1": 0.7041711211204529
}