{
    "loss": 0.55078125,
    "acc": 0.786825954914093,
    "total_f1": 0.7110539674758911
}