{
    "loss": 0.486328125,
    "acc": 0.7628138661384583,
    "total_f1": 0.7294308543205261
}