{
    "loss": 0.5234375,
    "acc": 0.719710648059845,
    "total_f1": 0.6784232258796692
}