{
    "loss": 0.57421875,
    "acc": 0.7405063509941101,
    "total_f1": 0.6883822083473206
}