{
    "loss": 0.6640625,
    "acc": 0.4421338140964508,
    "total_f1": 0.5878423452377319
}