{
    "loss": 0.50390625,
    "acc": 0.7631102800369263,
    "total_f1": 0.7108168005943298
}