{
    "loss": 0.9765625,
    "acc": 0.6774237155914307,
    "macro_f1": 0.5899339318275452,
    "total_f1": 0.7735133767127991,
    "inf_f1": 0.6576576828956604,
    "perc_f1": 0.4372759759426117,
    "backg_f1": 0.445749968290329
}