{
    "loss": 1.1640625,
    "acc": 0.6607154607772827,
    "macro_f1": 0.5782926082611084,
    "total_f1": 0.746360182762146,
    "inf_f1": 0.6555415391921997,
    "perc_f1": 0.4599912464618683,
    "backg_f1": 0.3966037631034851
}