{
    "loss": 1.21875,
    "acc": 0.5468571186065674,
    "macro_f1": 0.41925695538520813,
    "total_f1": 0.6682093143463135,
    "inf_f1": 0.48568540811538696,
    "perc_f1": 0.34714266657829285,
    "backg_f1": 0.11708319187164307
}