{
    "loss": 0.9921875,
    "acc": 0.6380785703659058,
    "macro_f1": 0.5461177825927734,
    "total_f1": 0.7537031769752502,
    "inf_f1": 0.5900677442550659,
    "perc_f1": 0.38502389192581177,
    "backg_f1": 0.4225251078605652
}