{
    "loss": 1.25,
    "acc": 0.6391565203666687,
    "macro_f1": 0.5824646949768066,
    "total_f1": 0.7461308836936951,
    "inf_f1": 0.6686911582946777,
    "perc_f1": 0.47358834743499756,
    "backg_f1": 0.41680988669395447
}