{
    "loss": 1.1328125,
    "acc": 0.5245285034179688,
    "macro_f1": 0.45180922746658325,
    "total_f1": 0.7194851040840149,
    "inf_f1": 0.4925583600997925,
    "perc_f1": 0.27226343750953674,
    "backg_f1": 0.3617021143436432
}