{
    "loss": 1.6328125,
    "acc": 0.5427809357643127,
    "macro_f1": 0.45557886362075806,
    "total_f1": 0.6914455890655518,
    "inf_f1": 0.4303210973739624,
    "perc_f1": 0.3675054907798767,
    "backg_f1": 0.30798423290252686
}