{
    "loss": 1.4140625,
    "acc": 0.600206196308136,
    "macro_f1": 0.49081724882125854,
    "total_f1": 0.7402606010437012,
    "inf_f1": 0.5751306414604187,
    "perc_f1": 0.32726454734802246,
    "backg_f1": 0.28071367740631104
}