{
    "loss": 1.09375,
    "acc": 0.5346552729606628,
    "macro_f1": 0.4927205443382263,
    "total_f1": 0.7118917107582092,
    "inf_f1": 0.5527529120445251,
    "perc_f1": 0.3825801908969879,
    "backg_f1": 0.3559051752090454
}