{
    "loss": 1.2421875,
    "acc": 0.6294949054718018,
    "macro_f1": 0.5144820809364319,
    "total_f1": 0.7315109372138977,
    "inf_f1": 0.5537648797035217,
    "perc_f1": 0.3612157702445984,
    "backg_f1": 0.3448599576950073
}