{
    "loss": 1.109375,
    "acc": 0.5541204214096069,
    "macro_f1": 0.45426756143569946,
    "total_f1": 0.7202667593955994,
    "inf_f1": 0.5180268883705139,
    "perc_f1": 0.24274274706840515,
    "backg_f1": 0.32613620162010193
}