{
    "loss": 1.15625,
    "acc": 0.6071797013282776,
    "macro_f1": 0.412598192691803,
    "total_f1": 0.7041026949882507,
    "inf_f1": 0.4833630919456482,
    "perc_f1": 0.08607389032840729,
    "backg_f1": 0.28733766078948975
}