{
    "loss": 1.4375,
    "acc": 0.28767770528793335,
    "macro_f1": 0.24197004735469818,
    "total_f1": 0.5416215062141418,
    "inf_f1": 0.18317250907421112,
    "perc_f1": 0.20243455469608307,
    "backg_f1": 0.1638995260000229
}