{
    "loss": 0.96875,
    "acc": 0.6382806897163391,
    "macro_f1": 0.5723799467086792,
    "total_f1": 0.7577622532844543,
    "inf_f1": 0.6521396636962891,
    "perc_f1": 0.4233188331127167,
    "backg_f1": 0.43920087814331055
}