{
    "loss": 1.328125,
    "acc": 0.34278783202171326,
    "macro_f1": 0.30158039927482605,
    "total_f1": 0.6060045957565308,
    "inf_f1": 0.2759462893009186,
    "perc_f1": 0.19590269029140472,
    "backg_f1": 0.28630828857421875
}