{
    "loss": 1.03125,
    "acc": 0.684295654296875,
    "macro_f1": 0.5831001996994019,
    "total_f1": 0.7659811973571777,
    "inf_f1": 0.6409385800361633,
    "perc_f1": 0.423298716545105,
    "backg_f1": 0.43945881724357605
}