{
    "loss": 1.1796875,
    "acc": 0.4577241837978363,
    "macro_f1": 0.4067588746547699,
    "total_f1": 0.6578619480133057,
    "inf_f1": 0.5036895871162415,
    "perc_f1": 0.3126316964626312,
    "backg_f1": 0.21353065967559814
}