{
    "loss": 1.015625,
    "acc": 0.6228525042533875,
    "macro_f1": 0.5564046502113342,
    "total_f1": 0.741495668888092,
    "inf_f1": 0.6481921076774597,
    "perc_f1": 0.4121863842010498,
    "backg_f1": 0.4031751751899719
}