{
    "loss": 0.98046875,
    "acc": 0.6708212494850159,
    "macro_f1": 0.5808751583099365,
    "total_f1": 0.7649825811386108,
    "inf_f1": 0.6341463327407837,
    "perc_f1": 0.4521130323410034,
    "backg_f1": 0.424953430891037
}