{
    "loss": 1.1953125,
    "acc": 0.5216600298881531,
    "macro_f1": 0.41628333926200867,
    "total_f1": 0.6713217496871948,
    "inf_f1": 0.4314400553703308,
    "perc_f1": 0.2778998911380768,
    "backg_f1": 0.2562834918498993
}