{
    "loss": 1.0390625,
    "acc": 0.6606481075286865,
    "macro_f1": 0.5814865827560425,
    "total_f1": 0.7656833529472351,
    "inf_f1": 0.6494766473770142,
    "perc_f1": 0.4537196159362793,
    "backg_f1": 0.4225004315376282
}