{
    "loss": 1.375,
    "acc": 0.2900356948375702,
    "macro_f1": 0.2653226852416992,
    "total_f1": 0.5870898962020874,
    "inf_f1": 0.2439413219690323,
    "perc_f1": 0.22984395921230316,
    "backg_f1": 0.20318053662776947
}