{
    "loss": 1.078125,
    "acc": 0.44296973943710327,
    "macro_f1": 0.4342637062072754,
    "total_f1": 0.6803208589553833,
    "inf_f1": 0.6035342216491699,
    "perc_f1": 0.31911492347717285,
    "backg_f1": 0.2784407436847687
}