{
    "loss": 0.984375,
    "acc": 0.6458936929702759,
    "macro_f1": 0.5829259157180786,
    "total_f1": 0.766845166683197,
    "inf_f1": 0.6582955121994019,
    "perc_f1": 0.44283413887023926,
    "backg_f1": 0.4496527910232544
}