{
    "loss": 1.0390625,
    "acc": 0.635383665561676,
    "macro_f1": 0.5643079876899719,
    "total_f1": 0.7501068711280823,
    "inf_f1": 0.6528772115707397,
    "perc_f1": 0.4352918863296509,
    "backg_f1": 0.3932448625564575
}