{
    "loss": 1.0390625,
    "acc": 0.6194066405296326,
    "macro_f1": 0.48230302333831787,
    "total_f1": 0.7492182850837708,
    "inf_f1": 0.6080322861671448,
    "perc_f1": 0.36125409603118896,
    "backg_f1": 0.15782004594802856
}