{
    "loss": 1.2265625,
    "acc": 0.6567978262901306,
    "macro_f1": 0.5206936001777649,
    "total_f1": 0.7234837412834167,
    "inf_f1": 0.6744468808174133,
    "perc_f1": 0.21855828166007996,
    "backg_f1": 0.3821808993816376
}