{
    "loss": 1.0234375,
    "acc": 0.49957090616226196,
    "macro_f1": 0.4840971529483795,
    "total_f1": 0.6958776712417603,
    "inf_f1": 0.6183791756629944,
    "perc_f1": 0.3980582654476166,
    "backg_f1": 0.3186337947845459
}