{
    "loss": 0.96484375,
    "acc": 0.6704058051109314,
    "macro_f1": 0.5824297666549683,
    "total_f1": 0.7653348445892334,
    "inf_f1": 0.6463228464126587,
    "perc_f1": 0.4728841483592987,
    "backg_f1": 0.3916982412338257
}