{
    "loss": 0.9375,
    "acc": 0.6619974374771118,
    "macro_f1": 0.582395613193512,
    "total_f1": 0.7871043086051941,
    "inf_f1": 0.6459200978279114,
    "perc_f1": 0.4478953778743744,
    "backg_f1": 0.4226051867008209
}