{
    "loss": 1.0390625,
    "acc": 0.5932326912879944,
    "macro_f1": 0.518392026424408,
    "total_f1": 0.7400175333023071,
    "inf_f1": 0.6315507888793945,
    "perc_f1": 0.3965631127357483,
    "backg_f1": 0.2897496223449707
}