{
    "loss": 1.1015625,
    "acc": 0.5910496711730957,
    "macro_f1": 0.5400531888008118,
    "total_f1": 0.739224910736084,
    "inf_f1": 0.6374932527542114,
    "perc_f1": 0.4000000059604645,
    "backg_f1": 0.385877400636673
}