{
    "loss": 0.94921875,
    "acc": 0.6464738249778748,
    "macro_f1": 0.5717117786407471,
    "total_f1": 0.7624558210372925,
    "inf_f1": 0.6427911520004272,
    "perc_f1": 0.4267461597919464,
    "backg_f1": 0.4293369948863983
}