{
    "loss": 1.4296875,
    "acc": 0.5857740640640259,
    "macro_f1": 0.5422344207763672,
    "total_f1": 0.7251673340797424,
    "inf_f1": 0.632758617401123,
    "perc_f1": 0.417691707611084,
    "backg_f1": 0.3963361978530884
}