{
    "loss": 1.4140625,
    "acc": 0.6590045094490051,
    "macro_f1": 0.5734460949897766,
    "total_f1": 0.7550950050354004,
    "inf_f1": 0.6284722089767456,
    "perc_f1": 0.43903547525405884,
    "backg_f1": 0.42156121134757996
}