{
    "loss": 1.7734375,
    "acc": 0.6035307049751282,
    "macro_f1": 0.5468061566352844,
    "total_f1": 0.7247002124786377,
    "inf_f1": 0.6416347622871399,
    "perc_f1": 0.4378882050514221,
    "backg_f1": 0.3649495840072632
}