{
    "loss": 1.3046875,
    "acc": 0.6235748529434204,
    "macro_f1": 0.5511486530303955,
    "total_f1": 0.7413861155509949,
    "inf_f1": 0.6367643475532532,
    "perc_f1": 0.4248095750808716,
    "backg_f1": 0.3704138398170471
}