{
    "loss": 1.2421875,
    "acc": 0.658820629119873,
    "macro_f1": 0.5648752450942993,
    "total_f1": 0.7644824981689453,
    "inf_f1": 0.6092544794082642,
    "perc_f1": 0.4522612988948822,
    "backg_f1": 0.38597074151039124
}