{
    "loss": 1.0625,
    "acc": 0.5544930696487427,
    "macro_f1": 0.5098495483398438,
    "total_f1": 0.7356564402580261,
    "inf_f1": 0.5935227870941162,
    "perc_f1": 0.39788123965263367,
    "backg_f1": 0.33717384934425354
}