{
    "loss": 1.65625,
    "acc": 0.6693024635314941,
    "macro_f1": 0.574803352355957,
    "total_f1": 0.7436697483062744,
    "inf_f1": 0.6574413776397705,
    "perc_f1": 0.4598603844642639,
    "backg_f1": 0.36938849091529846
}