{
    "loss": 1.9453125,
    "acc": 0.6767193675041199,
    "macro_f1": 0.5555717945098877,
    "total_f1": 0.7338096499443054,
    "inf_f1": 0.6390652656555176,
    "perc_f1": 0.4054192304611206,
    "backg_f1": 0.35448917746543884
}