{
    "loss": 1.109375,
    "acc": 0.6445384621620178,
    "macro_f1": 0.4854186773300171,
    "total_f1": 0.7127041816711426,
    "inf_f1": 0.5602434277534485,
    "perc_f1": 0.3106846511363983,
    "backg_f1": 0.2590171992778778
}