{
    "loss": 1.1796875,
    "acc": 0.6993992924690247,
    "macro_f1": 0.5649239420890808,
    "total_f1": 0.7185460329055786,
    "inf_f1": 0.6512938737869263,
    "perc_f1": 0.3945535123348236,
    "backg_f1": 0.37985724210739136
}