{
    "loss": 1.078125,
    "acc": 0.6141964197158813,
    "macro_f1": 0.5059682726860046,
    "total_f1": 0.7661964893341064,
    "inf_f1": 0.589627742767334,
    "perc_f1": 0.24768023192882538,
    "backg_f1": 0.4025310277938843
}