{
    "loss": 1.3671875,
    "acc": 0.5772239565849304,
    "macro_f1": 0.543122410774231,
    "total_f1": 0.7343255877494812,
    "inf_f1": 0.654283344745636,
    "perc_f1": 0.42841994762420654,
    "backg_f1": 0.37465691566467285
}