{
    "loss": 1.1015625,
    "acc": 0.5782548189163208,
    "macro_f1": 0.4913901090621948,
    "total_f1": 0.7293047904968262,
    "inf_f1": 0.5931477546691895,
    "perc_f1": 0.3797958791255951,
    "backg_f1": 0.2426605522632599
}