{
    "loss": 1.03125,
    "acc": 0.5683706402778625,
    "macro_f1": 0.509568452835083,
    "total_f1": 0.7321219444274902,
    "inf_f1": 0.616094708442688,
    "perc_f1": 0.34347304701805115,
    "backg_f1": 0.3657301962375641
}