{
    "loss": 1.125,
    "acc": 0.5375053286552429,
    "macro_f1": 0.5180425643920898,
    "total_f1": 0.7096666097640991,
    "inf_f1": 0.6607739925384521,
    "perc_f1": 0.40983277559280396,
    "backg_f1": 0.34513577818870544
}