{
    "loss": 1.046875,
    "acc": 0.6219149827957153,
    "macro_f1": 0.5452752709388733,
    "total_f1": 0.7612257599830627,
    "inf_f1": 0.6100519895553589,
    "perc_f1": 0.40101030468940735,
    "backg_f1": 0.39473262429237366
}