{
    "loss": 1.375,
    "acc": 0.6259778141975403,
    "macro_f1": 0.5609910488128662,
    "total_f1": 0.7475790977478027,
    "inf_f1": 0.6595159769058228,
    "perc_f1": 0.4358268678188324,
    "backg_f1": 0.3721522092819214
}