{
    "loss": 1.1875,
    "acc": 0.5466617941856384,
    "macro_f1": 0.522452712059021,
    "total_f1": 0.7088607549667358,
    "inf_f1": 0.6604985594749451,
    "perc_f1": 0.4139660596847534,
    "backg_f1": 0.34279578924179077
}