{
    "loss": 1.09375,
    "acc": 0.632102370262146,
    "macro_f1": 0.5172571539878845,
    "total_f1": 0.7393490672111511,
    "inf_f1": 0.607513964176178,
    "perc_f1": 0.4050024151802063,
    "backg_f1": 0.2564694881439209
}