{
    "loss": 1.046875,
    "acc": 0.6418046355247498,
    "macro_f1": 0.5651189088821411,
    "total_f1": 0.7633001208305359,
    "inf_f1": 0.6576980352401733,
    "perc_f1": 0.44200000166893005,
    "backg_f1": 0.36701875925064087
}