{
    "loss": 1.0546875,
    "acc": 0.5908070802688599,
    "macro_f1": 0.5149620175361633,
    "total_f1": 0.7427383065223694,
    "inf_f1": 0.5991492867469788,
    "perc_f1": 0.3480278551578522,
    "backg_f1": 0.36566272377967834
}