{
    "loss": 1.03125,
    "acc": 0.680210292339325,
    "macro_f1": 0.5915842652320862,
    "total_f1": 0.7391253113746643,
    "inf_f1": 0.7213326692581177,
    "perc_f1": 0.44959557056427,
    "backg_f1": 0.3783487379550934
}