{
    "loss": 1.21875,
    "acc": 0.6910170912742615,
    "macro_f1": 0.6008315086364746,
    "total_f1": 0.7545046806335449,
    "inf_f1": 0.7209413051605225,
    "perc_f1": 0.45636066794395447,
    "backg_f1": 0.39835214614868164
}