{
    "loss": 1.265625,
    "acc": 0.6957876086235046,
    "macro_f1": 0.6053744554519653,
    "total_f1": 0.7567867636680603,
    "inf_f1": 0.7222132086753845,
    "perc_f1": 0.4730480909347534,
    "backg_f1": 0.3948585093021393
}