{
    "loss": 1.234375,
    "acc": 0.6932563185691833,
    "macro_f1": 0.6059451103210449,
    "total_f1": 0.7572967410087585,
    "inf_f1": 0.722123920917511,
    "perc_f1": 0.479848712682724,
    "backg_f1": 0.39340031147003174
}