{
    "loss": 0.9453125,
    "acc": 0.6888102889060974,
    "macro_f1": 0.5908227562904358,
    "total_f1": 0.7476114630699158,
    "inf_f1": 0.7063996195793152,
    "perc_f1": 0.48083484172821045,
    "backg_f1": 0.34971708059310913
}