{
    "loss": 1.015625,
    "acc": 0.6049847602844238,
    "macro_f1": 0.5294532775878906,
    "total_f1": 0.7046587467193604,
    "inf_f1": 0.6366934776306152,
    "perc_f1": 0.3815878629684448,
    "backg_f1": 0.34356793761253357
}