{
    "loss": 0.953125,
    "acc": 0.5970337986946106,
    "macro_f1": 0.5420452356338501,
    "total_f1": 0.7203570604324341,
    "inf_f1": 0.6701412796974182,
    "perc_f1": 0.40522876381874084,
    "backg_f1": 0.3584733307361603
}