{
    "loss": 1.140625,
    "acc": 0.6719348430633545,
    "macro_f1": 0.5980318784713745,
    "total_f1": 0.7482003569602966,
    "inf_f1": 0.7201645970344543,
    "perc_f1": 0.47998300194740295,
    "backg_f1": 0.38587936758995056
}