{
    "loss": 1.28125,
    "acc": 0.6943272352218628,
    "macro_f1": 0.6060154438018799,
    "total_f1": 0.7573243379592896,
    "inf_f1": 0.7231783866882324,
    "perc_f1": 0.47520211338996887,
    "backg_f1": 0.39615559577941895
}