{
    "loss": 1.1328125,
    "acc": 0.6910820007324219,
    "macro_f1": 0.6001268625259399,
    "total_f1": 0.7514240741729736,
    "inf_f1": 0.7231746315956116,
    "perc_f1": 0.46292904019355774,
    "backg_f1": 0.38728806376457214
}