{
    "loss": 2.84375,
    "acc": 0.683221161365509,
    "macro_f1": 0.5706852674484253,
    "total_f1": 0.7294405102729797,
    "inf_f1": 0.6585680842399597,
    "perc_f1": 0.48417043685913086,
    "backg_f1": 0.3179098665714264
}