{
    "loss": 1.0234375,
    "acc": 0.5543023347854614,
    "macro_f1": 0.49900752305984497,
    "total_f1": 0.7240805625915527,
    "inf_f1": 0.6167897582054138,
    "perc_f1": 0.31697285175323486,
    "backg_f1": 0.37146827578544617
}