{
    "loss": 3.609375,
    "acc": 0.687647819519043,
    "macro_f1": 0.5787175297737122,
    "total_f1": 0.7343511581420898,
    "inf_f1": 0.6613290905952454,
    "perc_f1": 0.48873981833457947,
    "backg_f1": 0.33983394503593445
}