{
    "loss": 2.09375,
    "acc": 0.698502242565155,
    "macro_f1": 0.5847276449203491,
    "total_f1": 0.7547343373298645,
    "inf_f1": 0.6419485807418823,
    "perc_f1": 0.48196470737457275,
    "backg_f1": 0.3754366636276245
}