{
    "loss": 1.5078125,
    "acc": 0.636165201663971,
    "macro_f1": 0.539215087890625,
    "total_f1": 0.7406092286109924,
    "inf_f1": 0.6406520009040833,
    "perc_f1": 0.3913513422012329,
    "backg_f1": 0.3319452702999115
}