{
    "loss": 1.1328125,
    "acc": 0.608816921710968,
    "macro_f1": 0.5541301965713501,
    "total_f1": 0.7519883513450623,
    "inf_f1": 0.6386723518371582,
    "perc_f1": 0.42778119444847107,
    "backg_f1": 0.39747798442840576
}