{
    "loss": 1.453125,
    "acc": 0.6628463864326477,
    "macro_f1": 0.566487729549408,
    "total_f1": 0.7591342329978943,
    "inf_f1": 0.6536964774131775,
    "perc_f1": 0.4688279330730438,
    "backg_f1": 0.3293718099594116
}