{
    "loss": 1.0078125,
    "acc": 0.58492511510849,
    "macro_f1": 0.5280439853668213,
    "total_f1": 0.7402126789093018,
    "inf_f1": 0.6081051230430603,
    "perc_f1": 0.3982652723789215,
    "backg_f1": 0.3765963912010193
}