{
    "loss": 2.34375,
    "acc": 0.6834636926651001,
    "macro_f1": 0.5821834802627563,
    "total_f1": 0.7411250472068787,
    "inf_f1": 0.6652795672416687,
    "perc_f1": 0.47713524103164673,
    "backg_f1": 0.3655484914779663
}