{
    "loss": 2.0,
    "acc": 0.6917712688446045,
    "macro_f1": 0.5858749747276306,
    "total_f1": 0.7419036626815796,
    "inf_f1": 0.6690064668655396,
    "perc_f1": 0.4935370087623596,
    "backg_f1": 0.35285112261772156
}