{
    "loss": 1.0859375,
    "acc": 0.5403553247451782,
    "macro_f1": 0.49791136384010315,
    "total_f1": 0.7075952887535095,
    "inf_f1": 0.6181251406669617,
    "perc_f1": 0.34026575088500977,
    "backg_f1": 0.3615676462650299
}