{
    "loss": 1.921875,
    "acc": 0.6794008612632751,
    "macro_f1": 0.5771292448043823,
    "total_f1": 0.7501456141471863,
    "inf_f1": 0.6626262664794922,
    "perc_f1": 0.4828973710536957,
    "backg_f1": 0.34131622314453125
}