{
    "loss": 1.0078125,
    "acc": 0.6512643098831177,
    "macro_f1": 0.5271835923194885,
    "total_f1": 0.7660282850265503,
    "inf_f1": 0.6363236308097839,
    "perc_f1": 0.4009285271167755,
    "backg_f1": 0.2530654966831207
}