{
    "loss": 2.9375,
    "acc": 0.6931053400039673,
    "macro_f1": 0.5874049663543701,
    "total_f1": 0.7402626872062683,
    "inf_f1": 0.6716062426567078,
    "perc_f1": 0.5061527490615845,
    "backg_f1": 0.3445427715778351
}