{
    "loss": 1.71875,
    "acc": 0.6660270690917969,
    "macro_f1": 0.5544005036354065,
    "total_f1": 0.7309251427650452,
    "inf_f1": 0.6816168427467346,
    "perc_f1": 0.38269442319869995,
    "backg_f1": 0.33578231930732727
}