{
    "loss": 1.1015625,
    "acc": 0.6376572251319885,
    "macro_f1": 0.5453586578369141,
    "total_f1": 0.73399418592453,
    "inf_f1": 0.6478405594825745,
    "perc_f1": 0.4040335416793823,
    "backg_f1": 0.3342093229293823
}