{
    "loss": 1.03125,
    "acc": 0.6253764033317566,
    "macro_f1": 0.5370957851409912,
    "total_f1": 0.7262066602706909,
    "inf_f1": 0.6548399329185486,
    "perc_f1": 0.37217164039611816,
    "backg_f1": 0.34141361713409424
}