{
    "loss": 1.25,
    "acc": 0.4471571147441864,
    "macro_f1": 0.39561036229133606,
    "total_f1": 0.6811783909797668,
    "inf_f1": 0.5080927610397339,
    "perc_f1": 0.16839134693145752,
    "backg_f1": 0.3186784088611603
}