{
    "loss": 1.1328125,
    "acc": 0.6013166308403015,
    "macro_f1": 0.46027183532714844,
    "total_f1": 0.7123032212257385,
    "inf_f1": 0.4994281232357025,
    "perc_f1": 0.39422258734703064,
    "backg_f1": 0.16234125196933746
}