{
    "loss": 2.09375,
    "acc": 0.6748833656311035,
    "macro_f1": 0.5495795011520386,
    "total_f1": 0.7162021398544312,
    "inf_f1": 0.6692548990249634,
    "perc_f1": 0.3810071349143982,
    "backg_f1": 0.32333841919898987
}