{
    "loss": 1.765625,
    "acc": 0.6717836856842041,
    "macro_f1": 0.5503286123275757,
    "total_f1": 0.7233490943908691,
    "inf_f1": 0.6554487347602844,
    "perc_f1": 0.39932137727737427,
    "backg_f1": 0.3213033974170685
}