{
    "loss": 1.2578125,
    "acc": 0.6472220420837402,
    "macro_f1": 0.5485891103744507,
    "total_f1": 0.734254002571106,
    "inf_f1": 0.6465209722518921,
    "perc_f1": 0.3851940929889679,
    "backg_f1": 0.3576558828353882
}