{
    "loss": 2.046875,
    "acc": 0.6703961491584778,
    "macro_f1": 0.5502234697341919,
    "total_f1": 0.719123363494873,
    "inf_f1": 0.664600133895874,
    "perc_f1": 0.3693586587905884,
    "backg_f1": 0.3449605703353882
}