{
    "loss": 1.5234375,
    "acc": 0.6489933133125305,
    "macro_f1": 0.5467237830162048,
    "total_f1": 0.7311199307441711,
    "inf_f1": 0.6611494421958923,
    "perc_f1": 0.3465119004249573,
    "backg_f1": 0.3733372390270233
}