{
    "loss": 1.0625,
    "acc": 0.5744951963424683,
    "macro_f1": 0.5007134675979614,
    "total_f1": 0.735417902469635,
    "inf_f1": 0.6014394164085388,
    "perc_f1": 0.3196459412574768,
    "backg_f1": 0.35084882378578186
}