{
    "loss": 1.1953125,
    "acc": 0.5079134106636047,
    "macro_f1": 0.49885717034339905,
    "total_f1": 0.6973755955696106,
    "inf_f1": 0.6498307585716248,
    "perc_f1": 0.3927682936191559,
    "backg_f1": 0.3330979347229004
}