{
    "loss": 1.4296875,
    "acc": 0.655266523361206,
    "macro_f1": 0.5742574334144592,
    "total_f1": 0.7669727206230164,
    "inf_f1": 0.6461102962493896,
    "perc_f1": 0.44778722524642944,
    "backg_f1": 0.39564642310142517
}