{
    "loss": 1.03125,
    "acc": 0.6522345542907715,
    "macro_f1": 0.5683268308639526,
    "total_f1": 0.7696195840835571,
    "inf_f1": 0.6446456909179688,
    "perc_f1": 0.4246777892112732,
    "backg_f1": 0.39700716733932495
}