{
    "loss": 2.140625,
    "acc": 0.6892244219779968,
    "macro_f1": 0.5791848301887512,
    "total_f1": 0.7414159774780273,
    "inf_f1": 0.678992509841919,
    "perc_f1": 0.4380047619342804,
    "backg_f1": 0.37150517106056213
}