{
    "loss": 1.2734375,
    "acc": 0.5766782164573669,
    "macro_f1": 0.4331069886684418,
    "total_f1": 0.69576096534729,
    "inf_f1": 0.4761584997177124,
    "perc_f1": 0.37110835313796997,
    "backg_f1": 0.12063867598772049
}