{
    "loss": 1.6875,
    "acc": 0.656721830368042,
    "macro_f1": 0.5762903690338135,
    "total_f1": 0.7546430826187134,
    "inf_f1": 0.6731120944023132,
    "perc_f1": 0.4266108274459839,
    "backg_f1": 0.40532854199409485
}