{
    "loss": 1.8828125,
    "acc": 0.6729731559753418,
    "macro_f1": 0.5740134119987488,
    "total_f1": 0.7544534802436829,
    "inf_f1": 0.6634221076965332,
    "perc_f1": 0.44407206773757935,
    "backg_f1": 0.3704257011413574
}