{
    "loss": 1.5234375,
    "acc": 0.6556909680366516,
    "macro_f1": 0.5539877414703369,
    "total_f1": 0.7368722558021545,
    "inf_f1": 0.6343852281570435,
    "perc_f1": 0.43389275670051575,
    "backg_f1": 0.3412112295627594
}