{
    "loss": 2.25,
    "acc": 0.6716997027397156,
    "macro_f1": 0.57563716173172,
    "total_f1": 0.7482137680053711,
    "inf_f1": 0.6706711649894714,
    "perc_f1": 0.4368222951889038,
    "backg_f1": 0.38066571950912476
}