{
    "loss": 2.109375,
    "acc": 0.6680006980895996,
    "macro_f1": 0.5765016674995422,
    "total_f1": 0.7467270493507385,
    "inf_f1": 0.6714324951171875,
    "perc_f1": 0.41540372371673584,
    "backg_f1": 0.40902766585350037
}