{
    "loss": 1.296875,
    "acc": 0.6472355127334595,
    "macro_f1": 0.5808876752853394,
    "total_f1": 0.748823344707489,
    "inf_f1": 0.6602581739425659,
    "perc_f1": 0.4628966748714447,
    "backg_f1": 0.4163794219493866
}