{
    "loss": 1.4921875,
    "acc": 0.6857300400733948,
    "macro_f1": 0.577226459980011,
    "total_f1": 0.7471281290054321,
    "inf_f1": 0.66650390625,
    "perc_f1": 0.4755364954471588,
    "backg_f1": 0.3432258069515228
}