{
    "loss": 1.609375,
    "acc": 0.6745126843452454,
    "macro_f1": 0.5740841627120972,
    "total_f1": 0.7518895268440247,
    "inf_f1": 0.6616306304931641,
    "perc_f1": 0.418429434299469,
    "backg_f1": 0.39721792936325073
}