{
    "loss": 1.0703125,
    "acc": 0.5365330576896667,
    "macro_f1": 0.5115175247192383,
    "total_f1": 0.7199459671974182,
    "inf_f1": 0.5847086310386658,
    "perc_f1": 0.4243006110191345,
    "backg_f1": 0.37191954255104065
}