{
    "loss": 1.1953125,
    "acc": 0.6622532606124878,
    "macro_f1": 0.4516754150390625,
    "total_f1": 0.6669586300849915,
    "inf_f1": 0.6019911766052246,
    "perc_f1": 0.35567009449005127,
    "backg_f1": 0.028278544545173645
}