{
    "loss": 1.125,
    "acc": 0.5636263489723206,
    "macro_f1": 0.4677754342556,
    "total_f1": 0.7371099591255188,
    "inf_f1": 0.5315770506858826,
    "perc_f1": 0.24409449100494385,
    "backg_f1": 0.3645488917827606
}