{
    "loss": 1.078125,
    "acc": 0.6457643508911133,
    "macro_f1": 0.5454002022743225,
    "total_f1": 0.7372411489486694,
    "inf_f1": 0.6370337009429932,
    "perc_f1": 0.41478854417800903,
    "backg_f1": 0.33339062333106995
}