{
    "loss": 0.9609375,
    "acc": 0.6355184316635132,
    "macro_f1": 0.5630595684051514,
    "total_f1": 0.7678471803665161,
    "inf_f1": 0.6414432525634766,
    "perc_f1": 0.4093705713748932,
    "backg_f1": 0.41847559809684753
}