{
    "loss": 0.99609375,
    "acc": 0.6498686075210571,
    "macro_f1": 0.5490484833717346,
    "total_f1": 0.7630745768547058,
    "inf_f1": 0.6077975630760193,
    "perc_f1": 0.38838648796081543,
    "backg_f1": 0.391530305147171
}