{
    "loss": 1.40625,
    "acc": 0.26733139157295227,
    "macro_f1": 0.24335409700870514,
    "total_f1": 0.5704796314239502,
    "inf_f1": 0.2059715837240219,
    "perc_f1": 0.21553803980350494,
    "backg_f1": 0.1919000744819641
}