{
    "loss": 1.3125,
    "acc": 0.41938960552215576,
    "macro_f1": 0.35133492946624756,
    "total_f1": 0.615492582321167,
    "inf_f1": 0.2906363010406494,
    "perc_f1": 0.24511930346488953,
    "backg_f1": 0.2995826005935669
}