{
    "loss": 0.98828125,
    "acc": 0.65034019947052,
    "macro_f1": 0.5618058443069458,
    "total_f1": 0.7717698216438293,
    "inf_f1": 0.6376878619194031,
    "perc_f1": 0.4072580635547638,
    "backg_f1": 0.4009416997432709
}