{
    "loss": 1.15625,
    "acc": 0.48783937096595764,
    "macro_f1": 0.4373379349708557,
    "total_f1": 0.6767128705978394,
    "inf_f1": 0.517258882522583,
    "perc_f1": 0.30035972595214844,
    "backg_f1": 0.29273122549057007
}