{
    "loss": 0.984375,
    "acc": 0.6357205510139465,
    "macro_f1": 0.5521094799041748,
    "total_f1": 0.7665599584579468,
    "inf_f1": 0.6368821263313293,
    "perc_f1": 0.40690091252326965,
    "backg_f1": 0.37455829977989197
}