{
    "loss": 1.1015625,
    "acc": 0.6043902635574341,
    "macro_f1": 0.5485591888427734,
    "total_f1": 0.7359087467193604,
    "inf_f1": 0.6390596032142639,
    "perc_f1": 0.4502148926258087,
    "backg_f1": 0.3576470613479614
}