{
    "loss": 1.0703125,
    "acc": 0.5878964066505432,
    "macro_f1": 0.5265699625015259,
    "total_f1": 0.7394978404045105,
    "inf_f1": 0.6232143044471741,
    "perc_f1": 0.39679017663002014,
    "backg_f1": 0.3492216467857361
}