{
    "loss": 1.03125,
    "acc": 0.5664301514625549,
    "macro_f1": 0.5037873983383179,
    "total_f1": 0.7302565574645996,
    "inf_f1": 0.6120689511299133,
    "perc_f1": 0.35253456234931946,
    "backg_f1": 0.3332884907722473
}