{
    "loss": 1.578125,
    "acc": 0.6794008612632751,
    "macro_f1": 0.5734477043151855,
    "total_f1": 0.7578147649765015,
    "inf_f1": 0.6317248940467834,
    "perc_f1": 0.4668866991996765,
    "backg_f1": 0.36708176136016846
}