{
    "loss": 1.09375,
    "acc": 0.6110605597496033,
    "macro_f1": 0.5075379014015198,
    "total_f1": 0.7382181286811829,
    "inf_f1": 0.5891350507736206,
    "perc_f1": 0.3830113410949707,
    "backg_f1": 0.27416902780532837
}