{
    "loss": 1.4921875,
    "acc": 0.6689709424972534,
    "macro_f1": 0.5663273930549622,
    "total_f1": 0.7511513829231262,
    "inf_f1": 0.6453657150268555,
    "perc_f1": 0.4219591021537781,
    "backg_f1": 0.3791647255420685
}