{
    "loss": 1.3359375,
    "acc": 0.6293129324913025,
    "macro_f1": 0.5805392861366272,
    "total_f1": 0.7461769580841064,
    "inf_f1": 0.6435369849205017,
    "perc_f1": 0.4954776167869568,
    "backg_f1": 0.4210139513015747
}