{
    "loss": 1.453125,
    "acc": 0.7074041366577148,
    "macro_f1": 0.6019330024719238,
    "total_f1": 0.7492952942848206,
    "inf_f1": 0.6939135789871216,
    "perc_f1": 0.4821872413158417,
    "backg_f1": 0.39487725496292114
}