{
    "loss": 1.0859375,
    "acc": 0.6724382042884827,
    "macro_f1": 0.50389564037323,
    "total_f1": 0.7013933062553406,
    "inf_f1": 0.6343350410461426,
    "perc_f1": 0.42704176902770996,
    "backg_f1": 0.12950646877288818
}