{
    "loss": 1.125,
    "acc": 0.6871926188468933,
    "macro_f1": 0.6097921133041382,
    "total_f1": 0.7697610259056091,
    "inf_f1": 0.6740740537643433,
    "perc_f1": 0.4996218681335449,
    "backg_f1": 0.44623011350631714
}