{
    "loss": 1.0859375,
    "acc": 0.6361247897148132,
    "macro_f1": 0.5064170360565186,
    "total_f1": 0.7563801407814026,
    "inf_f1": 0.5555764436721802,
    "perc_f1": 0.3098311722278595,
    "backg_f1": 0.35545510053634644
}