{
    "loss": 1.203125,
    "acc": 0.682611346244812,
    "macro_f1": 0.6021303534507751,
    "total_f1": 0.7617284059524536,
    "inf_f1": 0.6821267008781433,
    "perc_f1": 0.5154130458831787,
    "backg_f1": 0.3956044018268585
}