{
    "loss": 0.984375,
    "acc": 0.688674807548523,
    "macro_f1": 0.60332190990448,
    "total_f1": 0.7669827342033386,
    "inf_f1": 0.6692149639129639,
    "perc_f1": 0.4767441749572754,
    "backg_f1": 0.44556868076324463
}