{
    "loss": 0.96484375,
    "acc": 0.6385301351547241,
    "macro_f1": 0.5560988187789917,
    "total_f1": 0.7695937752723694,
    "inf_f1": 0.620121419429779,
    "perc_f1": 0.402444988489151,
    "backg_f1": 0.4106605648994446
}