{
    "loss": 1.046875,
    "acc": 0.5791643857955933,
    "macro_f1": 0.5180768966674805,
    "total_f1": 0.7311459183692932,
    "inf_f1": 0.6434587240219116,
    "perc_f1": 0.39879629015922546,
    "backg_f1": 0.2938998341560364
}