{
    "loss": 1.0390625,
    "acc": 0.5385968089103699,
    "macro_f1": 0.514423131942749,
    "total_f1": 0.7087175250053406,
    "inf_f1": 0.6588404178619385,
    "perc_f1": 0.39428332448005676,
    "backg_f1": 0.34099486470222473
}