{
    "loss": 1.0078125,
    "acc": 0.6090595126152039,
    "macro_f1": 0.5249364972114563,
    "total_f1": 0.7634599804878235,
    "inf_f1": 0.6029807925224304,
    "perc_f1": 0.3670392632484436,
    "backg_f1": 0.3605412542819977
}