{
    "loss": 1.046875,
    "acc": 0.6349120736122131,
    "macro_f1": 0.5657542943954468,
    "total_f1": 0.7515082955360413,
    "inf_f1": 0.6541313529014587,
    "perc_f1": 0.43507587909698486,
    "backg_f1": 0.3982761800289154
}