{
    "loss": 0.99609375,
    "acc": 0.6406387090682983,
    "macro_f1": 0.560092568397522,
    "total_f1": 0.7658182978630066,
    "inf_f1": 0.6365357041358948,
    "perc_f1": 0.4148675799369812,
    "backg_f1": 0.39985036849975586
}