{
    "loss": 1.015625,
    "acc": 0.628781259059906,
    "macro_f1": 0.5632746815681458,
    "total_f1": 0.7588779926300049,
    "inf_f1": 0.6459221839904785,
    "perc_f1": 0.4320451617240906,
    "backg_f1": 0.4045554995536804
}