{
    "loss": 1.03125,
    "acc": 0.6366637349128723,
    "macro_f1": 0.5674220323562622,
    "total_f1": 0.7546234130859375,
    "inf_f1": 0.6572843194007874,
    "perc_f1": 0.434359073638916,
    "backg_f1": 0.4004167318344116
}