{
    "loss": 1.2265625,
    "acc": 0.6378090977668762,
    "macro_f1": 0.49581262469291687,
    "total_f1": 0.700212836265564,
    "inf_f1": 0.4640387296676636,
    "perc_f1": 0.3545205593109131,
    "backg_f1": 0.36094561219215393
}