{
    "loss": 1.0078125,
    "acc": 0.6498012542724609,
    "macro_f1": 0.5740008354187012,
    "total_f1": 0.7617878317832947,
    "inf_f1": 0.6527563333511353,
    "perc_f1": 0.4481741786003113,
    "backg_f1": 0.4033825099468231
}