{
    "loss": 0.99609375,
    "acc": 0.6176648736000061,
    "macro_f1": 0.543140172958374,
    "total_f1": 0.7613089680671692,
    "inf_f1": 0.6229507923126221,
    "perc_f1": 0.40955492854118347,
    "backg_f1": 0.36938121914863586
}