{
    "loss": 1.4453125,
    "acc": 0.2689483165740967,
    "macro_f1": 0.2325848937034607,
    "total_f1": 0.5414189100265503,
    "inf_f1": 0.17095136642456055,
    "perc_f1": 0.1898982673883438,
    "backg_f1": 0.18274880945682526
}