{
    "loss": 1.3515625,
    "acc": 0.3301893174648285,
    "macro_f1": 0.2923092246055603,
    "total_f1": 0.5922752022743225,
    "inf_f1": 0.23787915706634521,
    "perc_f1": 0.21840296685695648,
    "backg_f1": 0.2800000011920929
}