{
    "loss": 1.2734375,
    "acc": 0.3642120957374573,
    "macro_f1": 0.3373912572860718,
    "total_f1": 0.6240497827529907,
    "inf_f1": 0.3906891942024231,
    "perc_f1": 0.27880510687828064,
    "backg_f1": 0.20985481142997742
}