{
    "loss": 0.9921875,
    "acc": 0.6168564558029175,
    "macro_f1": 0.5511719584465027,
    "total_f1": 0.7516106963157654,
    "inf_f1": 0.6424896121025085,
    "perc_f1": 0.4169478714466095,
    "backg_f1": 0.385314017534256
}