{
    "loss": 1.2265625,
    "acc": 0.6279014348983765,
    "macro_f1": 0.5659866333007812,
    "total_f1": 0.7210534811019897,
    "inf_f1": 0.68421870470047,
    "perc_f1": 0.4411608576774597,
    "backg_f1": 0.37225717306137085
}