{
    "loss": 0.984375,
    "acc": 0.6341564655303955,
    "macro_f1": 0.5480409860610962,
    "total_f1": 0.7272064685821533,
    "inf_f1": 0.6618618369102478,
    "perc_f1": 0.37182262539863586,
    "backg_f1": 0.3793366849422455
}