{
    "loss": 1.546875,
    "acc": 0.6743248701095581,
    "macro_f1": 0.5530714988708496,
    "total_f1": 0.7266750931739807,
    "inf_f1": 0.6880648136138916,
    "perc_f1": 0.34070613980293274,
    "backg_f1": 0.35665008425712585
}