{
    "loss": 1.765625,
    "acc": 0.6401150226593018,
    "macro_f1": 0.568180501461029,
    "total_f1": 0.7181550860404968,
    "inf_f1": 0.6849439740180969,
    "perc_f1": 0.4441833198070526,
    "backg_f1": 0.3635562062263489
}