{
    "loss": 1.5,
    "acc": 0.6799869537353516,
    "macro_f1": 0.5761440992355347,
    "total_f1": 0.7397723197937012,
    "inf_f1": 0.7036174535751343,
    "perc_f1": 0.4614560008049011,
    "backg_f1": 0.31561392545700073
}