{
    "loss": 1.046875,
    "acc": 0.5610529780387878,
    "macro_f1": 0.5034612417221069,
    "total_f1": 0.7225509881973267,
    "inf_f1": 0.6454171538352966,
    "perc_f1": 0.27990788221359253,
    "backg_f1": 0.36977848410606384
}