{
    "loss": 2.140625,
    "acc": 0.6876352429389954,
    "macro_f1": 0.5737141370773315,
    "total_f1": 0.726135790348053,
    "inf_f1": 0.689687192440033,
    "perc_f1": 0.45303988456726074,
    "backg_f1": 0.3228507339954376
}