{
    "loss": 1.7578125,
    "acc": 0.6620519757270813,
    "macro_f1": 0.5815226435661316,
    "total_f1": 0.7361472845077515,
    "inf_f1": 0.6974146366119385,
    "perc_f1": 0.4614795744419098,
    "backg_f1": 0.3635459840297699
}