{
    "loss": 1.03125,
    "acc": 0.6549373269081116,
    "macro_f1": 0.5449248552322388,
    "total_f1": 0.7403134703636169,
    "inf_f1": 0.6763841509819031,
    "perc_f1": 0.4283915162086487,
    "backg_f1": 0.2680795192718506
}