{
    "loss": 1.0859375,
    "acc": 0.5883815288543701,
    "macro_f1": 0.4739384651184082,
    "total_f1": 0.738957941532135,
    "inf_f1": 0.5210704207420349,
    "perc_f1": 0.3739096522331238,
    "backg_f1": 0.2218511402606964
}