{
    "loss": 1.015625,
    "acc": 0.6200351715087891,
    "macro_f1": 0.5104724168777466,
    "total_f1": 0.7430772185325623,
    "inf_f1": 0.5658764243125916,
    "perc_f1": 0.31726205348968506,
    "backg_f1": 0.3746192753314972
}