{
    "loss": 1.296875,
    "acc": 0.6420471668243408,
    "macro_f1": 0.5434280633926392,
    "total_f1": 0.7373446822166443,
    "inf_f1": 0.5939470529556274,
    "perc_f1": 0.3960244655609131,
    "backg_f1": 0.38337764143943787
}