{
    "loss": 1.0390625,
    "acc": 0.5628524422645569,
    "macro_f1": 0.528980553150177,
    "total_f1": 0.7351326942443848,
    "inf_f1": 0.5779325366020203,
    "perc_f1": 0.44627079367637634,
    "backg_f1": 0.39748677611351013
}