{
    "loss": 1.6875,
    "acc": 0.6401673555374146,
    "macro_f1": 0.5145947337150574,
    "total_f1": 0.7169249057769775,
    "inf_f1": 0.6130627393722534,
    "perc_f1": 0.401818186044693,
    "backg_f1": 0.23779192566871643
}