{
    "loss": 1.3984375,
    "acc": 0.5990540385246277,
    "macro_f1": 0.5352213978767395,
    "total_f1": 0.7409933805465698,
    "inf_f1": 0.5862761735916138,
    "perc_f1": 0.42222222685813904,
    "backg_f1": 0.3802068829536438
}