{
    "loss": 1.1171875,
    "acc": 0.45436903834342957,
    "macro_f1": 0.4200893044471741,
    "total_f1": 0.699206531047821,
    "inf_f1": 0.5216954350471497,
    "perc_f1": 0.2840110659599304,
    "backg_f1": 0.2914016544818878
}