{
    "loss": 1.4140625,
    "acc": 0.62608802318573,
    "macro_f1": 0.5374964475631714,
    "total_f1": 0.7368206977844238,
    "inf_f1": 0.63431715965271,
    "perc_f1": 0.4046858251094818,
    "backg_f1": 0.3278200328350067
}