{
    "loss": 1.078125,
    "acc": 0.504781186580658,
    "macro_f1": 0.4842527508735657,
    "total_f1": 0.708844006061554,
    "inf_f1": 0.5817438960075378,
    "perc_f1": 0.3910885453224182,
    "backg_f1": 0.32755181193351746
}