{
    "loss": 1.8359375,
    "acc": 0.6735319495201111,
    "macro_f1": 0.5686964988708496,
    "total_f1": 0.723442792892456,
    "inf_f1": 0.6913833022117615,
    "perc_f1": 0.4773869216442108,
    "backg_f1": 0.2949959635734558
}