{
    "loss": 1.4765625,
    "acc": 0.6465612649917603,
    "macro_f1": 0.5789694786071777,
    "total_f1": 0.7702043652534485,
    "inf_f1": 0.6837024688720703,
    "perc_f1": 0.4588344097137451,
    "backg_f1": 0.373020201921463
}