{
    "loss": 1.109375,
    "acc": 0.6895917654037476,
    "macro_f1": 0.5721862316131592,
    "total_f1": 0.7541996240615845,
    "inf_f1": 0.661794900894165,
    "perc_f1": 0.4130799472332001,
    "backg_f1": 0.3824746012687683
}