{
    "loss": 1.625,
    "acc": 0.6670344471931458,
    "macro_f1": 0.5742048621177673,
    "total_f1": 0.7451318502426147,
    "inf_f1": 0.6861276030540466,
    "perc_f1": 0.47348567843437195,
    "backg_f1": 0.3267737925052643
}