{
    "loss": 1.1484375,
    "acc": 0.6507907509803772,
    "macro_f1": 0.470975786447525,
    "total_f1": 0.6973620057106018,
    "inf_f1": 0.5967503786087036,
    "perc_f1": 0.3814413249492645,
    "backg_f1": 0.0902206152677536
}