{
    "loss": 1.0859375,
    "acc": 0.6018143892288208,
    "macro_f1": 0.49353450536727905,
    "total_f1": 0.7376868724822998,
    "inf_f1": 0.5661252737045288,
    "perc_f1": 0.2652461528778076,
    "backg_f1": 0.3787217140197754
}