{
    "loss": 1.328125,
    "acc": 0.6902047395706177,
    "macro_f1": 0.5606697797775269,
    "total_f1": 0.7395447492599487,
    "inf_f1": 0.6693609356880188,
    "perc_f1": 0.43263673782348633,
    "backg_f1": 0.3066037595272064
}