{
    "loss": 1.203125,
    "acc": 0.6148282289505005,
    "macro_f1": 0.5025638341903687,
    "total_f1": 0.7126193046569824,
    "inf_f1": 0.5291005373001099,
    "perc_f1": 0.36315789818763733,
    "backg_f1": 0.33155080676078796
}