{
    "loss": 1.234375,
    "acc": 0.5641952753067017,
    "macro_f1": 0.41349658370018005,
    "total_f1": 0.7225025296211243,
    "inf_f1": 0.3788819909095764,
    "perc_f1": 0.1825726181268692,
    "backg_f1": 0.3177570104598999
}