{
    "loss": 1.1015625,
    "acc": 0.6283906102180481,
    "macro_f1": 0.5210378170013428,
    "total_f1": 0.706131100654602,
    "inf_f1": 0.4736842215061188,
    "perc_f1": 0.45505619049072266,
    "backg_f1": 0.375
}