{
    "loss": 1.1875,
    "acc": 0.64647376537323,
    "macro_f1": 0.4522913098335266,
    "total_f1": 0.6836086511611938,
    "inf_f1": 0.42458099126815796,
    "perc_f1": 0.37681159377098083,
    "backg_f1": 0.18250951170921326
}