{
    "loss": 1.359375,
    "acc": 0.2875226140022278,
    "macro_f1": 0.22417399287223816,
    "total_f1": 0.5892598032951355,
    "inf_f1": 0.0,
    "perc_f1": 0.28994083404541016,
    "backg_f1": 0.2854122519493103
}