{
    "loss": 1.3828125,
    "acc": 0.29886141419410706,
    "macro_f1": 0.2671853303909302,
    "total_f1": 0.5763025283813477,
    "inf_f1": 0.21790991723537445,
    "perc_f1": 0.21877816319465637,
    "backg_f1": 0.22327403724193573
}