{
    "loss": 1.3984375,
    "acc": 0.2875429391860962,
    "macro_f1": 0.25753462314605713,
    "total_f1": 0.5707875490188599,
    "inf_f1": 0.20424027740955353,
    "perc_f1": 0.2113553136587143,
    "backg_f1": 0.22098036110401154
}