{
    "loss": 1.3984375,
    "acc": 0.28761032223701477,
    "macro_f1": 0.25604820251464844,
    "total_f1": 0.5660049915313721,
    "inf_f1": 0.19738958775997162,
    "perc_f1": 0.20882189273834229,
    "backg_f1": 0.22239822149276733
}