{
    "loss": 1.421875,
    "acc": 0.25365492701530457,
    "macro_f1": 0.23276948928833008,
    "total_f1": 0.5603854060173035,
    "inf_f1": 0.18112456798553467,
    "perc_f1": 0.19507747888565063,
    "backg_f1": 0.21804985404014587
}