{
    "loss": 1.4140625,
    "acc": 0.27319276332855225,
    "macro_f1": 0.24499604105949402,
    "total_f1": 0.5599954128265381,
    "inf_f1": 0.18794265389442444,
    "perc_f1": 0.19761499762535095,
    "backg_f1": 0.22131533920764923
}