{
    "loss": 1.3828125,
    "acc": 0.29724448919296265,
    "macro_f1": 0.26608574390411377,
    "total_f1": 0.5768032073974609,
    "inf_f1": 0.21643786132335663,
    "perc_f1": 0.21938499808311462,
    "backg_f1": 0.22207792103290558
}