{
    "loss": 1.4375,
    "acc": 0.2514316439628601,
    "macro_f1": 0.2278597056865692,
    "total_f1": 0.5565295815467834,
    "inf_f1": 0.16508375108242035,
    "perc_f1": 0.1818915158510208,
    "backg_f1": 0.2282145917415619
}