{
    "loss": 1.40625,
    "acc": 0.28026679158210754,
    "macro_f1": 0.25061821937561035,
    "total_f1": 0.5644150376319885,
    "inf_f1": 0.18866583704948425,
    "perc_f1": 0.20466174185276031,
    "backg_f1": 0.2256125807762146
}