{
    "loss": 1.3828125,
    "acc": 0.30007410049438477,
    "macro_f1": 0.26817482709884644,
    "total_f1": 0.5779705047607422,
    "inf_f1": 0.21935255825519562,
    "perc_f1": 0.2199636995792389,
    "backg_f1": 0.22243966162204742
}