{
    "loss": 1.3828125,
    "acc": 0.295762300491333,
    "macro_f1": 0.2649597227573395,
    "total_f1": 0.5763200521469116,
    "inf_f1": 0.21720732748508453,
    "perc_f1": 0.21747712790966034,
    "backg_f1": 0.22087498009204865
}