{
    "loss": 1.390625,
    "acc": 0.29145053029060364,
    "macro_f1": 0.2625058591365814,
    "total_f1": 0.5760962963104248,
    "inf_f1": 0.2156107872724533,
    "perc_f1": 0.21594566106796265,
    "backg_f1": 0.2225843220949173
}