{
    "loss": 1.3828125,
    "acc": 0.2991982698440552,
    "macro_f1": 0.26783254742622375,
    "total_f1": 0.5783549547195435,
    "inf_f1": 0.2191489338874817,
    "perc_f1": 0.22024673223495483,
    "backg_f1": 0.2229062020778656
}