{
    "loss": 1.3828125,
    "acc": 0.30088257789611816,
    "macro_f1": 0.2690851092338562,
    "total_f1": 0.5785639882087708,
    "inf_f1": 0.22139303386211395,
    "perc_f1": 0.22069215774536133,
    "backg_f1": 0.22272801399230957
}