{
    "loss": 1.390625,
    "acc": 0.2870039641857147,
    "macro_f1": 0.25912797451019287,
    "total_f1": 0.5743331909179688,
    "inf_f1": 0.20776906609535217,
    "perc_f1": 0.21291512250900269,
    "backg_f1": 0.22788327932357788
}