{
    "loss": 1.453125,
    "acc": 0.20892003178596497,
    "macro_f1": 0.20032165944576263,
    "total_f1": 0.5659204721450806,
    "inf_f1": 0.1565275639295578,
    "perc_f1": 0.17520661652088165,
    "backg_f1": 0.2396674007177353
}