{
    "loss": 1.390625,
    "acc": 0.29185473918914795,
    "macro_f1": 0.26171720027923584,
    "total_f1": 0.5748131275177002,
    "inf_f1": 0.21183909475803375,
    "perc_f1": 0.2134314626455307,
    "backg_f1": 0.22293196618556976
}