{
    "loss": 1.390625,
    "acc": 0.3002762198448181,
    "macro_f1": 0.2686390280723572,
    "total_f1": 0.5784942507743835,
    "inf_f1": 0.22013136744499207,
    "perc_f1": 0.22194062173366547,
    "backg_f1": 0.22178861498832703
}