{
    "loss": 1.484375,
    "acc": 0.17328032851219177,
    "macro_f1": 0.16096824407577515,
    "total_f1": 0.5836575627326965,
    "inf_f1": 0.13013313710689545,
    "perc_f1": 0.14715386927127838,
    "backg_f1": 0.2674705386161804
}