{
    "loss": 1.453125,
    "acc": 0.2175436168909073,
    "macro_f1": 0.2063969522714615,
    "total_f1": 0.5624631643295288,
    "inf_f1": 0.15701372921466827,
    "perc_f1": 0.17719021439552307,
    "backg_f1": 0.2334599792957306
}