{
    "loss": 1.4921875,
    "acc": 0.1702485978603363,
    "macro_f1": 0.15429016947746277,
    "total_f1": 0.5861210227012634,
    "inf_f1": 0.12559618055820465,
    "perc_f1": 0.14098532497882843,
    "backg_f1": 0.2708745300769806
}