{
    "loss": 1.3984375,
    "acc": 0.2754160165786743,
    "macro_f1": 0.24939534068107605,
    "total_f1": 0.567985475063324,
    "inf_f1": 0.19568245112895966,
    "perc_f1": 0.20614761114120483,
    "backg_f1": 0.22416211664676666
}