{
    "loss": 1.4140625,
    "acc": 0.26200902462005615,
    "macro_f1": 0.2394872009754181,
    "total_f1": 0.5650294423103333,
    "inf_f1": 0.18548107147216797,
    "perc_f1": 0.19683989882469177,
    "backg_f1": 0.22839505970478058
}