{
    "loss": 1.4453125,
    "acc": 0.25035369396209717,
    "macro_f1": 0.22673898935317993,
    "total_f1": 0.5545111894607544,
    "inf_f1": 0.165283665060997,
    "perc_f1": 0.1800851821899414,
    "backg_f1": 0.22565285861492157
}