{
    "loss": 1.3984375,
    "acc": 0.2775719165802002,
    "macro_f1": 0.25061705708503723,
    "total_f1": 0.5689871311187744,
    "inf_f1": 0.1950707882642746,
    "perc_f1": 0.206682488322258,
    "backg_f1": 0.22435493767261505
}