{
    "loss": 1.40625,
    "acc": 0.27777403593063354,
    "macro_f1": 0.2508924603462219,
    "total_f1": 0.5689055919647217,
    "inf_f1": 0.1952497363090515,
    "perc_f1": 0.20792078971862793,
    "backg_f1": 0.22407029569149017
}