{
    "loss": 1.421875,
    "acc": 0.27770665287971497,
    "macro_f1": 0.25063422322273254,
    "total_f1": 0.5685134530067444,
    "inf_f1": 0.19579684734344482,
    "perc_f1": 0.20606060326099396,
    "backg_f1": 0.22413523495197296
}