{
    "loss": 1.4296875,
    "acc": 0.2638280689716339,
    "macro_f1": 0.2347833812236786,
    "total_f1": 0.5541561841964722,
    "inf_f1": 0.167515367269516,
    "perc_f1": 0.18310429155826569,
    "backg_f1": 0.22593407332897186
}