{
    "loss": 1.40625,
    "acc": 0.2751465439796448,
    "macro_f1": 0.2489425390958786,
    "total_f1": 0.5682128071784973,
    "inf_f1": 0.19322152435779572,
    "perc_f1": 0.2061515897512436,
    "backg_f1": 0.22447705268859863
}