{
    "loss": 1.4296875,
    "acc": 0.26450178027153015,
    "macro_f1": 0.23681125044822693,
    "total_f1": 0.55674809217453,
    "inf_f1": 0.17290963232517242,
    "perc_f1": 0.19100691378116608,
    "backg_f1": 0.22129061818122864
}