{
    "loss": 1.40625,
    "acc": 0.2742033302783966,
    "macro_f1": 0.24795809388160706,
    "total_f1": 0.5669587254524231,
    "inf_f1": 0.19310106337070465,
    "perc_f1": 0.20647995173931122,
    "backg_f1": 0.22092656791210175
}