{
    "loss": 1.4609375,
    "acc": 0.19369399547576904,
    "macro_f1": 0.1852501779794693,
    "total_f1": 0.5735933780670166,
    "inf_f1": 0.14380453526973724,
    "perc_f1": 0.1640748232603073,
    "backg_f1": 0.2534700036048889
}