{
    "loss": 1.40625,
    "acc": 0.26665768027305603,
    "macro_f1": 0.2424793243408203,
    "total_f1": 0.5649545192718506,
    "inf_f1": 0.1893310695886612,
    "perc_f1": 0.19927743077278137,
    "backg_f1": 0.22348079085350037
}