{
    "loss": 1.4140625,
    "acc": 0.26706191897392273,
    "macro_f1": 0.24363508820533752,
    "total_f1": 0.5664485692977905,
    "inf_f1": 0.1923273652791977,
    "perc_f1": 0.20396292209625244,
    "backg_f1": 0.22099968791007996
}