{
    "loss": 1.421875,
    "acc": 0.2629522383213043,
    "macro_f1": 0.23805934190750122,
    "total_f1": 0.5606523752212524,
    "inf_f1": 0.180553138256073,
    "perc_f1": 0.1949295848608017,
    "backg_f1": 0.2217496931552887
}