{
    "loss": 1.3984375,
    "acc": 0.27689820528030396,
    "macro_f1": 0.2500990927219391,
    "total_f1": 0.5687279105186462,
    "inf_f1": 0.19573575258255005,
    "perc_f1": 0.2062120884656906,
    "backg_f1": 0.22315986454486847
}