{
    "loss": 1.40625,
    "acc": 0.27022838592529297,
    "macro_f1": 0.24518784880638123,
    "total_f1": 0.5663114786148071,
    "inf_f1": 0.192572221159935,
    "perc_f1": 0.20337139070034027,
    "backg_f1": 0.22025035321712494
}