{
    "loss": 1.3984375,
    "acc": 0.27851513028144836,
    "macro_f1": 0.25139909982681274,
    "total_f1": 0.5692623257637024,
    "inf_f1": 0.1953439563512802,
    "perc_f1": 0.20921726524829865,
    "backg_f1": 0.2232353389263153
}