{
    "loss": 1.46875,
    "acc": 0.17429091036319733,
    "macro_f1": 0.16193203628063202,
    "total_f1": 0.5837400555610657,
    "inf_f1": 0.12997746467590332,
    "perc_f1": 0.14800100028514862,
    "backg_f1": 0.2676545977592468
}