{
    "loss": 1.0703125,
    "acc": 0.6623997688293457,
    "macro_f1": 0.5847011804580688,
    "total_f1": 0.7574379444122314,
    "inf_f1": 0.6424384713172913,
    "perc_f1": 0.46503666043281555,
    "backg_f1": 0.4312066435813904
}