{
    "loss": 1.109375,
    "acc": 0.6282422542572021,
    "macro_f1": 0.5796608924865723,
    "total_f1": 0.7493681311607361,
    "inf_f1": 0.6769316792488098,
    "perc_f1": 0.4615384638309479,
    "backg_f1": 0.4240094721317291
}