{
    "loss": 1.328125,
    "acc": 0.70592200756073,
    "macro_f1": 0.6045095324516296,
    "total_f1": 0.7686468362808228,
    "inf_f1": 0.6738415360450745,
    "perc_f1": 0.4689389765262604,
    "backg_f1": 0.4348841607570648
}