{
    "loss": 0.98828125,
    "acc": 0.6760088801383972,
    "macro_f1": 0.5759003162384033,
    "total_f1": 0.7661660313606262,
    "inf_f1": 0.635539710521698,
    "perc_f1": 0.4566960632801056,
    "backg_f1": 0.38986262679100037
}