{
    "loss": 1.0078125,
    "acc": 0.6538435816764832,
    "macro_f1": 0.5317337512969971,
    "total_f1": 0.766273558139801,
    "inf_f1": 0.5655117630958557,
    "perc_f1": 0.37210819125175476,
    "backg_f1": 0.3728608787059784
}