{
    "loss": 1.328125,
    "acc": 0.6584922075271606,
    "macro_f1": 0.5898078680038452,
    "total_f1": 0.761310875415802,
    "inf_f1": 0.6713483333587646,
    "perc_f1": 0.47081711888313293,
    "backg_f1": 0.42418837547302246
}