{
    "loss": 1.421875,
    "acc": 0.6926497220993042,
    "macro_f1": 0.6026678681373596,
    "total_f1": 0.7589842081069946,
    "inf_f1": 0.6945004463195801,
    "perc_f1": 0.4647619128227234,
    "backg_f1": 0.4272422790527344
}