{
    "loss": 1.28125,
    "acc": 0.5211884379386902,
    "macro_f1": 0.37759917974472046,
    "total_f1": 0.6268815398216248,
    "inf_f1": 0.3870573937892914,
    "perc_f1": 0.3328091502189636,
    "backg_f1": 0.08740895241498947
}