{
    "loss": 0.5234375,
    "acc": 0.7519927024841309,
    "total_f1": 0.6981640458106995
}