{
    "loss": 0.53125,
    "acc": 0.7470331192016602,
    "total_f1": 0.6969407796859741
}