{
    "loss": 0.54296875,
    "acc": 0.7506937384605408,
    "total_f1": 0.7044205665588379
}