{
    "loss": 0.53515625,
    "acc": 0.7265749573707581,
    "total_f1": 0.7048438787460327
}