{
    "loss": 1.109375,
    "acc": 0.6370006203651428,
    "macro_f1": 0.57765793800354,
    "total_f1": 0.7553154826164246,
    "inf_f1": 0.6663179993629456,
    "perc_f1": 0.44597965478897095,
    "backg_f1": 0.4300518035888672
}