{
    "loss": 1.2421875,
    "acc": 0.6809943914413452,
    "macro_f1": 0.593797504901886,
    "total_f1": 0.7649365663528442,
    "inf_f1": 0.6705882549285889,
    "perc_f1": 0.43968871235847473,
    "backg_f1": 0.44817543029785156
}