{
    "loss": 1.015625,
    "acc": 0.6574816703796387,
    "macro_f1": 0.5927670001983643,
    "total_f1": 0.7628675103187561,
    "inf_f1": 0.6679579615592957,
    "perc_f1": 0.4520910680294037,
    "backg_f1": 0.4640120267868042
}