{
    "loss": 1.3515625,
    "acc": 0.31799501180648804,
    "macro_f1": 0.2850266396999359,
    "total_f1": 0.5969754457473755,
    "inf_f1": 0.2680272161960602,
    "perc_f1": 0.2452654391527176,
    "backg_f1": 0.19688300788402557
}