{
    "loss": 1.0625,
    "acc": 0.42686787247657776,
    "macro_f1": 0.43280303478240967,
    "total_f1": 0.6666666865348816,
    "inf_f1": 0.6015496850013733,
    "perc_f1": 0.3319191336631775,
    "backg_f1": 0.3133576512336731
}