{
    "loss": 1.1328125,
    "acc": 0.696961522102356,
    "macro_f1": 0.6061344742774963,
    "total_f1": 0.7748510241508484,
    "inf_f1": 0.6699615716934204,
    "perc_f1": 0.4731241464614868,
    "backg_f1": 0.4510919451713562
}