{
    "loss": 1.046875,
    "acc": 0.6989826560020447,
    "macro_f1": 0.598305881023407,
    "total_f1": 0.7615915536880493,
    "inf_f1": 0.6545674800872803,
    "perc_f1": 0.4851978123188019,
    "backg_f1": 0.4189645051956177
}