{
    "loss": 1.09375,
    "acc": 0.6170585751533508,
    "macro_f1": 0.4862949848175049,
    "total_f1": 0.7525619864463806,
    "inf_f1": 0.529954731464386,
    "perc_f1": 0.28598248958587646,
    "backg_f1": 0.3346680700778961
}