{
    "loss": 1.4375,
    "acc": 0.6368322372436523,
    "macro_f1": 0.5553693771362305,
    "total_f1": 0.731473982334137,
    "inf_f1": 0.6525211930274963,
    "perc_f1": 0.40800389647483826,
    "backg_f1": 0.3807121515274048
}