{
    "loss": 1.03125,
    "acc": 0.6379843354225159,
    "macro_f1": 0.5320431590080261,
    "total_f1": 0.7510064840316772,
    "inf_f1": 0.6485136151313782,
    "perc_f1": 0.41184768080711365,
    "backg_f1": 0.266916424036026
}