{
    "loss": 1.3671875,
    "acc": 0.6682432889938354,
    "macro_f1": 0.582258939743042,
    "total_f1": 0.7579662203788757,
    "inf_f1": 0.6465169787406921,
    "perc_f1": 0.45222368836402893,
    "backg_f1": 0.41869157552719116
}