{
    "loss": 0.9765625,
    "acc": 0.6199745535850525,
    "macro_f1": 0.5480949878692627,
    "total_f1": 0.7530202865600586,
    "inf_f1": 0.6152849793434143,
    "perc_f1": 0.4030032455921173,
    "backg_f1": 0.40843337774276733
}