{
    "loss": 0.984375,
    "acc": 0.6228245496749878,
    "macro_f1": 0.53968346118927,
    "total_f1": 0.753288209438324,
    "inf_f1": 0.6098785996437073,
    "perc_f1": 0.4046292304992676,
    "backg_f1": 0.3673206865787506
}