{
    "loss": 1.453125,
    "acc": 0.667697548866272,
    "macro_f1": 0.5740331411361694,
    "total_f1": 0.7515151500701904,
    "inf_f1": 0.6678391695022583,
    "perc_f1": 0.44976744055747986,
    "backg_f1": 0.366159051656723
}