{
    "loss": 1.125,
    "acc": 0.6744284629821777,
    "macro_f1": 0.5800686478614807,
    "total_f1": 0.7786980867385864,
    "inf_f1": 0.658123791217804,
    "perc_f1": 0.4225352108478546,
    "backg_f1": 0.41558024287223816
}