{
    "loss": 0.99609375,
    "acc": 0.5669152736663818,
    "macro_f1": 0.5144550800323486,
    "total_f1": 0.7426441311836243,
    "inf_f1": 0.5802626013755798,
    "perc_f1": 0.3765038847923279,
    "backg_f1": 0.389662504196167
}