{
    "loss": 1.1015625,
    "acc": 0.5136741399765015,
    "macro_f1": 0.4908159673213959,
    "total_f1": 0.7152553200721741,
    "inf_f1": 0.5943852663040161,
    "perc_f1": 0.42288458347320557,
    "backg_f1": 0.31261906027793884
}