{
    "loss": 0.984375,
    "acc": 0.6294949054718018,
    "macro_f1": 0.5340267419815063,
    "total_f1": 0.7704928517341614,
    "inf_f1": 0.6083887219429016,
    "perc_f1": 0.34137576818466187,
    "backg_f1": 0.39239588379859924
}