{
    "loss": 1.1171875,
    "acc": 0.5564853549003601,
    "macro_f1": 0.4798513650894165,
    "total_f1": 0.7377885580062866,
    "inf_f1": 0.5275008082389832,
    "perc_f1": 0.3762861490249634,
    "backg_f1": 0.2768459618091583
}