{
    "loss": 1.046875,
    "acc": 0.6019647121429443,
    "macro_f1": 0.5138568878173828,
    "total_f1": 0.74837726354599,
    "inf_f1": 0.6343414187431335,
    "perc_f1": 0.38584259152412415,
    "backg_f1": 0.2642219066619873
}