{
    "loss": 0.9609375,
    "acc": 0.6389545798301697,
    "macro_f1": 0.5576908588409424,
    "total_f1": 0.7613044381141663,
    "inf_f1": 0.6340693831443787,
    "perc_f1": 0.3887219727039337,
    "backg_f1": 0.42081981897354126
}