{
    "loss": 1.015625,
    "acc": 0.573221743106842,
    "macro_f1": 0.49636727571487427,
    "total_f1": 0.754783034324646,
    "inf_f1": 0.5431382060050964,
    "perc_f1": 0.3438219428062439,
    "backg_f1": 0.3639465570449829
}