{
    "loss": 1.0,
    "acc": 0.566066324710846,
    "macro_f1": 0.5276692509651184,
    "total_f1": 0.7341251969337463,
    "inf_f1": 0.6296383738517761,
    "perc_f1": 0.3911885619163513,
    "backg_f1": 0.3908196687698364
}