{
    "loss": 1.0,
    "acc": 0.6447223424911499,
    "macro_f1": 0.5595176219940186,
    "total_f1": 0.7539530992507935,
    "inf_f1": 0.6426513195037842,
    "perc_f1": 0.44015029072761536,
    "backg_f1": 0.3563157021999359
}