{
    "loss": 1.140625,
    "acc": 0.635037362575531,
    "macro_f1": 0.5087839961051941,
    "total_f1": 0.7696546316146851,
    "inf_f1": 0.6026200652122498,
    "perc_f1": 0.25517240166664124,
    "backg_f1": 0.37051376700401306
}