{
    "loss": 1.1171875,
    "acc": 0.6332597732543945,
    "macro_f1": 0.5506095886230469,
    "total_f1": 0.7352582216262817,
    "inf_f1": 0.6756163239479065,
    "perc_f1": 0.4227375388145447,
    "backg_f1": 0.3226141035556793
}