{
    "loss": 1.125,
    "acc": 0.6182420253753662,
    "macro_f1": 0.4327862858772278,
    "total_f1": 0.7293271422386169,
    "inf_f1": 0.5247843265533447,
    "perc_f1": 0.32028618454933167,
    "backg_f1": 0.08024275302886963
}