{
    "loss": 1.1796875,
    "acc": 0.6264022588729858,
    "macro_f1": 0.5261938571929932,
    "total_f1": 0.7614848017692566,
    "inf_f1": 0.5977613925933838,
    "perc_f1": 0.3387663662433624,
    "backg_f1": 0.3719806671142578
}