{
    "loss": 1.2734375,
    "acc": 0.6267054677009583,
    "macro_f1": 0.5665947198867798,
    "total_f1": 0.7673958539962769,
    "inf_f1": 0.6107648611068726,
    "perc_f1": 0.4658944606781006,
    "backg_f1": 0.4137672185897827
}