{
    "loss": 1.0078125,
    "acc": 0.611788272857666,
    "macro_f1": 0.5380784273147583,
    "total_f1": 0.7619339823722839,
    "inf_f1": 0.5902937054634094,
    "perc_f1": 0.41865935921669006,
    "backg_f1": 0.3759186863899231
}