{
    "loss": 1.3515625,
    "acc": 0.624098002910614,
    "macro_f1": 0.5525141954421997,
    "total_f1": 0.7571492195129395,
    "inf_f1": 0.6371870040893555,
    "perc_f1": 0.4106745719909668,
    "backg_f1": 0.3828423023223877
}