{
    "loss": 1.046875,
    "acc": 0.6698805689811707,
    "macro_f1": 0.5161783695220947,
    "total_f1": 0.7399492859840393,
    "inf_f1": 0.6207912564277649,
    "perc_f1": 0.37307870388031006,
    "backg_f1": 0.2402220517396927
}