{
    "loss": 1.046875,
    "acc": 0.5095506906509399,
    "macro_f1": 0.48825886845588684,
    "total_f1": 0.7049118876457214,
    "inf_f1": 0.6086774468421936,
    "perc_f1": 0.35963115096092224,
    "backg_f1": 0.36962178349494934
}