{
    "loss": 1.3984375,
    "acc": 0.6512643098831177,
    "macro_f1": 0.5395134091377258,
    "total_f1": 0.7597524523735046,
    "inf_f1": 0.6274075508117676,
    "perc_f1": 0.3706585168838501,
    "backg_f1": 0.3457302451133728
}