{
    "loss": 1.359375,
    "acc": 0.3395540118217468,
    "macro_f1": 0.29759538173675537,
    "total_f1": 0.5892462730407715,
    "inf_f1": 0.25923922657966614,
    "perc_f1": 0.23748159408569336,
    "backg_f1": 0.22602976858615875
}