{
    "loss": 1.40625,
    "acc": 0.2775719165802002,
    "macro_f1": 0.2509426176548004,
    "total_f1": 0.5692334175109863,
    "inf_f1": 0.19662222266197205,
    "perc_f1": 0.2076263427734375,
    "backg_f1": 0.2242846041917801
}