{
    "loss": 1.375,
    "acc": 0.3068786561489105,
    "macro_f1": 0.27264928817749023,
    "total_f1": 0.5769275426864624,
    "inf_f1": 0.22493800520896912,
    "perc_f1": 0.22164948284626007,
    "backg_f1": 0.22247858345508575
}