{
    "loss": 1.359375,
    "acc": 0.3306609094142914,
    "macro_f1": 0.289014995098114,
    "total_f1": 0.5817270278930664,
    "inf_f1": 0.2440367043018341,
    "perc_f1": 0.2319156676530838,
    "backg_f1": 0.2222222238779068
}