{
    "loss": 1.421875,
    "acc": 0.26813986897468567,
    "macro_f1": 0.24006596207618713,
    "total_f1": 0.5593200922012329,
    "inf_f1": 0.17344997823238373,
    "perc_f1": 0.1944444477558136,
    "backg_f1": 0.22804491221904755
}