{
    "loss": 1.3515625,
    "acc": 0.3413730263710022,
    "macro_f1": 0.29888004064559937,
    "total_f1": 0.5895013809204102,
    "inf_f1": 0.26180100440979004,
    "perc_f1": 0.23792093992233276,
    "backg_f1": 0.22558219730854034
}