{
    "loss": 1.359375,
    "acc": 0.33032405376434326,
    "macro_f1": 0.2900312840938568,
    "total_f1": 0.5841748714447021,
    "inf_f1": 0.25191792845726013,
    "perc_f1": 0.23260830342769623,
    "backg_f1": 0.22026120126247406
}