{
    "loss": 1.359375,
    "acc": 0.33362528681755066,
    "macro_f1": 0.2936260402202606,
    "total_f1": 0.5866144299507141,
    "inf_f1": 0.25489842891693115,
    "perc_f1": 0.23462246358394623,
    "backg_f1": 0.22682176530361176
}