{
    "loss": 1.390625,
    "acc": 0.29387590289115906,
    "macro_f1": 0.26212218403816223,
    "total_f1": 0.5717592835426331,
    "inf_f1": 0.22070088982582092,
    "perc_f1": 0.2126132994890213,
    "backg_f1": 0.21166011691093445
}