{
    "loss": 1.359375,
    "acc": 0.3405645787715912,
    "macro_f1": 0.29867756366729736,
    "total_f1": 0.589337944984436,
    "inf_f1": 0.2628262937068939,
    "perc_f1": 0.23764921724796295,
    "backg_f1": 0.22604764997959137
}