{
    "loss": 1.3515625,
    "acc": 0.33335578441619873,
    "macro_f1": 0.29431119561195374,
    "total_f1": 0.586973249912262,
    "inf_f1": 0.2585427463054657,
    "perc_f1": 0.2356572300195694,
    "backg_f1": 0.22694548964500427
}