{
    "loss": 1.453125,
    "acc": 0.2287273406982422,
    "macro_f1": 0.21351337432861328,
    "total_f1": 0.5581420660018921,
    "inf_f1": 0.16560305655002594,
    "perc_f1": 0.17804601788520813,
    "backg_f1": 0.21624046564102173
}