{
    "loss": 1.359375,
    "acc": 0.33706122636795044,
    "macro_f1": 0.29641491174697876,
    "total_f1": 0.5884102582931519,
    "inf_f1": 0.26058632135391235,
    "perc_f1": 0.23621760308742523,
    "backg_f1": 0.22605100274085999
}