{
    "loss": 1.375,
    "acc": 0.31415483355522156,
    "macro_f1": 0.2785821557044983,
    "total_f1": 0.5796133279800415,
    "inf_f1": 0.23012785613536835,
    "perc_f1": 0.22639484703540802,
    "backg_f1": 0.22660747170448303
}