{
    "loss": 1.359375,
    "acc": 0.3404298424720764,
    "macro_f1": 0.29865947365760803,
    "total_f1": 0.5897374749183655,
    "inf_f1": 0.2617328464984894,
    "perc_f1": 0.23869667947292328,
    "backg_f1": 0.2261594533920288
}