{
    "loss": 1.0,
    "acc": 0.6312739849090576,
    "macro_f1": 0.5603272914886475,
    "total_f1": 0.7509621977806091,
    "inf_f1": 0.6259678602218628,
    "perc_f1": 0.4504941403865814,
    "backg_f1": 0.3880203366279602
}