{
    "loss": 0.99609375,
    "acc": 0.6303308010101318,
    "macro_f1": 0.5403333902359009,
    "total_f1": 0.7534158229827881,
    "inf_f1": 0.5942122340202332,
    "perc_f1": 0.38616713881492615,
    "backg_f1": 0.4004106819629669
}