{
    "loss": 1.1875,
    "acc": 0.6614565849304199,
    "macro_f1": 0.5800815224647522,
    "total_f1": 0.7478953003883362,
    "inf_f1": 0.6700356602668762,
    "perc_f1": 0.47908923029899597,
    "backg_f1": 0.36939606070518494
}