{
    "loss": 1.3046875,
    "acc": 0.6003503203392029,
    "macro_f1": 0.5554169416427612,
    "total_f1": 0.7260860800743103,
    "inf_f1": 0.648006796836853,
    "perc_f1": 0.4644412100315094,
    "backg_f1": 0.3782324492931366
}