{
    "loss": 1.21875,
    "acc": 0.5626221299171448,
    "macro_f1": 0.4136561155319214,
    "total_f1": 0.6781688332557678,
    "inf_f1": 0.4744916260242462,
    "perc_f1": 0.36228814721107483,
    "backg_f1": 0.0699925571680069
}