{
    "loss": 1.671875,
    "acc": 0.6883379220962524,
    "macro_f1": 0.5752811431884766,
    "total_f1": 0.7630429267883301,
    "inf_f1": 0.6501196026802063,
    "perc_f1": 0.40686750411987305,
    "backg_f1": 0.4079270362854004
}