{
    "loss": 1.2578125,
    "acc": 0.46340426802635193,
    "macro_f1": 0.34308600425720215,
    "total_f1": 0.7005277276039124,
    "inf_f1": 0.42608585953712463,
    "perc_f1": 0.0,
    "backg_f1": 0.3146151006221771
}