{
    "loss": 1.140625,
    "acc": 0.5646716356277466,
    "macro_f1": 0.3899208605289459,
    "total_f1": 0.7119098901748657,
    "inf_f1": 0.44354838132858276,
    "perc_f1": 0.09170487523078918,
    "backg_f1": 0.26217228174209595
}