{
    "loss": 1.1796875,
    "acc": 0.5947486758232117,
    "macro_f1": 0.3947795629501343,
    "total_f1": 0.6733996272087097,
    "inf_f1": 0.3070175349712372,
    "perc_f1": 0.36465194821357727,
    "backg_f1": 0.11649911105632782
}