{
    "loss": 1.34375,
    "acc": 0.31583911180496216,
    "macro_f1": 0.2796759009361267,
    "total_f1": 0.5989556312561035,
    "inf_f1": 0.27247869968414307,
    "perc_f1": 0.245234876871109,
    "backg_f1": 0.17110182344913483
}