{
    "loss": 1.0703125,
    "acc": 0.5042107105255127,
    "macro_f1": 0.4640336036682129,
    "total_f1": 0.7086295485496521,
    "inf_f1": 0.6017345190048218,
    "perc_f1": 0.3194766342639923,
    "backg_f1": 0.2904953062534332
}