{
    "loss": 1.0,
    "acc": 0.6723034381866455,
    "macro_f1": 0.5808811783790588,
    "total_f1": 0.7757585048675537,
    "inf_f1": 0.6501609086990356,
    "perc_f1": 0.43987172842025757,
    "backg_f1": 0.4158988296985626
}