{
    "loss": 0.98046875,
    "acc": 0.6896853446960449,
    "macro_f1": 0.5842646360397339,
    "total_f1": 0.7727454304695129,
    "inf_f1": 0.6603824496269226,
    "perc_f1": 0.46368715167045593,
    "backg_f1": 0.3787139654159546
}