{
    "loss": 1.1953125,
    "acc": 0.5621505379676819,
    "macro_f1": 0.44324979186058044,
    "total_f1": 0.6748420000076294,
    "inf_f1": 0.47363677620887756,
    "perc_f1": 0.2685984969139099,
    "backg_f1": 0.2943969666957855
}