{
    "loss": 0.9765625,
    "acc": 0.628713846206665,
    "macro_f1": 0.5610905289649963,
    "total_f1": 0.76376873254776,
    "inf_f1": 0.6444657444953918,
    "perc_f1": 0.41622480750083923,
    "backg_f1": 0.4111245572566986
}