{
    "loss": 1.3984375,
    "acc": 0.27891936898231506,
    "macro_f1": 0.25145697593688965,
    "total_f1": 0.5691789984703064,
    "inf_f1": 0.1954043209552765,
    "perc_f1": 0.20821113884449005,
    "backg_f1": 0.2232339084148407
}