{
    "loss": 1.421875,
    "acc": 0.26369333267211914,
    "macro_f1": 0.23848062753677368,
    "total_f1": 0.5602993965148926,
    "inf_f1": 0.18096397817134857,
    "perc_f1": 0.19432437419891357,
    "backg_f1": 0.22225604951381683
}