{
    "loss": 1.40625,
    "acc": 0.27608972787857056,
    "macro_f1": 0.24928957223892212,
    "total_f1": 0.5671301484107971,
    "inf_f1": 0.19342494010925293,
    "perc_f1": 0.2059849500656128,
    "backg_f1": 0.22355163097381592
}