{
    "loss": 1.3984375,
    "acc": 0.27730244398117065,
    "macro_f1": 0.2505210041999817,
    "total_f1": 0.5687112212181091,
    "inf_f1": 0.19518156349658966,
    "perc_f1": 0.20745663344860077,
    "backg_f1": 0.22392016649246216
}