{
    "loss": 1.4609375,
    "acc": 0.19497406482696533,
    "macro_f1": 0.18648722767829895,
    "total_f1": 0.5735941529273987,
    "inf_f1": 0.1456514149904251,
    "perc_f1": 0.1645255833864212,
    "backg_f1": 0.25526008009910583
}