{
    "loss": 1.40625,
    "acc": 0.2754833996295929,
    "macro_f1": 0.24899017810821533,
    "total_f1": 0.5677213668823242,
    "inf_f1": 0.1932096630334854,
    "perc_f1": 0.20666910707950592,
    "backg_f1": 0.22312499582767487
}