{
    "loss": 1.40625,
    "acc": 0.27191269397735596,
    "macro_f1": 0.24657729268074036,
    "total_f1": 0.566239058971405,
    "inf_f1": 0.19283746182918549,
    "perc_f1": 0.20548193156719208,
    "backg_f1": 0.22123472392559052
}