{
    "loss": 1.4296875,
    "acc": 0.265849232673645,
    "macro_f1": 0.23773542046546936,
    "total_f1": 0.5574219822883606,
    "inf_f1": 0.17332622408866882,
    "perc_f1": 0.19014626741409302,
    "backg_f1": 0.22322097420692444
}