{
    "loss": 1.421875,
    "acc": 0.27898672223091125,
    "macro_f1": 0.2515881359577179,
    "total_f1": 0.5687874555587769,
    "inf_f1": 0.1961747705936432,
    "perc_f1": 0.20731483399868011,
    "backg_f1": 0.2242756485939026
}