{
    "loss": 1.40625,
    "acc": 0.2671966552734375,
    "macro_f1": 0.2430410087108612,
    "total_f1": 0.5650994777679443,
    "inf_f1": 0.18916624784469604,
    "perc_f1": 0.20030464231967926,
    "backg_f1": 0.224561408162117
}