{
    "loss": 1.4140625,
    "acc": 0.2679377496242523,
    "macro_f1": 0.24417562782764435,
    "total_f1": 0.5669451355934143,
    "inf_f1": 0.1923273652791977,
    "perc_f1": 0.2037172019481659,
    "backg_f1": 0.22159358859062195
}