{
    "loss": 1.40625,
    "acc": 0.27898672223091125,
    "macro_f1": 0.2516530156135559,
    "total_f1": 0.5687549710273743,
    "inf_f1": 0.1962224543094635,
    "perc_f1": 0.20730140805244446,
    "backg_f1": 0.22463425993919373
}