{
    "loss": 1.3984375,
    "acc": 0.2793235778808594,
    "macro_f1": 0.2520207166671753,
    "total_f1": 0.5691465139389038,
    "inf_f1": 0.19831815361976624,
    "perc_f1": 0.20743998885154724,
    "backg_f1": 0.2234794944524765
}