{
    "loss": 1.46875,
    "acc": 0.17422354221343994,
    "macro_f1": 0.16211140155792236,
    "total_f1": 0.5836825370788574,
    "inf_f1": 0.1305326372385025,
    "perc_f1": 0.14892032742500305,
    "backg_f1": 0.2673013508319855
}