{
    "loss": 1.4296875,
    "acc": 0.2638954520225525,
    "macro_f1": 0.23439230024814606,
    "total_f1": 0.5534281134605408,
    "inf_f1": 0.1681026965379715,
    "perc_f1": 0.18122977018356323,
    "backg_f1": 0.22457067668437958
}