{
    "loss": 1.4140625,
    "acc": 0.2626153826713562,
    "macro_f1": 0.23985658586025238,
    "total_f1": 0.5650098323822021,
    "inf_f1": 0.18352776765823364,
    "perc_f1": 0.19703309237957,
    "backg_f1": 0.23074662685394287
}