{
    "loss": 1.4453125,
    "acc": 0.2509600520133972,
    "macro_f1": 0.2265131175518036,
    "total_f1": 0.5538756847381592,
    "inf_f1": 0.1645183116197586,
    "perc_f1": 0.17816558480262756,
    "backg_f1": 0.2245725840330124
}