{
    "loss": 1.4921875,
    "acc": 0.16997911036014557,
    "macro_f1": 0.15410122275352478,
    "total_f1": 0.5858970880508423,
    "inf_f1": 0.12559618055820465,
    "perc_f1": 0.14120735228061676,
    "backg_f1": 0.27053970098495483
}