{
    "loss": 1.453125,
    "acc": 0.21808259189128876,
    "macro_f1": 0.20715010166168213,
    "total_f1": 0.5618940591812134,
    "inf_f1": 0.15780675411224365,
    "perc_f1": 0.1788393259048462,
    "backg_f1": 0.2343524545431137
}