{
    "loss": 1.3984375,
    "acc": 0.2779761552810669,
    "macro_f1": 0.2508702278137207,
    "total_f1": 0.5687738656997681,
    "inf_f1": 0.1953439563512802,
    "perc_f1": 0.20751935243606567,
    "backg_f1": 0.22361023724079132
}