{
    "loss": 1.4375,
    "acc": 0.21763385832309723,
    "macro_f1": 0.14749160408973694,
    "total_f1": 0.5826995968818665,
    "inf_f1": 0.012782693840563297,
    "perc_f1": 0.24196156859397888,
    "backg_f1": 0.07044237852096558
}