{
    "loss": 1.125,
    "acc": 0.5514522790908813,
    "macro_f1": 0.4057936668395996,
    "total_f1": 0.7069368362426758,
    "inf_f1": 0.48825502395629883,
    "perc_f1": 0.05545927211642265,
    "backg_f1": 0.3503630459308624
}