{
    "loss": 1.171875,
    "acc": 0.5683099627494812,
    "macro_f1": 0.3911721706390381,
    "total_f1": 0.7027903199195862,
    "inf_f1": 0.40256500244140625,
    "perc_f1": 0.350047767162323,
    "backg_f1": 0.036556996405124664
}