{
    "loss": 1.1171875,
    "acc": 0.5729185342788696,
    "macro_f1": 0.40986108779907227,
    "total_f1": 0.7054159641265869,
    "inf_f1": 0.4817259609699249,
    "perc_f1": 0.08049281686544418,
    "backg_f1": 0.3194355368614197
}