{
    "loss": 1.0,
    "acc": 0.5582438707351685,
    "macro_f1": 0.5040984749794006,
    "total_f1": 0.7329986095428467,
    "inf_f1": 0.5833166837692261,
    "perc_f1": 0.3462686538696289,
    "backg_f1": 0.3896426856517792
}