{
    "loss": 1.0390625,
    "acc": 0.6227033138275146,
    "macro_f1": 0.5199066400527954,
    "total_f1": 0.7505985498428345,
    "inf_f1": 0.6368488073348999,
    "perc_f1": 0.40246525406837463,
    "backg_f1": 0.24927255511283875
}