{
    "loss": 1.015625,
    "acc": 0.5744345188140869,
    "macro_f1": 0.515460193157196,
    "total_f1": 0.7460169792175293,
    "inf_f1": 0.601404070854187,
    "perc_f1": 0.3718772232532501,
    "backg_f1": 0.3652953803539276
}