{
    "loss": 1.0546875,
    "acc": 0.593535840511322,
    "macro_f1": 0.5115998983383179,
    "total_f1": 0.7518439292907715,
    "inf_f1": 0.5496408343315125,
    "perc_f1": 0.3658480644226074,
    "backg_f1": 0.376491904258728
}