{
    "loss": 0.98828125,
    "acc": 0.617185115814209,
    "macro_f1": 0.5341542959213257,
    "total_f1": 0.7676969170570374,
    "inf_f1": 0.6153537631034851,
    "perc_f1": 0.37566882371902466,
    "backg_f1": 0.3657432198524475
}