{
    "loss": 1.0,
    "acc": 0.6639379262924194,
    "macro_f1": 0.5436378717422485,
    "total_f1": 0.7531411051750183,
    "inf_f1": 0.6215957999229431,
    "perc_f1": 0.4263067841529846,
    "backg_f1": 0.3035605251789093
}