{
    "loss": 1.3984375,
    "acc": 0.6430891156196594,
    "macro_f1": 0.542151153087616,
    "total_f1": 0.7313841581344604,
    "inf_f1": 0.6802443861961365,
    "perc_f1": 0.30728879570961,
    "backg_f1": 0.38930970430374146
}