{
    "loss": 0.99609375,
    "acc": 0.5448721647262573,
    "macro_f1": 0.5088244676589966,
    "total_f1": 0.7008986473083496,
    "inf_f1": 0.6641239523887634,
    "perc_f1": 0.3364626467227936,
    "backg_f1": 0.3617614507675171
}