{
    "loss": 1.5625,
    "acc": 0.6460707187652588,
    "macro_f1": 0.5528451204299927,
    "total_f1": 0.7350845336914062,
    "inf_f1": 0.6709886789321899,
    "perc_f1": 0.37444981932640076,
    "backg_f1": 0.36477404832839966
}