{
    "loss": 1.328125,
    "acc": 0.669392466545105,
    "macro_f1": 0.43866705894470215,
    "total_f1": 0.5096380114555359,
    "inf_f1": 0.651176929473877,
    "perc_f1": 0.1627659648656845,
    "backg_f1": 0.1338537186384201
}