{
    "loss": 0.984375,
    "acc": 0.689142107963562,
    "macro_f1": 0.5671558380126953,
    "total_f1": 0.7484121918678284,
    "inf_f1": 0.6716550588607788,
    "perc_f1": 0.4078141152858734,
    "backg_f1": 0.35347017645835876
}