{
    "loss": 1.0859375,
    "acc": 0.6682706475257874,
    "macro_f1": 0.5764261484146118,
    "total_f1": 0.7391839027404785,
    "inf_f1": 0.686048150062561,
    "perc_f1": 0.4424925148487091,
    "backg_f1": 0.36601752042770386
}