{
    "loss": 1.296875,
    "acc": 0.3940578103065491,
    "macro_f1": 0.3320503830909729,
    "total_f1": 0.6221013069152832,
    "inf_f1": 0.3374876379966736,
    "perc_f1": 0.2711963653564453,
    "backg_f1": 0.17168182134628296
}