{
    "loss": 1.1171875,
    "acc": 0.6395607590675354,
    "macro_f1": 0.5892319083213806,
    "total_f1": 0.7520310878753662,
    "inf_f1": 0.6623261570930481,
    "perc_f1": 0.4902605712413788,
    "backg_f1": 0.43796858191490173
}