{
    "loss": 1.171875,
    "acc": 0.7057872414588928,
    "macro_f1": 0.5976423621177673,
    "total_f1": 0.7527029514312744,
    "inf_f1": 0.6544502377510071,
    "perc_f1": 0.5020833611488342,
    "backg_f1": 0.3938629627227783
}