{
    "loss": 1.046875,
    "acc": 0.6315435171127319,
    "macro_f1": 0.4974260628223419,
    "total_f1": 0.7457444071769714,
    "inf_f1": 0.548997163772583,
    "perc_f1": 0.36490681767463684,
    "backg_f1": 0.2734294533729553
}