{
    "loss": 0.9921875,
    "acc": 0.5326416492462158,
    "macro_f1": 0.5059656500816345,
    "total_f1": 0.7147552967071533,
    "inf_f1": 0.6202471256256104,
    "perc_f1": 0.38873952627182007,
    "backg_f1": 0.36832287907600403
}