{
    "loss": 1.2421875,
    "acc": 0.661995530128479,
    "macro_f1": 0.5772624015808105,
    "total_f1": 0.7450768351554871,
    "inf_f1": 0.6727272868156433,
    "perc_f1": 0.4781906306743622,
    "backg_f1": 0.35535919666290283
}