{
    "loss": 1.1015625,
    "acc": 0.644412100315094,
    "macro_f1": 0.4813185930252075,
    "total_f1": 0.7234042286872864,
    "inf_f1": 0.4694960117340088,
    "perc_f1": 0.39575737714767456,
    "backg_f1": 0.2371995747089386
}