{
    "loss": 1.1640625,
    "acc": 0.6629676818847656,
    "macro_f1": 0.5557718276977539,
    "total_f1": 0.7468363642692566,
    "inf_f1": 0.6182003021240234,
    "perc_f1": 0.39486730098724365,
    "backg_f1": 0.3964371979236603
}