{
    "loss": 1.109375,
    "acc": 0.5598811507225037,
    "macro_f1": 0.4721137285232544,
    "total_f1": 0.725938618183136,
    "inf_f1": 0.5465356707572937,
    "perc_f1": 0.24139000475406647,
    "backg_f1": 0.37007448077201843
}