{
    "loss": 1.046875,
    "acc": 0.580255925655365,
    "macro_f1": 0.5252000093460083,
    "total_f1": 0.7412319779396057,
    "inf_f1": 0.6112316250801086,
    "perc_f1": 0.40598204731941223,
    "backg_f1": 0.35019147396087646
}