{
    "loss": 0.984375,
    "acc": 0.6305257678031921,
    "macro_f1": 0.5193036794662476,
    "total_f1": 0.7488493323326111,
    "inf_f1": 0.5939980745315552,
    "perc_f1": 0.31455960869789124,
    "backg_f1": 0.3779284954071045
}