{
    "loss": 1.40625,
    "acc": 0.600206196308136,
    "macro_f1": 0.5088760852813721,
    "total_f1": 0.7435088157653809,
    "inf_f1": 0.6034681797027588,
    "perc_f1": 0.3746286928653717,
    "backg_f1": 0.28540104627609253
}