{
    "loss": 1.5859375,
    "acc": 0.655751645565033,
    "macro_f1": 0.5200225114822388,
    "total_f1": 0.7019960880279541,
    "inf_f1": 0.5848075151443481,
    "perc_f1": 0.38484930992126465,
    "backg_f1": 0.29883328080177307
}