{
    "loss": 0.8828125,
    "acc": 0.7133815288543701,
    "macro_f1": 0.5427463054656982,
    "total_f1": 0.7239915132522583,
    "inf_f1": 0.921658992767334,
    "perc_f1": 0.06741572916507721,
    "backg_f1": 0.38663485646247864
}