{
    "loss": 3.859375,
    "acc": 0.7495478987693787,
    "macro_f1": 0.5016921162605286,
    "total_f1": 0.6780551671981812,
    "inf_f1": 0.9209932088851929,
    "perc_f1": 0.08547008782625198,
    "backg_f1": 0.16915422677993774
}