{
    "loss": 2.015625,
    "acc": 0.719710648059845,
    "macro_f1": 0.565852165222168,
    "total_f1": 0.7163515090942383,
    "inf_f1": 0.9293849468231201,
    "perc_f1": 0.22891566157341003,
    "backg_f1": 0.29931971430778503
}