{
    "loss": 1.1171875,
    "acc": 0.6962025165557861,
    "macro_f1": 0.5471416115760803,
    "total_f1": 0.7188841104507446,
    "inf_f1": 0.9212962985038757,
    "perc_f1": 0.16267941892147064,
    "backg_f1": 0.30927833914756775
}