{
    "loss": 0.92578125,
    "acc": 0.6573237180709839,
    "macro_f1": 0.5446285009384155,
    "total_f1": 0.700952410697937,
    "inf_f1": 0.9272727370262146,
    "perc_f1": 0.1592920422554016,
    "backg_f1": 0.36217305064201355
}