{
    "loss": 1.2109375,
    "acc": 0.4683544337749481,
    "macro_f1": 0.35689207911491394,
    "total_f1": 0.6690328121185303,
    "inf_f1": 0.5852272510528564,
    "perc_f1": 0.18611986935138702,
    "backg_f1": 0.0
}