{
    "loss": 0.9375,
    "acc": 0.7034357786178589,
    "macro_f1": 0.5452252626419067,
    "total_f1": 0.7211028337478638,
    "inf_f1": 0.9318181872367859,
    "perc_f1": 0.1118881106376648,
    "backg_f1": 0.3444444537162781
}