{
    "loss": 3.953125,
    "acc": 0.7441229820251465,
    "macro_f1": 0.49303603172302246,
    "total_f1": 0.6736566424369812,
    "inf_f1": 0.9202733635902405,
    "perc_f1": 0.05309734493494034,
    "backg_f1": 0.17061612010002136
}