{
    "loss": 1.796875,
    "acc": 0.7179023623466492,
    "macro_f1": 0.5056184530258179,
    "total_f1": 0.7004608511924744,
    "inf_f1": 0.9082969427108765,
    "perc_f1": 0.043478261679410934,
    "backg_f1": 0.2641509473323822
}