{
    "loss": 1.0546875,
    "acc": 0.6496664881706238,
    "macro_f1": 0.5054299235343933,
    "total_f1": 0.7666923403739929,
    "inf_f1": 0.5658594369888306,
    "perc_f1": 0.24658635258674622,
    "backg_f1": 0.39029809832572937
}