{
    "loss": 1.2265625,
    "acc": 0.6327561736106873,
    "macro_f1": 0.556352436542511,
    "total_f1": 0.739456295967102,
    "inf_f1": 0.6537898778915405,
    "perc_f1": 0.4430869519710541,
    "backg_f1": 0.3491101861000061
}