{
    "loss": 1.3359375,
    "acc": 0.6844303607940674,
    "macro_f1": 0.600348949432373,
    "total_f1": 0.7617642283439636,
    "inf_f1": 0.6521866917610168,
    "perc_f1": 0.4975305497646332,
    "backg_f1": 0.43421053886413574
}