{
    "loss": 1.5546875,
    "acc": 0.7033618688583374,
    "macro_f1": 0.5816091299057007,
    "total_f1": 0.7436054944992065,
    "inf_f1": 0.6465620994567871,
    "perc_f1": 0.48975247144699097,
    "backg_f1": 0.34944239258766174
}