{
    "loss": 1.640625,
    "acc": 0.7092905640602112,
    "macro_f1": 0.5964595079421997,
    "total_f1": 0.7444551587104797,
    "inf_f1": 0.6626582145690918,
    "perc_f1": 0.5060494542121887,
    "backg_f1": 0.3766029179096222
}