{
    "loss": 1.0390625,
    "acc": 0.7065283060073853,
    "macro_f1": 0.5908042192459106,
    "total_f1": 0.7452682852745056,
    "inf_f1": 0.6648998856544495,
    "perc_f1": 0.4912104606628418,
    "backg_f1": 0.3685990273952484
}