{
    "loss": 1.140625,
    "acc": 0.6770868301391602,
    "macro_f1": 0.4454990029335022,
    "total_f1": 0.6138592958450317,
    "inf_f1": 0.6327090859413147,
    "perc_f1": 0.16235828399658203,
    "backg_f1": 0.1652996838092804
}