{
    "loss": 1.09375,
    "acc": 0.6660378575325012,
    "macro_f1": 0.5952792167663574,
    "total_f1": 0.7625536918640137,
    "inf_f1": 0.672897219657898,
    "perc_f1": 0.47009149193763733,
    "backg_f1": 0.43622490763664246
}