{
    "loss": 1.46875,
    "acc": 0.6852828860282898,
    "macro_f1": 0.5903393030166626,
    "total_f1": 0.7546703219413757,
    "inf_f1": 0.6743016839027405,
    "perc_f1": 0.4935842454433441,
    "backg_f1": 0.36902379989624023
}