{
    "loss": 1.2109375,
    "acc": 0.6866169571876526,
    "macro_f1": 0.5997389554977417,
    "total_f1": 0.7757241129875183,
    "inf_f1": 0.6646601557731628,
    "perc_f1": 0.4625031352043152,
    "backg_f1": 0.44774746894836426
}