{
    "loss": 1.109375,
    "acc": 0.5160996913909912,
    "macro_f1": 0.5039553642272949,
    "total_f1": 0.7036558985710144,
    "inf_f1": 0.5943308472633362,
    "perc_f1": 0.45112237334251404,
    "backg_f1": 0.35362517833709717
}