{
    "loss": 0.94140625,
    "acc": 0.6514462232589722,
    "macro_f1": 0.5673388838768005,
    "total_f1": 0.7600972056388855,
    "inf_f1": 0.6349620223045349,
    "perc_f1": 0.42189139127731323,
    "backg_f1": 0.4182470440864563
}