{
    "loss": 1.0390625,
    "acc": 0.6349524259567261,
    "macro_f1": 0.5289307236671448,
    "total_f1": 0.7438606023788452,
    "inf_f1": 0.6347243785858154,
    "perc_f1": 0.4188399016857147,
    "backg_f1": 0.2650492191314697
}