{
    "loss": 1.3515625,
    "acc": 0.6971074938774109,
    "macro_f1": 0.591839611530304,
    "total_f1": 0.7733760476112366,
    "inf_f1": 0.6567828059196472,
    "perc_f1": 0.45951035618782043,
    "backg_f1": 0.41272759437561035
}