{
    "loss": 0.95703125,
    "acc": 0.6357406973838806,
    "macro_f1": 0.5553097724914551,
    "total_f1": 0.7653489112854004,
    "inf_f1": 0.6233479976654053,
    "perc_f1": 0.38865500688552856,
    "backg_f1": 0.4232899248600006
}