{
    "loss": 1.1484375,
    "acc": 0.667697548866272,
    "macro_f1": 0.5919167995452881,
    "total_f1": 0.7803947329521179,
    "inf_f1": 0.6569037437438965,
    "perc_f1": 0.4756399691104889,
    "backg_f1": 0.4228413999080658
}