{
    "loss": 1.3671875,
    "acc": 0.6267660856246948,
    "macro_f1": 0.5331916809082031,
    "total_f1": 0.7456750869750977,
    "inf_f1": 0.6098061800003052,
    "perc_f1": 0.41791045665740967,
    "backg_f1": 0.31946754455566406
}