{
    "loss": 1.0390625,
    "acc": 0.6093626618385315,
    "macro_f1": 0.5126088261604309,
    "total_f1": 0.7531945109367371,
    "inf_f1": 0.6258503198623657,
    "perc_f1": 0.39785367250442505,
    "backg_f1": 0.24335527420043945
}