{
    "loss": 1.6171875,
    "acc": 0.690861701965332,
    "macro_f1": 0.5770849585533142,
    "total_f1": 0.7563012838363647,
    "inf_f1": 0.6553672552108765,
    "perc_f1": 0.483244389295578,
    "backg_f1": 0.33421966433525085
}