{
    "loss": 0.9140625,
    "acc": 0.6662421822547913,
    "macro_f1": 0.5831018090248108,
    "total_f1": 0.7857654094696045,
    "inf_f1": 0.6294438242912292,
    "perc_f1": 0.45792195200920105,
    "backg_f1": 0.4320269525051117
}