{
    "loss": 1.0703125,
    "acc": 0.6749135851860046,
    "macro_f1": 0.5767687559127808,
    "total_f1": 0.7844862937927246,
    "inf_f1": 0.633158266544342,
    "perc_f1": 0.4353709816932678,
    "backg_f1": 0.4085024893283844
}