{
    "loss": 0.95703125,
    "acc": 0.6194287538528442,
    "macro_f1": 0.5563271641731262,
    "total_f1": 0.7594583034515381,
    "inf_f1": 0.6229367852210999,
    "perc_f1": 0.42107653617858887,
    "backg_f1": 0.4211379885673523
}