{
    "loss": 1.265625,
    "acc": 0.6843630075454712,
    "macro_f1": 0.5846865177154541,
    "total_f1": 0.7597159147262573,
    "inf_f1": 0.6635667681694031,
    "perc_f1": 0.4490329325199127,
    "backg_f1": 0.4016636908054352
}