{
    "loss": 1.1484375,
    "acc": 0.6067506670951843,
    "macro_f1": 0.5440618991851807,
    "total_f1": 0.738801896572113,
    "inf_f1": 0.6301647424697876,
    "perc_f1": 0.4451170265674591,
    "backg_f1": 0.35225462913513184
}