{
    "loss": 1.0546875,
    "acc": 0.6572121381759644,
    "macro_f1": 0.5751034021377563,
    "total_f1": 0.76051926612854,
    "inf_f1": 0.6401910781860352,
    "perc_f1": 0.4411899447441101,
    "backg_f1": 0.4161829352378845
}