{
    "loss": 0.99609375,
    "acc": 0.6633430123329163,
    "macro_f1": 0.561568021774292,
    "total_f1": 0.7619936466217041,
    "inf_f1": 0.6459412574768066,
    "perc_f1": 0.4423676133155823,
    "backg_f1": 0.33989500999450684
}