{
    "loss": 1.4140625,
    "acc": 0.6688674688339233,
    "macro_f1": 0.5940613746643066,
    "total_f1": 0.7533584833145142,
    "inf_f1": 0.66957026720047,
    "perc_f1": 0.4807642698287964,
    "backg_f1": 0.4247429668903351
}