{
    "loss": 1.015625,
    "acc": 0.6202923655509949,
    "macro_f1": 0.5256537199020386,
    "total_f1": 0.7659813165664673,
    "inf_f1": 0.5681905746459961,
    "perc_f1": 0.3933102786540985,
    "backg_f1": 0.35718128085136414
}