{
    "loss": 1.5,
    "acc": 0.6783668994903564,
    "macro_f1": 0.5904632806777954,
    "total_f1": 0.7511803507804871,
    "inf_f1": 0.679783284664154,
    "perc_f1": 0.46831080317497253,
    "backg_f1": 0.4000000059604645
}