{
    "loss": 1.5390625,
    "acc": 0.6900895833969116,
    "macro_f1": 0.5887718200683594,
    "total_f1": 0.7532552480697632,
    "inf_f1": 0.6777935028076172,
    "perc_f1": 0.4632989168167114,
    "backg_f1": 0.38641270995140076
}