{
    "loss": 1.546875,
    "acc": 0.6964225769042969,
    "macro_f1": 0.5943346619606018,
    "total_f1": 0.7550173997879028,
    "inf_f1": 0.6815118789672852,
    "perc_f1": 0.46681922674179077,
    "backg_f1": 0.39658185839653015
}