{
    "loss": 1.09375,
    "acc": 0.6784342527389526,
    "macro_f1": 0.46977925300598145,
    "total_f1": 0.6616811156272888,
    "inf_f1": 0.6005054116249084,
    "perc_f1": 0.251911461353302,
    "backg_f1": 0.1993105560541153
}