{
    "loss": 1.4140625,
    "acc": 0.6801859736442566,
    "macro_f1": 0.5854702591896057,
    "total_f1": 0.7522250413894653,
    "inf_f1": 0.6703387498855591,
    "perc_f1": 0.4652976393699646,
    "backg_f1": 0.38856247067451477
}