{
    "loss": 1.3203125,
    "acc": 0.6672505736351013,
    "macro_f1": 0.5838004350662231,
    "total_f1": 0.7538344860076904,
    "inf_f1": 0.6495263576507568,
    "perc_f1": 0.4743432402610779,
    "backg_f1": 0.40762680768966675
}