{
    "loss": 1.203125,
    "acc": 0.6430060267448425,
    "macro_f1": 0.44043463468551636,
    "total_f1": 0.6673346757888794,
    "inf_f1": 0.5607045292854309,
    "perc_f1": 0.3481276035308838,
    "backg_f1": 0.04581742361187935
}