{
    "loss": 1.9921875,
    "acc": 0.686833381652832,
    "macro_f1": 0.5826117992401123,
    "total_f1": 0.733547568321228,
    "inf_f1": 0.6770601272583008,
    "perc_f1": 0.4851885139942169,
    "backg_f1": 0.3462151288986206
}