{
    "loss": 1.75,
    "acc": 0.6892240047454834,
    "macro_f1": 0.5770112872123718,
    "total_f1": 0.7305857539176941,
    "inf_f1": 0.6816561818122864,
    "perc_f1": 0.47156399488449097,
    "backg_f1": 0.3284552991390228
}