{
    "loss": 1.90625,
    "acc": 0.6902047395706177,
    "macro_f1": 0.5771493315696716,
    "total_f1": 0.7442254424095154,
    "inf_f1": 0.6631271839141846,
    "perc_f1": 0.47699928283691406,
    "backg_f1": 0.337615430355072
}