{
    "loss": 1.1015625,
    "acc": 0.4968738555908203,
    "macro_f1": 0.47161194682121277,
    "total_f1": 0.7054657936096191,
    "inf_f1": 0.5333333611488342,
    "perc_f1": 0.39953210949897766,
    "backg_f1": 0.31944262981414795
}