{
    "loss": 1.109375,
    "acc": 0.6519553661346436,
    "macro_f1": 0.5658215880393982,
    "total_f1": 0.7340992093086243,
    "inf_f1": 0.6381001472473145,
    "perc_f1": 0.46742597222328186,
    "backg_f1": 0.364604115486145
}