{
    "loss": 1.171875,
    "acc": 0.5538800954818726,
    "macro_f1": 0.48397210240364075,
    "total_f1": 0.7285605669021606,
    "inf_f1": 0.5451972484588623,
    "perc_f1": 0.3177446126937866,
    "backg_f1": 0.37124183773994446
}