{
    "loss": 1.4140625,
    "acc": 0.6702831983566284,
    "macro_f1": 0.5829704999923706,
    "total_f1": 0.7334054112434387,
    "inf_f1": 0.6880127191543579,
    "perc_f1": 0.4691983163356781,
    "backg_f1": 0.37191933393478394
}