{
    "loss": 1.78125,
    "acc": 0.6799068450927734,
    "macro_f1": 0.5882623791694641,
    "total_f1": 0.7431846857070923,
    "inf_f1": 0.6681551933288574,
    "perc_f1": 0.4744114577770233,
    "backg_f1": 0.39424648880958557
}