{
    "loss": 1.2734375,
    "acc": 0.6498099565505981,
    "macro_f1": 0.5774974226951599,
    "total_f1": 0.7502682209014893,
    "inf_f1": 0.6521969437599182,
    "perc_f1": 0.4622991383075714,
    "backg_f1": 0.4056989848613739
}