{
    "loss": 1.4296875,
    "acc": 0.26605135202407837,
    "macro_f1": 0.23820896446704865,
    "total_f1": 0.5568824410438538,
    "inf_f1": 0.1747020035982132,
    "perc_f1": 0.19131770730018616,
    "backg_f1": 0.22325442731380463
}