{
    "loss": 1.4921875,
    "acc": 0.17004649341106415,
    "macro_f1": 0.1541185975074768,
    "total_f1": 0.5858398675918579,
    "inf_f1": 0.12467636168003082,
    "perc_f1": 0.1421825885772705,
    "backg_f1": 0.27097105979919434
}