{
    "loss": 1.4140625,
    "acc": 0.26861146092414856,
    "macro_f1": 0.24494217336177826,
    "total_f1": 0.5674623250961304,
    "inf_f1": 0.1927546113729477,
    "perc_f1": 0.2043636292219162,
    "backg_f1": 0.22326895594596863
}