{
    "loss": 1.40625,
    "acc": 0.26780301332473755,
    "macro_f1": 0.24368903040885925,
    "total_f1": 0.5650330781936646,
    "inf_f1": 0.19143149256706238,
    "perc_f1": 0.20038022100925446,
    "backg_f1": 0.22446174919605255
}