{
    "loss": 1.4609375,
    "acc": 0.1951088011264801,
    "macro_f1": 0.18667425215244293,
    "total_f1": 0.5732738971710205,
    "inf_f1": 0.14460356533527374,
    "perc_f1": 0.16591523587703705,
    "backg_f1": 0.25419920682907104
}