{
    "loss": 1.4296875,
    "acc": 0.26450178027153015,
    "macro_f1": 0.23502026498317719,
    "total_f1": 0.5535038709640503,
    "inf_f1": 0.16778051853179932,
    "perc_f1": 0.1833265870809555,
    "backg_f1": 0.22466960549354553
}