{
    "loss": 1.421875,
    "acc": 0.27898672223091125,
    "macro_f1": 0.2516023516654968,
    "total_f1": 0.5683789849281311,
    "inf_f1": 0.19704432785511017,
    "perc_f1": 0.20739106833934784,
    "backg_f1": 0.22354228794574738
}