{
    "loss": 1.4140625,
    "acc": 0.2626153826713562,
    "macro_f1": 0.23978769779205322,
    "total_f1": 0.5648142695426941,
    "inf_f1": 0.18407265841960907,
    "perc_f1": 0.19779802858829498,
    "backg_f1": 0.22872261703014374
}