{
    "loss": 1.4453125,
    "acc": 0.2510274350643158,
    "macro_f1": 0.22655002772808075,
    "total_f1": 0.553988516330719,
    "inf_f1": 0.1644580364227295,
    "perc_f1": 0.1781737208366394,
    "backg_f1": 0.22460512816905975
}