{
    "loss": 1.40625,
    "acc": 0.27575287222862244,
    "macro_f1": 0.24895496666431427,
    "total_f1": 0.5664937496185303,
    "inf_f1": 0.1937849223613739,
    "perc_f1": 0.20564515888690948,
    "backg_f1": 0.22267651557922363
}