{
    "loss": 1.421875,
    "acc": 0.26416492462158203,
    "macro_f1": 0.2390148937702179,
    "total_f1": 0.5605261921882629,
    "inf_f1": 0.18048781156539917,
    "perc_f1": 0.19606372714042664,
    "backg_f1": 0.2227979302406311
}