{
    "loss": 1.390625,
    "acc": 0.2768308222293854,
    "macro_f1": 0.24996860325336456,
    "total_f1": 0.5682711601257324,
    "inf_f1": 0.19539427757263184,
    "perc_f1": 0.2059800624847412,
    "backg_f1": 0.22326306998729706
}