{
    "loss": 1.3984375,
    "acc": 0.279121458530426,
    "macro_f1": 0.2516189217567444,
    "total_f1": 0.5688356161117554,
    "inf_f1": 0.19609910249710083,
    "perc_f1": 0.2078445702791214,
    "backg_f1": 0.22344264388084412
}