{
    "loss": 1.46875,
    "acc": 0.17348244786262512,
    "macro_f1": 0.16115650534629822,
    "total_f1": 0.5834442377090454,
    "inf_f1": 0.12918929755687714,
    "perc_f1": 0.14700770378112793,
    "backg_f1": 0.26697206497192383
}