{
    "loss": 1.3984375,
    "acc": 0.27979519963264465,
    "macro_f1": 0.25216686725616455,
    "total_f1": 0.569013774394989,
    "inf_f1": 0.1972275823354721,
    "perc_f1": 0.20832569897174835,
    "backg_f1": 0.22299103438854218
}