{
    "loss": 1.40625,
    "acc": 0.279997318983078,
    "macro_f1": 0.2522479295730591,
    "total_f1": 0.5694706439971924,
    "inf_f1": 0.19673855602741241,
    "perc_f1": 0.20851688086986542,
    "backg_f1": 0.22295597195625305
}