{
    "loss": 1.40625,
    "acc": 0.2724516689777374,
    "macro_f1": 0.24684956669807434,
    "total_f1": 0.5666912794113159,
    "inf_f1": 0.19354838132858276,
    "perc_f1": 0.20461566746234894,
    "backg_f1": 0.2212010771036148
}