{
    "loss": 1.3984375,
    "acc": 0.2793235778808594,
    "macro_f1": 0.2517830431461334,
    "total_f1": 0.5691131353378296,
    "inf_f1": 0.19591979682445526,
    "perc_f1": 0.2076965570449829,
    "backg_f1": 0.22419984638690948
}