{
    "loss": 1.453125,
    "acc": 0.2178804874420166,
    "macro_f1": 0.20682105422019958,
    "total_f1": 0.5617062449455261,
    "inf_f1": 0.15590497851371765,
    "perc_f1": 0.17902813851833344,
    "backg_f1": 0.2342105209827423
}