{
    "loss": 1.40625,
    "acc": 0.27561813592910767,
    "macro_f1": 0.24891385436058044,
    "total_f1": 0.5672627687454224,
    "inf_f1": 0.19319775700569153,
    "perc_f1": 0.206302672624588,
    "backg_f1": 0.22263914346694946
}