{
    "loss": 1.0703125,
    "acc": 0.4828694462776184,
    "macro_f1": 0.4394984245300293,
    "total_f1": 0.7097872495651245,
    "inf_f1": 0.5135264992713928,
    "perc_f1": 0.3058761656284332,
    "backg_f1": 0.3233039677143097
}