{
    "loss": 1.0390625,
    "acc": 0.5983263850212097,
    "macro_f1": 0.502454400062561,
    "total_f1": 0.7411385774612427,
    "inf_f1": 0.497291624546051,
    "perc_f1": 0.36201000213623047,
    "backg_f1": 0.3893384039402008
}