{
    "loss": 1.0703125,
    "acc": 0.5868049263954163,
    "macro_f1": 0.5115455389022827,
    "total_f1": 0.7531396150588989,
    "inf_f1": 0.5660154223442078,
    "perc_f1": 0.3912484049797058,
    "backg_f1": 0.3284929394721985
}