{
    "loss": 1.515625,
    "acc": 0.6710933446884155,
    "macro_f1": 0.5912157297134399,
    "total_f1": 0.773679256439209,
    "inf_f1": 0.6418383717536926,
    "perc_f1": 0.49288618564605713,
    "backg_f1": 0.41440677642822266
}