{
    "loss": 1.125,
    "acc": 0.5497544407844543,
    "macro_f1": 0.5340990424156189,
    "total_f1": 0.7123809456825256,
    "inf_f1": 0.6648663282394409,
    "perc_f1": 0.46571996808052063,
    "backg_f1": 0.3450908064842224
}