{
    "loss": 2.03125,
    "acc": 0.700200080871582,
    "macro_f1": 0.5994381904602051,
    "total_f1": 0.7681865096092224,
    "inf_f1": 0.6725434064865112,
    "perc_f1": 0.4977799654006958,
    "backg_f1": 0.38915470242500305
}