{
    "loss": 1.03125,
    "acc": 0.6389545798301697,
    "macro_f1": 0.5724108815193176,
    "total_f1": 0.7629455327987671,
    "inf_f1": 0.6559281945228577,
    "perc_f1": 0.4255646765232086,
    "backg_f1": 0.4245283007621765
}