{
    "loss": 1.6953125,
    "acc": 0.6969255805015564,
    "macro_f1": 0.5863218307495117,
    "total_f1": 0.7633715271949768,
    "inf_f1": 0.6550060510635376,
    "perc_f1": 0.4508728086948395,
    "backg_f1": 0.3969257175922394
}