{
    "loss": 1.9140625,
    "acc": 0.7217270135879517,
    "macro_f1": 0.6154783964157104,
    "total_f1": 0.7663988471031189,
    "inf_f1": 0.6801573634147644,
    "perc_f1": 0.5300101637840271,
    "backg_f1": 0.40030014514923096
}