{
    "loss": 1.640625,
    "acc": 0.655994176864624,
    "macro_f1": 0.5816327929496765,
    "total_f1": 0.7568902373313904,
    "inf_f1": 0.6643319129943848,
    "perc_f1": 0.462978720664978,
    "backg_f1": 0.4016430974006653
}