{
    "loss": 0.953125,
    "acc": 0.664362370967865,
    "macro_f1": 0.5657322406768799,
    "total_f1": 0.7654541730880737,
    "inf_f1": 0.6330581903457642,
    "perc_f1": 0.4315120577812195,
    "backg_f1": 0.38334694504737854
}