{
    "loss": 1.0,
    "acc": 0.6584197282791138,
    "macro_f1": 0.5392538905143738,
    "total_f1": 0.7489056587219238,
    "inf_f1": 0.6521739363670349,
    "perc_f1": 0.4480229616165161,
    "backg_f1": 0.24052222073078156
}