{
    "loss": 1.1484375,
    "acc": 0.5555757880210876,
    "macro_f1": 0.4046156406402588,
    "total_f1": 0.7066580653190613,
    "inf_f1": 0.4908163249492645,
    "perc_f1": 0.06547866016626358,
    "backg_f1": 0.32130417227745056
}