{
    "loss": 1.140625,
    "acc": 0.5372021198272705,
    "macro_f1": 0.4266340136528015,
    "total_f1": 0.7039350271224976,
    "inf_f1": 0.4706481099128723,
    "perc_f1": 0.2215401828289032,
    "backg_f1": 0.29363134503364563
}