{
    "loss": 1.1875,
    "acc": 0.5634588599205017,
    "macro_f1": 0.4336918294429779,
    "total_f1": 0.7000479698181152,
    "inf_f1": 0.4185110628604889,
    "perc_f1": 0.3342667520046234,
    "backg_f1": 0.22019867599010468
}