{
    "loss": 1.1015625,
    "acc": 0.5884422063827515,
    "macro_f1": 0.5534591674804688,
    "total_f1": 0.7390232682228088,
    "inf_f1": 0.6625093817710876,
    "perc_f1": 0.45158350467681885,
    "backg_f1": 0.3785598576068878
}