{
    "loss": 1.046875,
    "acc": 0.4832332730293274,
    "macro_f1": 0.468396931886673,
    "total_f1": 0.6908320188522339,
    "inf_f1": 0.6398006081581116,
    "perc_f1": 0.3186813294887543,
    "backg_f1": 0.3285127878189087
}