{
    "loss": 1.578125,
    "acc": 0.6866169571876526,
    "macro_f1": 0.5937549471855164,
    "total_f1": 0.7752635478973389,
    "inf_f1": 0.6723241209983826,
    "perc_f1": 0.4941219687461853,
    "backg_f1": 0.3791155219078064
}