{
    "loss": 2.125,
    "acc": 0.684676468372345,
    "macro_f1": 0.5920429229736328,
    "total_f1": 0.7554559707641602,
    "inf_f1": 0.6885964870452881,
    "perc_f1": 0.4783180058002472,
    "backg_f1": 0.3780227601528168
}