{
    "loss": 1.953125,
    "acc": 0.6963798403739929,
    "macro_f1": 0.5890364050865173,
    "total_f1": 0.7518706321716309,
    "inf_f1": 0.6944217681884766,
    "perc_f1": 0.47677624225616455,
    "backg_f1": 0.35116711258888245
}