{
    "loss": 1.671875,
    "acc": 0.6866169571876526,
    "macro_f1": 0.584635317325592,
    "total_f1": 0.7598419189453125,
    "inf_f1": 0.679377019405365,
    "perc_f1": 0.46496397256851196,
    "backg_f1": 0.36411118507385254
}