{
    "loss": 1.3671875,
    "acc": 0.660057008266449,
    "macro_f1": 0.5692858099937439,
    "total_f1": 0.7563600540161133,
    "inf_f1": 0.6528558731079102,
    "perc_f1": 0.4306351840496063,
    "backg_f1": 0.38032886385917664
}