{
    "loss": 1.0234375,
    "acc": 0.6113031506538391,
    "macro_f1": 0.5531333684921265,
    "total_f1": 0.7523530125617981,
    "inf_f1": 0.6536928415298462,
    "perc_f1": 0.4196012020111084,
    "backg_f1": 0.3830421268939972
}