{
    "loss": 1.0546875,
    "acc": 0.6343460083007812,
    "macro_f1": 0.5250173807144165,
    "total_f1": 0.7378882169723511,
    "inf_f1": 0.619408130645752,
    "perc_f1": 0.40495264530181885,
    "backg_f1": 0.28109505772590637
}