{
    "loss": 1.4140625,
    "acc": 0.643684446811676,
    "macro_f1": 0.5696365833282471,
    "total_f1": 0.7526624202728271,
    "inf_f1": 0.6745344996452332,
    "perc_f1": 0.4532831311225891,
    "backg_f1": 0.3576558530330658
}