{
    "loss": 1.796875,
    "acc": 0.6910436153411865,
    "macro_f1": 0.5988879203796387,
    "total_f1": 0.7642311453819275,
    "inf_f1": 0.7043243050575256,
    "perc_f1": 0.46470844745635986,
    "backg_f1": 0.3977920114994049
}