{
    "loss": 1.3671875,
    "acc": 0.5687161087989807,
    "macro_f1": 0.4450509548187256,
    "total_f1": 0.6653266549110413,
    "inf_f1": 0.663239061832428,
    "perc_f1": 0.15615615248680115,
    "backg_f1": 0.23443223536014557
}