{
    "loss": 1.3203125,
    "acc": 0.5886076092720032,
    "macro_f1": 0.29347294569015503,
    "total_f1": 0.4839572310447693,
    "inf_f1": 0.4236641228199005,
    "perc_f1": 0.0,
    "backg_f1": 0.013888888992369175
}