{
    "loss": 1.53125,
    "acc": 0.6862567663192749,
    "macro_f1": 0.45081815123558044,
    "total_f1": 0.6275510191917419,
    "inf_f1": 0.7727272510528564,
    "perc_f1": 0.1034482792019844,
    "backg_f1": 0.1315789520740509
}