{
    "loss": 1.3125,
    "acc": 0.43399637937545776,
    "macro_f1": 0.24724572896957397,
    "total_f1": 0.6407284736633301,
    "inf_f1": 0.39347603917121887,
    "perc_f1": 0.0,
    "backg_f1": 0.02777777798473835
}