{
    "loss": 1.1953125,
    "acc": 0.6754068732261658,
    "macro_f1": 0.45716944336891174,
    "total_f1": 0.641697883605957,
    "inf_f1": 0.760765552520752,
    "perc_f1": 0.1269841343164444,
    "backg_f1": 0.14432989060878754
}