{
    "loss": 1.515625,
    "acc": 0.43580469489097595,
    "macro_f1": 0.3644731640815735,
    "total_f1": 0.6075268983840942,
    "inf_f1": 0.33980581164360046,
    "perc_f1": 0.29004329442977905,
    "backg_f1": 0.2276785671710968
}