{
    "loss": 1.359375,
    "acc": 0.39240506291389465,
    "macro_f1": 0.21933139860630035,
    "total_f1": 0.6029539704322815,
    "inf_f1": 0.0,
    "perc_f1": 0.30805134773254395,
    "backg_f1": 0.0
}