{
    "loss": 2.578125,
    "acc": 0.5632911324501038,
    "macro_f1": 0.405098021030426,
    "total_f1": 0.6148571372032166,
    "inf_f1": 0.3333333432674408,
    "perc_f1": 0.2733812928199768,
    "backg_f1": 0.2657342553138733
}