{
    "loss": 1.34375,
    "acc": 0.3833634853363037,
    "macro_f1": 0.30124735832214355,
    "total_f1": 0.5950413346290588,
    "inf_f1": 0.10084033757448196,
    "perc_f1": 0.2879078686237335,
    "backg_f1": 0.3052631616592407
}