{
    "loss": 1.3359375,
    "acc": 0.36437612771987915,
    "macro_f1": 0.26610058546066284,
    "total_f1": 0.5820379853248596,
    "inf_f1": 0.19806763529777527,
    "perc_f1": 0.27099236845970154,
    "backg_f1": 0.05454545468091965
}