{
    "loss": 1.390625,
    "acc": 0.43761301040649414,
    "macro_f1": 0.2621501088142395,
    "total_f1": 0.5797979831695557,
    "inf_f1": 0.20283976197242737,
    "perc_f1": 0.0,
    "backg_f1": 0.18618617951869965
}