{
    "loss": 2.96875,
    "acc": 0.6030741333961487,
    "macro_f1": 0.40257853269577026,
    "total_f1": 0.5641711354255676,
    "inf_f1": 0.3580246865749359,
    "perc_f1": 0.25757575035095215,
    "backg_f1": 0.21739129722118378
}