{
    "loss": 2.921875,
    "acc": 0.5940325260162354,
    "macro_f1": 0.39653855562210083,
    "total_f1": 0.5718015432357788,
    "inf_f1": 0.3580246865749359,
    "perc_f1": 0.22134387493133545,
    "backg_f1": 0.23361822962760925
}