{
    "loss": 2.265625,
    "acc": 0.5072332620620728,
    "macro_f1": 0.40494704246520996,
    "total_f1": 0.6166008114814758,
    "inf_f1": 0.3378378450870514,
    "perc_f1": 0.3232323229312897,
    "backg_f1": 0.28205129504203796
}