{
    "loss": 1.5703125,
    "acc": 0.27848100662231445,
    "macro_f1": 0.2380710244178772,
    "total_f1": 0.5770393013954163,
    "inf_f1": 0.19120459258556366,
    "perc_f1": 0.11374407261610031,
    "backg_f1": 0.27796611189842224
}