{
    "loss": 1.375,
    "acc": 0.28936198353767395,
    "macro_f1": 0.26395756006240845,
    "total_f1": 0.5814164280891418,
    "inf_f1": 0.23166154325008392,
    "perc_f1": 0.22525036334991455,
    "backg_f1": 0.21274355053901672
}