{
    "loss": 1.328125,
    "acc": 0.3824024796485901,
    "macro_f1": 0.3263455629348755,
    "total_f1": 0.6050576567649841,
    "inf_f1": 0.2995966374874115,
    "perc_f1": 0.2506738603115082,
    "backg_f1": 0.22530075907707214
}