{
    "loss": 1.34375,
    "acc": 0.3660984933376312,
    "macro_f1": 0.31243008375167847,
    "total_f1": 0.5913387537002563,
    "inf_f1": 0.27014756202697754,
    "perc_f1": 0.24242424964904785,
    "backg_f1": 0.22718480229377747
}