{
    "loss": 1.3984375,
    "acc": 0.2971097528934479,
    "macro_f1": 0.26091963052749634,
    "total_f1": 0.5650722980499268,
    "inf_f1": 0.19571983814239502,
    "perc_f1": 0.20408163964748383,
    "backg_f1": 0.23324629664421082
}