{
    "loss": 1.3359375,
    "acc": 0.37708011269569397,
    "macro_f1": 0.32024145126342773,
    "total_f1": 0.5965633392333984,
    "inf_f1": 0.2876480519771576,
    "perc_f1": 0.24764369428157806,
    "backg_f1": 0.22130532562732697
}