{
    "loss": 1.3203125,
    "acc": 0.38462576270103455,
    "macro_f1": 0.32766109704971313,
    "total_f1": 0.6040694713592529,
    "inf_f1": 0.29918336868286133,
    "perc_f1": 0.2500966489315033,
    "backg_f1": 0.228716641664505
}