{
    "loss": 1.3203125,
    "acc": 0.3819982409477234,
    "macro_f1": 0.326119065284729,
    "total_f1": 0.6051409244537354,
    "inf_f1": 0.29798904061317444,
    "perc_f1": 0.2497587352991104,
    "backg_f1": 0.2275209277868271
}