{
    "loss": 1.328125,
    "acc": 0.38206562399864197,
    "macro_f1": 0.32640883326530457,
    "total_f1": 0.6018886566162109,
    "inf_f1": 0.29729729890823364,
    "perc_f1": 0.2506646513938904,
    "backg_f1": 0.22919656336307526
}