{
    "loss": 1.328125,
    "acc": 0.3811897933483124,
    "macro_f1": 0.3255766034126282,
    "total_f1": 0.6028280854225159,
    "inf_f1": 0.296074777841568,
    "perc_f1": 0.2506676912307739,
    "backg_f1": 0.22776572406291962
}