{
    "loss": 1.359375,
    "acc": 0.34817758202552795,
    "macro_f1": 0.29737943410873413,
    "total_f1": 0.578407883644104,
    "inf_f1": 0.24921774864196777,
    "perc_f1": 0.23340348899364471,
    "backg_f1": 0.21977631747722626
}