{
    "loss": 1.34375,
    "acc": 0.34945765137672424,
    "macro_f1": 0.3025752902030945,
    "total_f1": 0.5871937870979309,
    "inf_f1": 0.2612380385398865,
    "perc_f1": 0.23865988850593567,
    "backg_f1": 0.2263954132795334
}