{
    "loss": 1.4296875,
    "acc": 0.2571582496166229,
    "macro_f1": 0.23231707513332367,
    "total_f1": 0.5578362345695496,
    "inf_f1": 0.18453021347522736,
    "perc_f1": 0.19261695444583893,
    "backg_f1": 0.19925807416439056
}