{
    "loss": 1.3359375,
    "acc": 0.3857710659503937,
    "macro_f1": 0.324010968208313,
    "total_f1": 0.5925738215446472,
    "inf_f1": 0.28014326095581055,
    "perc_f1": 0.24876001477241516,
    "backg_f1": 0.22959738969802856
}