{
    "loss": 1.3359375,
    "acc": 0.38125714659690857,
    "macro_f1": 0.324928343296051,
    "total_f1": 0.5991902947425842,
    "inf_f1": 0.2899159789085388,
    "perc_f1": 0.24894997477531433,
    "backg_f1": 0.2329331636428833
}