{
    "loss": 1.3203125,
    "acc": 0.38246986269950867,
    "macro_f1": 0.3264172375202179,
    "total_f1": 0.6037361025810242,
    "inf_f1": 0.29733726382255554,
    "perc_f1": 0.2509210705757141,
    "backg_f1": 0.22782984375953674
}