{
    "loss": 1.15625,
    "acc": 0.5315626859664917,
    "macro_f1": 0.5260518789291382,
    "total_f1": 0.7097198367118835,
    "inf_f1": 0.6710261702537537,
    "perc_f1": 0.4443027079105377,
    "backg_f1": 0.34808075428009033
}