{
    "loss": 1.0859375,
    "acc": 0.6122127175331116,
    "macro_f1": 0.5093268156051636,
    "total_f1": 0.733524739742279,
    "inf_f1": 0.6055001020431519,
    "perc_f1": 0.39333128929138184,
    "backg_f1": 0.2601366639137268
}