{
    "loss": 1.046875,
    "acc": 0.5108240842819214,
    "macro_f1": 0.48486071825027466,
    "total_f1": 0.698329508304596,
    "inf_f1": 0.6250759363174438,
    "perc_f1": 0.3456980884075165,
    "backg_f1": 0.3455100655555725
}