{
    "loss": 1.046875,
    "acc": 0.6240373253822327,
    "macro_f1": 0.5567396879196167,
    "total_f1": 0.7512040734291077,
    "inf_f1": 0.6508350968360901,
    "perc_f1": 0.40009209513664246,
    "backg_f1": 0.40426090359687805
}