{
    "loss": 1.328125,
    "acc": 0.5706748962402344,
    "macro_f1": 0.5445588827133179,
    "total_f1": 0.7195969223976135,
    "inf_f1": 0.6780952215194702,
    "perc_f1": 0.4115375876426697,
    "backg_f1": 0.3967355787754059
}