{
    "loss": 1.0859375,
    "acc": 0.6663747429847717,
    "macro_f1": 0.4556143283843994,
    "total_f1": 0.6768555045127869,
    "inf_f1": 0.5844019055366516,
    "perc_f1": 0.23010244965553284,
    "backg_f1": 0.18399496376514435
}