{
    "loss": 1.2734375,
    "acc": 0.6732466220855713,
    "macro_f1": 0.5884985327720642,
    "total_f1": 0.7632790803909302,
    "inf_f1": 0.6707070469856262,
    "perc_f1": 0.47881773114204407,
    "backg_f1": 0.38960567116737366
}