{
    "loss": 1.15625,
    "acc": 0.6152395009994507,
    "macro_f1": 0.5495034456253052,
    "total_f1": 0.7340739965438843,
    "inf_f1": 0.6471536159515381,
    "perc_f1": 0.4477669298648834,
    "backg_f1": 0.34766143560409546
}