{
    "loss": 0.99609375,
    "acc": 0.6188775897026062,
    "macro_f1": 0.5245038270950317,
    "total_f1": 0.7624877095222473,
    "inf_f1": 0.5660377144813538,
    "perc_f1": 0.3978091776371002,
    "backg_f1": 0.35236895084381104
}