{
    "loss": 0.98828125,
    "acc": 0.6702148914337158,
    "macro_f1": 0.5696677565574646,
    "total_f1": 0.7541292905807495,
    "inf_f1": 0.657253623008728,
    "perc_f1": 0.4406924545764923,
    "backg_f1": 0.36491069197654724
}