{
    "loss": 1.0625,
    "acc": 0.668732762336731,
    "macro_f1": 0.5914954543113708,
    "total_f1": 0.7615540623664856,
    "inf_f1": 0.648479163646698,
    "perc_f1": 0.47236424684524536,
    "backg_f1": 0.4388620853424072
}