{
    "loss": 1.1484375,
    "acc": 0.6704170107841492,
    "macro_f1": 0.4429531991481781,
    "total_f1": 0.6667988300323486,
    "inf_f1": 0.5783027410507202,
    "perc_f1": 0.16420504450798035,
    "backg_f1": 0.20087064802646637
}