{
    "loss": 1.15625,
    "acc": 0.6536414623260498,
    "macro_f1": 0.5613133907318115,
    "total_f1": 0.7338051199913025,
    "inf_f1": 0.641573965549469,
    "perc_f1": 0.4431740343570709,
    "backg_f1": 0.36392849683761597
}