{
    "loss": 1.28125,
    "acc": 0.6374722123146057,
    "macro_f1": 0.5470445156097412,
    "total_f1": 0.7113979458808899,
    "inf_f1": 0.6399276256561279,
    "perc_f1": 0.452347069978714,
    "backg_f1": 0.31654053926467896
}