{
    "loss": 0.97265625,
    "acc": 0.6802533268928528,
    "macro_f1": 0.5859915614128113,
    "total_f1": 0.7647241353988647,
    "inf_f1": 0.6412715911865234,
    "perc_f1": 0.4799298048019409,
    "backg_f1": 0.40283140540122986
}