{
    "loss": 1.03125,
    "acc": 0.59987872838974,
    "macro_f1": 0.49960091710090637,
    "total_f1": 0.7459444403648376,
    "inf_f1": 0.5301249027252197,
    "perc_f1": 0.37291115522384644,
    "backg_f1": 0.3276347815990448
}