{
    "loss": 1.0,
    "acc": 0.5624279975891113,
    "macro_f1": 0.508502721786499,
    "total_f1": 0.7373488545417786,
    "inf_f1": 0.6101970076560974,
    "perc_f1": 0.3421646058559418,
    "backg_f1": 0.3766985833644867
}