{
    "loss": 1.0625,
    "acc": 0.683221161365509,
    "macro_f1": 0.5366222858428955,
    "total_f1": 0.7200390696525574,
    "inf_f1": 0.6356107592582703,
    "perc_f1": 0.38014838099479675,
    "backg_f1": 0.2970340847969055
}