{
    "loss": 1.0703125,
    "acc": 0.508701741695404,
    "macro_f1": 0.4623737931251526,
    "total_f1": 0.7117291688919067,
    "inf_f1": 0.535029411315918,
    "perc_f1": 0.35408997535705566,
    "backg_f1": 0.30879878997802734
}