{
    "loss": 1.0078125,
    "acc": 0.6486559510231018,
    "macro_f1": 0.522977352142334,
    "total_f1": 0.7651855945587158,
    "inf_f1": 0.5795142650604248,
    "perc_f1": 0.30478671193122864,
    "backg_f1": 0.39360299706459045
}