{
    "loss": 1.0625,
    "acc": 0.6923128962516785,
    "macro_f1": 0.5891914367675781,
    "total_f1": 0.7669583559036255,
    "inf_f1": 0.6488508582115173,
    "perc_f1": 0.45791950821876526,
    "backg_f1": 0.4184904992580414
}