{
    "loss": 0.96875,
    "acc": 0.6349794268608093,
    "macro_f1": 0.5544447898864746,
    "total_f1": 0.762184202671051,
    "inf_f1": 0.6512627601623535,
    "perc_f1": 0.41637542843818665,
    "backg_f1": 0.3616218864917755
}