{
    "loss": 0.9921875,
    "acc": 0.6303308010101318,
    "macro_f1": 0.5668177604675293,
    "total_f1": 0.7490444183349609,
    "inf_f1": 0.6530817747116089,
    "perc_f1": 0.4233907461166382,
    "backg_f1": 0.42685770988464355
}