{
    "loss": 1.0078125,
    "acc": 0.7011385560035706,
    "macro_f1": 0.5948162078857422,
    "total_f1": 0.7672541737556458,
    "inf_f1": 0.656205415725708,
    "perc_f1": 0.47621431946754456,
    "backg_f1": 0.40792590379714966
}