{
    "loss": 1.3125,
    "acc": 0.43394193053245544,
    "macro_f1": 0.3266403377056122,
    "total_f1": 0.6212919354438782,
    "inf_f1": 0.3347138464450836,
    "perc_f1": 0.2797833979129791,
    "backg_f1": 0.07892140746116638
}