{
    "loss": 1.125,
    "acc": 0.6805227994918823,
    "macro_f1": 0.45832526683807373,
    "total_f1": 0.6851559281349182,
    "inf_f1": 0.6065535545349121,
    "perc_f1": 0.13450834155082703,
    "backg_f1": 0.2553770840167999
}