{
    "loss": 1.03125,
    "acc": 0.6839587688446045,
    "macro_f1": 0.576983630657196,
    "total_f1": 0.7436405420303345,
    "inf_f1": 0.6462293267250061,
    "perc_f1": 0.4564369320869446,
    "backg_f1": 0.38185253739356995
}