{
    "loss": 1.4296875,
    "acc": 0.6572795510292053,
    "macro_f1": 0.5879428386688232,
    "total_f1": 0.7374157905578613,
    "inf_f1": 0.6854934692382812,
    "perc_f1": 0.49432405829429626,
    "backg_f1": 0.38251549005508423
}