{
    "loss": 1.0390625,
    "acc": 0.5901771783828735,
    "macro_f1": 0.4928427040576935,
    "total_f1": 0.7475774884223938,
    "inf_f1": 0.5497540831565857,
    "perc_f1": 0.30938857793807983,
    "backg_f1": 0.3549107015132904
}