{
    "loss": 1.15625,
    "acc": 0.6924476027488708,
    "macro_f1": 0.6087756156921387,
    "total_f1": 0.7624684572219849,
    "inf_f1": 0.6812577247619629,
    "perc_f1": 0.4914017617702484,
    "backg_f1": 0.4393559992313385
}