{
    "loss": 1.25,
    "acc": 0.659300684928894,
    "macro_f1": 0.5815320611000061,
    "total_f1": 0.7387483716011047,
    "inf_f1": 0.6820604205131531,
    "perc_f1": 0.48161277174949646,
    "backg_f1": 0.3684311807155609
}