{
    "loss": 1.0546875,
    "acc": 0.6025736331939697,
    "macro_f1": 0.5134973526000977,
    "total_f1": 0.7375665307044983,
    "inf_f1": 0.6004534959793091,
    "perc_f1": 0.3578777611255646,
    "backg_f1": 0.33291032910346985
}