{
    "loss": 1.0,
    "acc": 0.6458936929702759,
    "macro_f1": 0.5630910992622375,
    "total_f1": 0.7549113631248474,
    "inf_f1": 0.6432214975357056,
    "perc_f1": 0.4337656795978546,
    "backg_f1": 0.3823358416557312
}