{
    "loss": 1.03125,
    "acc": 0.6280401349067688,
    "macro_f1": 0.5662440657615662,
    "total_f1": 0.7522642016410828,
    "inf_f1": 0.6542523503303528,
    "perc_f1": 0.4274028539657593,
    "backg_f1": 0.41525423526763916
}