{
    "loss": 1.421875,
    "acc": 0.29717710614204407,
    "macro_f1": 0.2532305121421814,
    "total_f1": 0.5504741072654724,
    "inf_f1": 0.1754966825246811,
    "perc_f1": 0.20330969989299774,
    "backg_f1": 0.20920784771442413
}