{
    "loss": 1.046875,
    "acc": 0.6039884090423584,
    "macro_f1": 0.5438823699951172,
    "total_f1": 0.738182783126831,
    "inf_f1": 0.6446115374565125,
    "perc_f1": 0.40473276376724243,
    "backg_f1": 0.38238340616226196
}