{
    "loss": 0.96875,
    "acc": 0.6285791397094727,
    "macro_f1": 0.546394944190979,
    "total_f1": 0.7587513327598572,
    "inf_f1": 0.6188441514968872,
    "perc_f1": 0.36996519565582275,
    "backg_f1": 0.4196335971355438
}