{
    "loss": 1.4609375,
    "acc": 0.19706258177757263,
    "macro_f1": 0.19026640057563782,
    "total_f1": 0.5705711841583252,
    "inf_f1": 0.150106742978096,
    "perc_f1": 0.16894087195396423,
    "backg_f1": 0.24333101511001587
}