{
    "loss": 1.359375,
    "acc": 0.2768308222293854,
    "macro_f1": 0.2614460289478302,
    "total_f1": 0.5941728353500366,
    "inf_f1": 0.2519712746143341,
    "perc_f1": 0.2413311004638672,
    "backg_f1": 0.20735052227973938
}