{
    "loss": 1.1953125,
    "acc": 0.47577983140945435,
    "macro_f1": 0.405246764421463,
    "total_f1": 0.6784353852272034,
    "inf_f1": 0.4411611258983612,
    "perc_f1": 0.27420774102211,
    "backg_f1": 0.2689414918422699
}