{
    "loss": 1.34375,
    "acc": 0.515529215335846,
    "macro_f1": 0.3861545920372009,
    "total_f1": 0.6173754930496216,
    "inf_f1": 0.25822168588638306,
    "perc_f1": 0.2761484682559967,
    "backg_f1": 0.3171933889389038
}