{
    "loss": 1.671875,
    "acc": 0.6678187847137451,
    "macro_f1": 0.5462120771408081,
    "total_f1": 0.7181437015533447,
    "inf_f1": 0.6394597887992859,
    "perc_f1": 0.43873336911201477,
    "backg_f1": 0.2873877286911011
}