{
    "loss": 1.0,
    "acc": 0.5949912071228027,
    "macro_f1": 0.5152667760848999,
    "total_f1": 0.7553107738494873,
    "inf_f1": 0.585946798324585,
    "perc_f1": 0.3197025954723358,
    "backg_f1": 0.4010583460330963
}