{
    "loss": 1.265625,
    "acc": 0.6738221049308777,
    "macro_f1": 0.5717452764511108,
    "total_f1": 0.7690330147743225,
    "inf_f1": 0.6133255958557129,
    "perc_f1": 0.4578492045402527,
    "backg_f1": 0.3861963152885437
}