{
    "loss": 0.9609375,
    "acc": 0.5923230648040771,
    "macro_f1": 0.542779803276062,
    "total_f1": 0.7449364066123962,
    "inf_f1": 0.661149799823761,
    "perc_f1": 0.3914017081260681,
    "backg_f1": 0.389351487159729
}