{
    "loss": 1.0234375,
    "acc": 0.6801285743713379,
    "macro_f1": 0.5289928913116455,
    "total_f1": 0.7287732362747192,
    "inf_f1": 0.6362630128860474,
    "perc_f1": 0.36603376269340515,
    "backg_f1": 0.2813883125782013
}