{
    "loss": 1.0546875,
    "acc": 0.5926868915557861,
    "macro_f1": 0.5382703542709351,
    "total_f1": 0.7371394038200378,
    "inf_f1": 0.6536248326301575,
    "perc_f1": 0.37855228781700134,
    "backg_f1": 0.3885580897331238
}