{
    "loss": 1.3515625,
    "acc": 0.5741919875144958,
    "macro_f1": 0.5248181819915771,
    "total_f1": 0.7372360825538635,
    "inf_f1": 0.6112682223320007,
    "perc_f1": 0.4099891483783722,
    "backg_f1": 0.3608965575695038
}