{
    "loss": 1.2265625,
    "acc": 0.5701003670692444,
    "macro_f1": 0.42366060614585876,
    "total_f1": 0.6549605131149292,
    "inf_f1": 0.4923577308654785,
    "perc_f1": 0.3447854518890381,
    "backg_f1": 0.10946643352508545
}