{
    "loss": 1.078125,
    "acc": 0.6257495284080505,
    "macro_f1": 0.565689206123352,
    "total_f1": 0.7517856955528259,
    "inf_f1": 0.6547972559928894,
    "perc_f1": 0.4393458664417267,
    "backg_f1": 0.40754011273384094
}