{
    "loss": 1.0390625,
    "acc": 0.6822744607925415,
    "macro_f1": 0.5923787355422974,
    "total_f1": 0.7577258944511414,
    "inf_f1": 0.6753911972045898,
    "perc_f1": 0.46861714124679565,
    "backg_f1": 0.40707284212112427
}