{
    "loss": 0.9453125,
    "acc": 0.6877989768981934,
    "macro_f1": 0.6051490902900696,
    "total_f1": 0.7753855586051941,
    "inf_f1": 0.7000283002853394,
    "perc_f1": 0.47544366121292114,
    "backg_f1": 0.4224814474582672
}