{
    "loss": 0.98828125,
    "acc": 0.6749309301376343,
    "macro_f1": 0.5555540919303894,
    "total_f1": 0.7765219211578369,
    "inf_f1": 0.6062812805175781,
    "perc_f1": 0.3631663918495178,
    "backg_f1": 0.4228464365005493
}