{
    "loss": 1.3046875,
    "acc": 0.663634717464447,
    "macro_f1": 0.584775447845459,
    "total_f1": 0.7712181806564331,
    "inf_f1": 0.6672231554985046,
    "perc_f1": 0.4423156976699829,
    "backg_f1": 0.4190097749233246
}