{
    "loss": 1.0078125,
    "acc": 0.5864410996437073,
    "macro_f1": 0.523589015007019,
    "total_f1": 0.7404260635375977,
    "inf_f1": 0.631208598613739,
    "perc_f1": 0.35775861144065857,
    "backg_f1": 0.3720145523548126
}