{
    "loss": 1.1015625,
    "acc": 0.5980837941169739,
    "macro_f1": 0.4968366026878357,
    "total_f1": 0.7409780621528625,
    "inf_f1": 0.5719500780105591,
    "perc_f1": 0.3945767879486084,
    "backg_f1": 0.24483847618103027
}