{
    "loss": 1.6484375,
    "acc": 0.6911648511886597,
    "macro_f1": 0.6012125611305237,
    "total_f1": 0.7711355090141296,
    "inf_f1": 0.6944588422775269,
    "perc_f1": 0.47733500599861145,
    "backg_f1": 0.4047016203403473
}