{
    "loss": 1.0078125,
    "acc": 0.652416467666626,
    "macro_f1": 0.5584684610366821,
    "total_f1": 0.7645395994186401,
    "inf_f1": 0.6669689416885376,
    "perc_f1": 0.3911832869052887,
    "backg_f1": 0.3687041699886322
}