{
    "loss": 1.9609375,
    "acc": 0.6981990337371826,
    "macro_f1": 0.600315511226654,
    "total_f1": 0.7679824829101562,
    "inf_f1": 0.6770862340927124,
    "perc_f1": 0.4523198902606964,
    "backg_f1": 0.4362947642803192
}