{
    "loss": 1.5703125,
    "acc": 0.69219571352005,
    "macro_f1": 0.6019420623779297,
    "total_f1": 0.7765882611274719,
    "inf_f1": 0.6794126033782959,
    "perc_f1": 0.4427596628665924,
    "backg_f1": 0.4544632136821747
}