{
    "loss": 1.125,
    "acc": 0.6391364932060242,
    "macro_f1": 0.5709084272384644,
    "total_f1": 0.76402348279953,
    "inf_f1": 0.661055862903595,
    "perc_f1": 0.42884907126426697,
    "backg_f1": 0.40779146552085876
}