{
    "loss": 1.3828125,
    "acc": 0.6544175744056702,
    "macro_f1": 0.5824044942855835,
    "total_f1": 0.7591423392295837,
    "inf_f1": 0.6737913489341736,
    "perc_f1": 0.45858585834503174,
    "backg_f1": 0.4032258093357086
}