{
    "loss": 0.9921875,
    "acc": 0.6221787929534912,
    "macro_f1": 0.5502867698669434,
    "total_f1": 0.7568016648292542,
    "inf_f1": 0.6267503499984741,
    "perc_f1": 0.41045650839805603,
    "backg_f1": 0.39443692564964294
}