{
    "loss": 1.0,
    "acc": 0.6365963816642761,
    "macro_f1": 0.5556108951568604,
    "total_f1": 0.7644394040107727,
    "inf_f1": 0.6260009407997131,
    "perc_f1": 0.39927732944488525,
    "backg_f1": 0.4110744297504425
}