{
    "loss": 1.265625,
    "acc": 0.36717644333839417,
    "macro_f1": 0.33881574869155884,
    "total_f1": 0.6255557537078857,
    "inf_f1": 0.392396479845047,
    "perc_f1": 0.2790807783603668,
    "backg_f1": 0.20816509425640106
}