{
    "loss": 1.1953125,
    "acc": 0.6388869881629944,
    "macro_f1": 0.5089282393455505,
    "total_f1": 0.6997485160827637,
    "inf_f1": 0.5106241703033447,
    "perc_f1": 0.35515546798706055,
    "backg_f1": 0.37166792154312134
}