{
    "loss": 1.0234375,
    "acc": 0.6398302316665649,
    "macro_f1": 0.5686626434326172,
    "total_f1": 0.7583522200584412,
    "inf_f1": 0.6466203927993774,
    "perc_f1": 0.4267260432243347,
    "backg_f1": 0.4207412600517273
}