{
    "loss": 1.3515625,
    "acc": 0.33113253116607666,
    "macro_f1": 0.2929840087890625,
    "total_f1": 0.5923134684562683,
    "inf_f1": 0.23804971575737,
    "perc_f1": 0.2191055864095688,
    "backg_f1": 0.28036177158355713
}