{
    "loss": 1.0078125,
    "acc": 0.6278380155563354,
    "macro_f1": 0.5612120032310486,
    "total_f1": 0.7591543197631836,
    "inf_f1": 0.6327826976776123,
    "perc_f1": 0.42964231967926025,
    "backg_f1": 0.4115843176841736
}