{
    "loss": 0.99609375,
    "acc": 0.6184733510017395,
    "macro_f1": 0.5416916608810425,
    "total_f1": 0.7618784308433533,
    "inf_f1": 0.6131352782249451,
    "perc_f1": 0.4080115556716919,
    "backg_f1": 0.3723723590373993
}