{
    "loss": 1.4453125,
    "acc": 0.2684093415737152,
    "macro_f1": 0.23274202644824982,
    "total_f1": 0.5416495203971863,
    "inf_f1": 0.1702614426612854,
    "perc_f1": 0.1919029802083969,
    "backg_f1": 0.18395155668258667
}