{
    "loss": 1.0390625,
    "acc": 0.6380111575126648,
    "macro_f1": 0.5699346661567688,
    "total_f1": 0.7552289366722107,
    "inf_f1": 0.6476545929908752,
    "perc_f1": 0.4342300295829773,
    "backg_f1": 0.4208487272262573
}