{
    "loss": 0.99609375,
    "acc": 0.6496664881706238,
    "macro_f1": 0.5733835697174072,
    "total_f1": 0.7635709047317505,
    "inf_f1": 0.6430235505104065,
    "perc_f1": 0.4414009749889374,
    "backg_f1": 0.4170105755329132
}