{
    "loss": 1.3046875,
    "acc": 0.390150249004364,
    "macro_f1": 0.32813724875450134,
    "total_f1": 0.6217731237411499,
    "inf_f1": 0.3357371687889099,
    "perc_f1": 0.27017098665237427,
    "backg_f1": 0.16290244460105896
}