{
    "loss": 1.171875,
    "acc": 0.6399649381637573,
    "macro_f1": 0.5788785219192505,
    "total_f1": 0.7537032961845398,
    "inf_f1": 0.6541946530342102,
    "perc_f1": 0.46440768241882324,
    "backg_f1": 0.41999709606170654
}