{
    "loss": 1.203125,
    "acc": 0.7012059688568115,
    "macro_f1": 0.5857664346694946,
    "total_f1": 0.7420846223831177,
    "inf_f1": 0.6595004796981812,
    "perc_f1": 0.47822603583335876,
    "backg_f1": 0.3676244914531708
}