{
    "loss": 1.0,
    "acc": 0.5255675911903381,
    "macro_f1": 0.5045556426048279,
    "total_f1": 0.702857494354248,
    "inf_f1": 0.6463384032249451,
    "perc_f1": 0.3994065225124359,
    "backg_f1": 0.33991536498069763
}