{
    "loss": 1.3046875,
    "acc": 0.6640167236328125,
    "macro_f1": 0.5794198513031006,
    "total_f1": 0.7459149956703186,
    "inf_f1": 0.6649153828620911,
    "perc_f1": 0.4717710614204407,
    "backg_f1": 0.3766048550605774
}