{
    "loss": 1.03125,
    "acc": 0.6407060623168945,
    "macro_f1": 0.5280752182006836,
    "total_f1": 0.7358446717262268,
    "inf_f1": 0.5803336501121521,
    "perc_f1": 0.3742941617965698,
    "backg_f1": 0.3629409372806549
}