{
    "loss": 1.0703125,
    "acc": 0.6704263091087341,
    "macro_f1": 0.4998985826969147,
    "total_f1": 0.7181597948074341,
    "inf_f1": 0.617314338684082,
    "perc_f1": 0.4076097905635834,
    "backg_f1": 0.14425066113471985
}