{
    "loss": 1.0078125,
    "acc": 0.5969316363334656,
    "macro_f1": 0.533581018447876,
    "total_f1": 0.7447801232337952,
    "inf_f1": 0.6008352041244507,
    "perc_f1": 0.41816624999046326,
    "backg_f1": 0.3642147183418274
}