{
    "loss": 1.4375,
    "acc": 0.6028136610984802,
    "macro_f1": 0.5346564650535583,
    "total_f1": 0.7083250880241394,
    "inf_f1": 0.5625619292259216,
    "perc_f1": 0.49783360958099365,
    "backg_f1": 0.32522064447402954
}