{
    "loss": 1.2890625,
    "acc": 0.5798314213752747,
    "macro_f1": 0.5204694271087646,
    "total_f1": 0.7399188876152039,
    "inf_f1": 0.6270864009857178,
    "perc_f1": 0.3758024573326111,
    "backg_f1": 0.3478260934352875
}