{
    "loss": 1.0,
    "acc": 0.5574555993080139,
    "macro_f1": 0.5050780773162842,
    "total_f1": 0.7335695624351501,
    "inf_f1": 0.5816954374313354,
    "perc_f1": 0.36423009634017944,
    "backg_f1": 0.37547171115875244
}