{
    "loss": 1.1328125,
    "acc": 0.652052640914917,
    "macro_f1": 0.5623332262039185,
    "total_f1": 0.7507925629615784,
    "inf_f1": 0.5960969924926758,
    "perc_f1": 0.455078125,
    "backg_f1": 0.39391353726387024
}