{
    "loss": 1.0625,
    "acc": 0.5585470795631409,
    "macro_f1": 0.4810187816619873,
    "total_f1": 0.7279433608055115,
    "inf_f1": 0.5387840867042542,
    "perc_f1": 0.31492310762405396,
    "backg_f1": 0.3531230688095093
}