{
    "loss": 1.3125,
    "acc": 0.5221282243728638,
    "macro_f1": 0.3953898549079895,
    "total_f1": 0.6077534556388855,
    "inf_f1": 0.347089946269989,
    "perc_f1": 0.30135858058929443,
    "backg_f1": 0.2358531355857849
}