{
    "loss": 1.546875,
    "acc": 0.49049896001815796,
    "macro_f1": 0.38863977789878845,
    "total_f1": 0.6099618077278137,
    "inf_f1": 0.34348785877227783,
    "perc_f1": 0.2894414961338043,
    "backg_f1": 0.26088470220565796
}