{
    "loss": 1.515625,
    "acc": 0.5077234506607056,
    "macro_f1": 0.39331167936325073,
    "total_f1": 0.6119239926338196,
    "inf_f1": 0.34554430842399597,
    "perc_f1": 0.29003629088401794,
    "backg_f1": 0.25296443700790405
}