{
    "loss": 1.4609375,
    "acc": 0.3566875159740448,
    "macro_f1": 0.29709210991859436,
    "total_f1": 0.5607746243476868,
    "inf_f1": 0.248566672205925,
    "perc_f1": 0.24017466604709625,
    "backg_f1": 0.19848155975341797
}