{
    "loss": 1.3203125,
    "acc": 0.39481428265571594,
    "macro_f1": 0.3604321777820587,
    "total_f1": 0.6321511268615723,
    "inf_f1": 0.35031458735466003,
    "perc_f1": 0.2905569076538086,
    "backg_f1": 0.2874380052089691
}