{
    "loss": 1.3203125,
    "acc": 0.3989824652671814,
    "macro_f1": 0.3444432020187378,
    "total_f1": 0.612668514251709,
    "inf_f1": 0.2997553050518036,
    "perc_f1": 0.2926829159259796,
    "backg_f1": 0.24623802304267883
}