{
    "loss": 1.359375,
    "acc": 0.499877393245697,
    "macro_f1": 0.40264666080474854,
    "total_f1": 0.6232157945632935,
    "inf_f1": 0.32714322209358215,
    "perc_f1": 0.31153595447540283,
    "backg_f1": 0.3063592314720154
}