{
    "loss": 0.625,
    "acc": 0.7987278699874878,
    "total_f1": 0.7450255155563354
}