{
    "loss": 0.4296875,
    "acc": 0.7951256036758423,
    "total_f1": 0.7468217611312866
}