{
    "loss": 0.5234375,
    "acc": 0.7608554363250732,
    "total_f1": 0.6552836894989014
}