{
    "loss": 0.5546875,
    "acc": 0.8115142583847046,
    "total_f1": 0.744231104850769
}