{
    "loss": 0.46484375,
    "acc": 0.77951580286026,
    "total_f1": 0.7508800029754639
}