{
    "loss": 1.203125,
    "acc": 0.6491948962211609,
    "macro_f1": 0.5781553387641907,
    "total_f1": 0.749355137348175,
    "inf_f1": 0.6696669459342957,
    "perc_f1": 0.45037612318992615,
    "backg_f1": 0.40359771251678467
}