{
    "loss": 1.328125,
    "acc": 0.34245097637176514,
    "macro_f1": 0.30250656604766846,
    "total_f1": 0.6087210178375244,
    "inf_f1": 0.3045605719089508,
    "perc_f1": 0.2600884735584259,
    "backg_f1": 0.1792680323123932
}