{
    "loss": 1.03125,
    "acc": 0.46378764510154724,
    "macro_f1": 0.4557393193244934,
    "total_f1": 0.6823111176490784,
    "inf_f1": 0.6066945791244507,
    "perc_f1": 0.3591087758541107,
    "backg_f1": 0.3088957667350769
}