{
    "loss": 1.0390625,
    "acc": 0.6398302316665649,
    "macro_f1": 0.5212730765342712,
    "total_f1": 0.7444153428077698,
    "inf_f1": 0.5852372646331787,
    "perc_f1": 0.34933486580848694,
    "backg_f1": 0.3491552770137787
}