{
    "loss": 1.0859375,
    "acc": 0.6323519349098206,
    "macro_f1": 0.577330470085144,
    "total_f1": 0.7488546371459961,
    "inf_f1": 0.6738836169242859,
    "perc_f1": 0.4586590826511383,
    "backg_f1": 0.41355931758880615
}