{
    "loss": 1.0859375,
    "acc": 0.695277214050293,
    "macro_f1": 0.5874034762382507,
    "total_f1": 0.749957799911499,
    "inf_f1": 0.6672874093055725,
    "perc_f1": 0.49384576082229614,
    "backg_f1": 0.35451215505599976
}