{
    "loss": 1.4453125,
    "acc": 0.2312200963497162,
    "macro_f1": 0.21345944702625275,
    "total_f1": 0.5549414157867432,
    "inf_f1": 0.16283129155635834,
    "perc_f1": 0.17369915544986725,
    "backg_f1": 0.21180449426174164
}