{
    "loss": 1.2734375,
    "acc": 0.46250757575035095,
    "macro_f1": 0.38983920216560364,
    "total_f1": 0.6383904814720154,
    "inf_f1": 0.34011220932006836,
    "perc_f1": 0.2829268276691437,
    "backg_f1": 0.3137100040912628
}