{
    "loss": 1.0859375,
    "acc": 0.5579734444618225,
    "macro_f1": 0.4849739372730255,
    "total_f1": 0.7186675071716309,
    "inf_f1": 0.571082592010498,
    "perc_f1": 0.3222516179084778,
    "backg_f1": 0.32510289549827576
}