{
    "loss": 0.99609375,
    "acc": 0.6438725590705872,
    "macro_f1": 0.5611556768417358,
    "total_f1": 0.7671036720275879,
    "inf_f1": 0.6266924738883972,
    "perc_f1": 0.41552940011024475,
    "backg_f1": 0.40911537408828735
}