{
    "loss": 1.3828125,
    "acc": 0.29852455854415894,
    "macro_f1": 0.2616707384586334,
    "total_f1": 0.5751122236251831,
    "inf_f1": 0.17688442766666412,
    "perc_f1": 0.21084704995155334,
    "backg_f1": 0.25852909684181213
}