{
    "loss": 1.328125,
    "acc": 0.33746546506881714,
    "macro_f1": 0.30974265933036804,
    "total_f1": 0.6055267453193665,
    "inf_f1": 0.28987517952919006,
    "perc_f1": 0.25822487473487854,
    "backg_f1": 0.247219979763031
}