{
    "loss": 1.015625,
    "acc": 0.633766770362854,
    "macro_f1": 0.5565076470375061,
    "total_f1": 0.7632504105567932,
    "inf_f1": 0.6289248466491699,
    "perc_f1": 0.4117239713668823,
    "backg_f1": 0.4032343029975891
}