{
    "loss": 0.9765625,
    "acc": 0.6227851510047913,
    "macro_f1": 0.5452701449394226,
    "total_f1": 0.7612885236740112,
    "inf_f1": 0.6244153380393982,
    "perc_f1": 0.4027346074581146,
    "backg_f1": 0.3779886066913605
}