{
    "loss": 1.0234375,
    "acc": 0.6099845170974731,
    "macro_f1": 0.5110839605331421,
    "total_f1": 0.7579334378242493,
    "inf_f1": 0.5972625613212585,
    "perc_f1": 0.3274536430835724,
    "backg_f1": 0.34006115794181824
}