{
    "loss": 0.99609375,
    "acc": 0.608165442943573,
    "macro_f1": 0.5279797315597534,
    "total_f1": 0.7560156583786011,
    "inf_f1": 0.6106213927268982,
    "perc_f1": 0.35829123854637146,
    "backg_f1": 0.378717303276062
}