{
    "loss": 0.984375,
    "acc": 0.6213029623031616,
    "macro_f1": 0.549344539642334,
    "total_f1": 0.7575904130935669,
    "inf_f1": 0.6320574283599854,
    "perc_f1": 0.4053286612033844,
    "backg_f1": 0.3901754319667816
}