{
    "loss": 0.98828125,
    "acc": 0.6225156784057617,
    "macro_f1": 0.5550568103790283,
    "total_f1": 0.7569429874420166,
    "inf_f1": 0.6278004050254822,
    "perc_f1": 0.411557137966156,
    "backg_f1": 0.41329145431518555
}