{
    "loss": 1.0,
    "acc": 0.6423229575157166,
    "macro_f1": 0.5598539710044861,
    "total_f1": 0.7658599615097046,
    "inf_f1": 0.6265118718147278,
    "perc_f1": 0.4162555932998657,
    "backg_f1": 0.40466368198394775
}