{
    "loss": 1.0,
    "acc": 0.614902675151825,
    "macro_f1": 0.5432146191596985,
    "total_f1": 0.7559736371040344,
    "inf_f1": 0.6156083345413208,
    "perc_f1": 0.3899167478084564,
    "backg_f1": 0.40235525369644165
}