{
    "loss": 0.98828125,
    "acc": 0.6289159655570984,
    "macro_f1": 0.5561236143112183,
    "total_f1": 0.7601816058158875,
    "inf_f1": 0.6302939653396606,
    "perc_f1": 0.4173313081264496,
    "backg_f1": 0.4002119302749634
}