{
    "loss": 1.0625,
    "acc": 0.6265235543251038,
    "macro_f1": 0.5016029477119446,
    "total_f1": 0.7248438000679016,
    "inf_f1": 0.5673306584358215,
    "perc_f1": 0.3660014271736145,
    "backg_f1": 0.2740871012210846
}