{
    "loss": 1.0234375,
    "acc": 0.5967497229576111,
    "macro_f1": 0.4968039393424988,
    "total_f1": 0.7323132157325745,
    "inf_f1": 0.5607156157493591,
    "perc_f1": 0.30858540534973145,
    "backg_f1": 0.3587140440940857
}