{
    "loss": 1.0390625,
    "acc": 0.5496331453323364,
    "macro_f1": 0.5122438669204712,
    "total_f1": 0.7248798608779907,
    "inf_f1": 0.5797032117843628,
    "perc_f1": 0.4427145719528198,
    "backg_f1": 0.33663126826286316
}