{
    "loss": 1.4296875,
    "acc": 0.6303437948226929,
    "macro_f1": 0.5448697805404663,
    "total_f1": 0.745899498462677,
    "inf_f1": 0.6041190028190613,
    "perc_f1": 0.41575315594673157,
    "backg_f1": 0.37470051646232605
}