{
    "loss": 1.0234375,
    "acc": 0.5791643857955933,
    "macro_f1": 0.5135910511016846,
    "total_f1": 0.7363976836204529,
    "inf_f1": 0.5765973925590515,
    "perc_f1": 0.3746122717857361,
    "backg_f1": 0.37738895416259766
}