{
    "loss": 1.21875,
    "acc": 0.6343460083007812,
    "macro_f1": 0.5350636839866638,
    "total_f1": 0.7458529472351074,
    "inf_f1": 0.5908735394477844,
    "perc_f1": 0.3829444944858551,
    "backg_f1": 0.36951306462287903
}