{
    "loss": 1.4921875,
    "acc": 0.6205809116363525,
    "macro_f1": 0.536318302154541,
    "total_f1": 0.739833652973175,
    "inf_f1": 0.6005788445472717,
    "perc_f1": 0.4129769504070282,
    "backg_f1": 0.3560411334037781
}