{
    "loss": 1.671875,
    "acc": 0.6433812379837036,
    "macro_f1": 0.5360221862792969,
    "total_f1": 0.7181540131568909,
    "inf_f1": 0.5991561412811279,
    "perc_f1": 0.44828957319259644,
    "backg_f1": 0.2978486716747284
}