{
    "loss": 1.0078125,
    "acc": 0.6495991349220276,
    "macro_f1": 0.5723645687103271,
    "total_f1": 0.7609735131263733,
    "inf_f1": 0.6471654176712036,
    "perc_f1": 0.44524887204170227,
    "backg_f1": 0.4048524498939514
}