{
    "loss": 1.0,
    "acc": 0.6356531977653503,
    "macro_f1": 0.5572459697723389,
    "total_f1": 0.7616624236106873,
    "inf_f1": 0.6356552243232727,
    "perc_f1": 0.4104938209056854,
    "backg_f1": 0.3998512327671051
}