{
    "loss": 1.2734375,
    "acc": 0.36138248443603516,
    "macro_f1": 0.33505380153656006,
    "total_f1": 0.6233691573143005,
    "inf_f1": 0.3855641782283783,
    "perc_f1": 0.2776130139827728,
    "backg_f1": 0.21036584675312042
}