{
    "loss": 0.99609375,
    "acc": 0.6159132122993469,
    "macro_f1": 0.540394127368927,
    "total_f1": 0.7609997987747192,
    "inf_f1": 0.6229050159454346,
    "perc_f1": 0.39672544598579407,
    "backg_f1": 0.37085849046707153
}