{
    "loss": 1.0390625,
    "acc": 0.6321498155593872,
    "macro_f1": 0.562868595123291,
    "total_f1": 0.7503008842468262,
    "inf_f1": 0.6472457647323608,
    "perc_f1": 0.43009403347969055,
    "backg_f1": 0.400790810585022
}