{
    "loss": 1.2109375,
    "acc": 0.6366637349128723,
    "macro_f1": 0.5002700686454773,
    "total_f1": 0.6962336301803589,
    "inf_f1": 0.490105539560318,
    "perc_f1": 0.35184165835380554,
    "backg_f1": 0.3599611222743988
}