{
    "loss": 1.3515625,
    "acc": 0.32991981506347656,
    "macro_f1": 0.29218441247940063,
    "total_f1": 0.591828465461731,
    "inf_f1": 0.238356813788414,
    "perc_f1": 0.2190626710653305,
    "backg_f1": 0.27788564562797546
}