{
    "loss": 1.03125,
    "acc": 0.6347099542617798,
    "macro_f1": 0.5645321011543274,
    "total_f1": 0.7519319653511047,
    "inf_f1": 0.6518938541412354,
    "perc_f1": 0.4302402436733246,
    "backg_f1": 0.40056267380714417
}