{
    "loss": 1.015625,
    "acc": 0.6268274784088135,
    "macro_f1": 0.5608293414115906,
    "total_f1": 0.7566408514976501,
    "inf_f1": 0.6385358572006226,
    "perc_f1": 0.4281080961227417,
    "backg_f1": 0.4076649248600006
}