{
    "loss": 0.9921875,
    "acc": 0.6099171042442322,
    "macro_f1": 0.5469486713409424,
    "total_f1": 0.7483686804771423,
    "inf_f1": 0.6453033089637756,
    "perc_f1": 0.40454885363578796,
    "backg_f1": 0.385171115398407
}