{
    "loss": 1.4453125,
    "acc": 0.26941993832588196,
    "macro_f1": 0.23354774713516235,
    "total_f1": 0.5417965650558472,
    "inf_f1": 0.17206411063671112,
    "perc_f1": 0.19197145104408264,
    "backg_f1": 0.18409091234207153
}