{
    "loss": 0.98046875,
    "acc": 0.6818702220916748,
    "macro_f1": 0.5585911273956299,
    "total_f1": 0.7708584070205688,
    "inf_f1": 0.6133630275726318,
    "perc_f1": 0.39700374007225037,
    "backg_f1": 0.39013171195983887
}