{
    "loss": 1.1640625,
    "acc": 0.6217072010040283,
    "macro_f1": 0.4624456465244293,
    "total_f1": 0.686625063419342,
    "inf_f1": 0.54514479637146,
    "perc_f1": 0.342342346906662,
    "backg_f1": 0.17073170840740204
}