{
    "loss": 1.0546875,
    "acc": 0.6877315640449524,
    "macro_f1": 0.5936260223388672,
    "total_f1": 0.7571588754653931,
    "inf_f1": 0.65636146068573,
    "perc_f1": 0.4716222882270813,
    "backg_f1": 0.42319628596305847
}