{
    "loss": 0.98828125,
    "acc": 0.6739203929901123,
    "macro_f1": 0.5812315344810486,
    "total_f1": 0.7712428569793701,
    "inf_f1": 0.6566666960716248,
    "perc_f1": 0.452420711517334,
    "backg_f1": 0.39590007066726685
}