{
    "loss": 1.109375,
    "acc": 0.6018325090408325,
    "macro_f1": 0.5481287240982056,
    "total_f1": 0.7358147501945496,
    "inf_f1": 0.6335065364837646,
    "perc_f1": 0.44526180624961853,
    "backg_f1": 0.3784307539463043
}