{
    "loss": 1.375,
    "acc": 0.7101663947105408,
    "macro_f1": 0.583669126033783,
    "total_f1": 0.7460260987281799,
    "inf_f1": 0.6543672680854797,
    "perc_f1": 0.4795321524143219,
    "backg_f1": 0.35460662841796875
}