{
    "loss": 1.265625,
    "acc": 0.5462373495101929,
    "macro_f1": 0.45670783519744873,
    "total_f1": 0.6944321393966675,
    "inf_f1": 0.5035360455513,
    "perc_f1": 0.28079354763031006,
    "backg_f1": 0.32427796721458435
}