{
    "loss": 1.1875,
    "acc": 0.6324055790901184,
    "macro_f1": 0.517258882522583,
    "total_f1": 0.7095884680747986,
    "inf_f1": 0.5823695659637451,
    "perc_f1": 0.36946961283683777,
    "backg_f1": 0.3255273103713989
}