{
    "loss": 1.1484375,
    "acc": 0.5691589117050171,
    "macro_f1": 0.4177873432636261,
    "total_f1": 0.7102170586585999,
    "inf_f1": 0.46236559748649597,
    "perc_f1": 0.14768552780151367,
    "backg_f1": 0.30469441413879395
}