{
    "loss": 1.3828125,
    "acc": 0.5498150587081909,
    "macro_f1": 0.4664633572101593,
    "total_f1": 0.7089254260063171,
    "inf_f1": 0.46854403614997864,
    "perc_f1": 0.3307202458381653,
    "backg_f1": 0.34230056405067444
}