{
    "loss": 1.1015625,
    "acc": 0.5341701507568359,
    "macro_f1": 0.44467002153396606,
    "total_f1": 0.7180739641189575,
    "inf_f1": 0.5045106410980225,
    "perc_f1": 0.20790155231952667,
    "backg_f1": 0.37337544560432434
}