{
    "loss": 1.109375,
    "acc": 0.5296221971511841,
    "macro_f1": 0.4852275252342224,
    "total_f1": 0.7092648148536682,
    "inf_f1": 0.508474588394165,
    "perc_f1": 0.3880746066570282,
    "backg_f1": 0.37982746958732605
}