{
    "loss": 1.140625,
    "acc": 0.5858346819877625,
    "macro_f1": 0.4345947802066803,
    "total_f1": 0.7095494270324707,
    "inf_f1": 0.4112280607223511,
    "perc_f1": 0.3599946200847626,
    "backg_f1": 0.18447870016098022
}