{
    "loss": 1.046875,
    "acc": 0.6008219122886658,
    "macro_f1": 0.5431574583053589,
    "total_f1": 0.7336375117301941,
    "inf_f1": 0.6494117379188538,
    "perc_f1": 0.41199854016304016,
    "backg_f1": 0.3719008266925812
}