{
    "loss": 1.015625,
    "acc": 0.6823418736457825,
    "macro_f1": 0.5789986848831177,
    "total_f1": 0.7680975794792175,
    "inf_f1": 0.6351466774940491,
    "perc_f1": 0.42099595069885254,
    "backg_f1": 0.4314814805984497
}