{
    "loss": 1.3203125,
    "acc": 0.35693591833114624,
    "macro_f1": 0.3101006746292114,
    "total_f1": 0.6070671081542969,
    "inf_f1": 0.2764028310775757,
    "perc_f1": 0.20242656767368317,
    "backg_f1": 0.28667962551116943
}