{
    "loss": 1.1328125,
    "acc": 0.5380313992500305,
    "macro_f1": 0.47097721695899963,
    "total_f1": 0.6945832967758179,
    "inf_f1": 0.5674565434455872,
    "perc_f1": 0.36088505387306213,
    "backg_f1": 0.25946518778800964
}