{
    "loss": 1.109375,
    "acc": 0.6330930590629578,
    "macro_f1": 0.563509464263916,
    "total_f1": 0.7433539032936096,
    "inf_f1": 0.6483027338981628,
    "perc_f1": 0.4370684027671814,
    "backg_f1": 0.3952013850212097
}