{
    "loss": 1.4375,
    "acc": 0.28727346658706665,
    "macro_f1": 0.24272485077381134,
    "total_f1": 0.54347825050354,
    "inf_f1": 0.18363544344902039,
    "perc_f1": 0.2024088352918625,
    "backg_f1": 0.16809892654418945
}