{
    "loss": 0.99609375,
    "acc": 0.6068180203437805,
    "macro_f1": 0.5446311235427856,
    "total_f1": 0.749374270439148,
    "inf_f1": 0.621460497379303,
    "perc_f1": 0.41021862626075745,
    "backg_f1": 0.39545318484306335
}