{
    "loss": 1.03125,
    "acc": 0.6561341881752014,
    "macro_f1": 0.5793527364730835,
    "total_f1": 0.7601200342178345,
    "inf_f1": 0.6569070816040039,
    "perc_f1": 0.4497806429862976,
    "backg_f1": 0.41521620750427246
}