{
    "loss": 1.3984375,
    "acc": 0.28067103028297424,
    "macro_f1": 0.25272688269615173,
    "total_f1": 0.5695348978042603,
    "inf_f1": 0.19908224046230316,
    "perc_f1": 0.20639000833034515,
    "backg_f1": 0.22378717362880707
}