{
    "loss": 1.3984375,
    "acc": 0.280805766582489,
    "macro_f1": 0.25276413559913635,
    "total_f1": 0.5688146948814392,
    "inf_f1": 0.19692958891391754,
    "perc_f1": 0.20777307450771332,
    "backg_f1": 0.22462068498134613
}