{
    "loss": 1.4609375,
    "acc": 0.19490669667720795,
    "macro_f1": 0.18620352447032928,
    "total_f1": 0.5727473497390747,
    "inf_f1": 0.1439552754163742,
    "perc_f1": 0.16381637752056122,
    "backg_f1": 0.2548494338989258
}