{
    "loss": 1.390625,
    "acc": 0.2795256972312927,
    "macro_f1": 0.2520441710948944,
    "total_f1": 0.5694072246551514,
    "inf_f1": 0.19634702801704407,
    "perc_f1": 0.20739372074604034,
    "backg_f1": 0.2251284420490265
}