{
    "loss": 1.40625,
    "acc": 0.27736979722976685,
    "macro_f1": 0.2500354051589966,
    "total_f1": 0.5670909285545349,
    "inf_f1": 0.19269919395446777,
    "perc_f1": 0.20646584033966064,
    "backg_f1": 0.2244865894317627
}