{
    "loss": 1.4296875,
    "acc": 0.2659839689731598,
    "macro_f1": 0.23562324047088623,
    "total_f1": 0.5528464913368225,
    "inf_f1": 0.16936619579792023,
    "perc_f1": 0.18133874237537384,
    "backg_f1": 0.22418878972530365
}