{
    "loss": 1.40625,
    "acc": 0.27312538027763367,
    "macro_f1": 0.2474079132080078,
    "total_f1": 0.5668843984603882,
    "inf_f1": 0.19332526624202728,
    "perc_f1": 0.2051001787185669,
    "backg_f1": 0.22236260771751404
}