{
    "loss": 1.40625,
    "acc": 0.27770665287971497,
    "macro_f1": 0.25035494565963745,
    "total_f1": 0.5683165788650513,
    "inf_f1": 0.19399292767047882,
    "perc_f1": 0.20513761043548584,
    "backg_f1": 0.22533458471298218
}