{
    "loss": 1.4140625,
    "acc": 0.2697567939758301,
    "macro_f1": 0.24558351933956146,
    "total_f1": 0.5678287148475647,
    "inf_f1": 0.19236692786216736,
    "perc_f1": 0.20463250577449799,
    "backg_f1": 0.22344264388084412
}