{
    "loss": 1.4140625,
    "acc": 0.263558566570282,
    "macro_f1": 0.2404988408088684,
    "total_f1": 0.5653420090675354,
    "inf_f1": 0.18414591252803802,
    "perc_f1": 0.19764794409275055,
    "backg_f1": 0.23030658066272736
}