{
    "loss": 1.3984375,
    "acc": 0.2804015278816223,
    "macro_f1": 0.25239109992980957,
    "total_f1": 0.5691753625869751,
    "inf_f1": 0.1963559240102768,
    "perc_f1": 0.20751935243606567,
    "backg_f1": 0.22429905831813812
}