{
    "loss": 1.40625,
    "acc": 0.28114262223243713,
    "macro_f1": 0.25319069623947144,
    "total_f1": 0.5693055391311646,
    "inf_f1": 0.19806167483329773,
    "perc_f1": 0.2078113555908203,
    "backg_f1": 0.22496871650218964
}