{
    "loss": 1.4921875,
    "acc": 0.16991174221038818,
    "macro_f1": 0.1539968103170395,
    "total_f1": 0.5858684778213501,
    "inf_f1": 0.12472691386938095,
    "perc_f1": 0.14150942862033844,
    "backg_f1": 0.27089783549308777
}