{
    "loss": 1.4296875,
    "acc": 0.26706191897392273,
    "macro_f1": 0.23851805925369263,
    "total_f1": 0.5575833916664124,
    "inf_f1": 0.173527330160141,
    "perc_f1": 0.190476194024086,
    "backg_f1": 0.22355769574642181
}