{
    "loss": 1.4140625,
    "acc": 0.2804689109325409,
    "macro_f1": 0.25242704153060913,
    "total_f1": 0.5693389177322388,
    "inf_f1": 0.19546742737293243,
    "perc_f1": 0.2071375995874405,
    "backg_f1": 0.2256506085395813
}