{
    "loss": 1.4453125,
    "acc": 0.253587543964386,
    "macro_f1": 0.22821897268295288,
    "total_f1": 0.553562343120575,
    "inf_f1": 0.1651344895362854,
    "perc_f1": 0.17833876609802246,
    "backg_f1": 0.22599855065345764
}