{
    "loss": 1.421875,
    "acc": 0.26490601897239685,
    "macro_f1": 0.23968824744224548,
    "total_f1": 0.5605536103248596,
    "inf_f1": 0.18083998560905457,
    "perc_f1": 0.19652961194515228,
    "backg_f1": 0.22391469776630402
}