{
    "loss": 1.453125,
    "acc": 0.21929529309272766,
    "macro_f1": 0.2080475389957428,
    "total_f1": 0.562788188457489,
    "inf_f1": 0.15731462836265564,
    "perc_f1": 0.18006683886051178,
    "backg_f1": 0.23366336524486542
}