{
    "loss": 1.40625,
    "acc": 0.26854410767555237,
    "macro_f1": 0.24414415657520294,
    "total_f1": 0.5651583671569824,
    "inf_f1": 0.18974359333515167,
    "perc_f1": 0.20049457252025604,
    "backg_f1": 0.22668492794036865
}