{
    "loss": 1.46875,
    "acc": 0.17422354221343994,
    "macro_f1": 0.161873459815979,
    "total_f1": 0.5833374261856079,
    "inf_f1": 0.13001124560832977,
    "perc_f1": 0.14748381078243256,
    "backg_f1": 0.26737478375434875
}