{
    "loss": 1.1484375,
    "acc": 0.6403018236160278,
    "macro_f1": 0.4799288809299469,
    "total_f1": 0.6908711791038513,
    "inf_f1": 0.5644769072532654,
    "perc_f1": 0.33895742893218994,
    "backg_f1": 0.21212121844291687
}