{
    "loss": 1.265625,
    "acc": 0.6312066316604614,
    "macro_f1": 0.5783305764198303,
    "total_f1": 0.7462790608406067,
    "inf_f1": 0.6946175694465637,
    "perc_f1": 0.4520750939846039,
    "backg_f1": 0.40279221534729004
}