{
    "loss": 1.9609375,
    "acc": 0.6937950253486633,
    "macro_f1": 0.5762345194816589,
    "total_f1": 0.7404402494430542,
    "inf_f1": 0.6905250549316406,
    "perc_f1": 0.43672457337379456,
    "backg_f1": 0.34381183981895447
}