{
    "loss": 1.5078125,
    "acc": 0.6985110640525818,
    "macro_f1": 0.5849548578262329,
    "total_f1": 0.7549915313720703,
    "inf_f1": 0.6893231272697449,
    "perc_f1": 0.4309941530227661,
    "backg_f1": 0.3815978765487671
}