{
    "loss": 1.59375,
    "acc": 0.6846998333930969,
    "macro_f1": 0.5895275473594666,
    "total_f1": 0.7589636445045471,
    "inf_f1": 0.6895720362663269,
    "perc_f1": 0.44814532995224,
    "backg_f1": 0.3949093818664551
}