{
    "loss": 1.0,
    "acc": 0.5742774605751038,
    "macro_f1": 0.5300034880638123,
    "total_f1": 0.7311884164810181,
    "inf_f1": 0.6412506699562073,
    "perc_f1": 0.4000697731971741,
    "backg_f1": 0.3654719889163971
}