{
    "loss": 1.125,
    "acc": 0.6558647155761719,
    "macro_f1": 0.5761602520942688,
    "total_f1": 0.7544955015182495,
    "inf_f1": 0.6660424470901489,
    "perc_f1": 0.4515856206417084,
    "backg_f1": 0.3860369622707367
}