{
    "loss": 1.8125,
    "acc": 0.699858546257019,
    "macro_f1": 0.5938546657562256,
    "total_f1": 0.7522579431533813,
    "inf_f1": 0.6916890144348145,
    "perc_f1": 0.46140891313552856,
    "backg_f1": 0.38684797286987305
}