{
    "loss": 1.75,
    "acc": 0.7028902769088745,
    "macro_f1": 0.5942549109458923,
    "total_f1": 0.7620164155960083,
    "inf_f1": 0.6855309009552002,
    "perc_f1": 0.4311753511428833,
    "backg_f1": 0.4204801321029663
}