{
    "loss": 1.0,
    "acc": 0.6524287462234497,
    "macro_f1": 0.5400377511978149,
    "total_f1": 0.7535672783851624,
    "inf_f1": 0.5996894836425781,
    "perc_f1": 0.4020707607269287,
    "backg_f1": 0.34946775436401367
}