{
    "loss": 0.97265625,
    "acc": 0.6877989768981934,
    "macro_f1": 0.5893716812133789,
    "total_f1": 0.7522846460342407,
    "inf_f1": 0.6762043833732605,
    "perc_f1": 0.4921720027923584,
    "backg_f1": 0.36594778299331665
}