{
    "loss": 1.21875,
    "acc": 0.6537761688232422,
    "macro_f1": 0.5409766435623169,
    "total_f1": 0.7179404497146606,
    "inf_f1": 0.6705816388130188,
    "perc_f1": 0.4590352177619934,
    "backg_f1": 0.23746556043624878
}