{
    "loss": 1.0390625,
    "acc": 0.620427131652832,
    "macro_f1": 0.4949229955673218,
    "total_f1": 0.7451646327972412,
    "inf_f1": 0.5576536655426025,
    "perc_f1": 0.2556329369544983,
    "backg_f1": 0.38028398156166077
}