{
    "loss": 1.078125,
    "acc": 0.6856430768966675,
    "macro_f1": 0.48361334204673767,
    "total_f1": 0.6650597453117371,
    "inf_f1": 0.6158273220062256,
    "perc_f1": 0.27906978130340576,
    "backg_f1": 0.20859670639038086
}