{
    "loss": 1.171875,
    "acc": 0.6904938220977783,
    "macro_f1": 0.5867366790771484,
    "total_f1": 0.7493399381637573,
    "inf_f1": 0.7006190419197083,
    "perc_f1": 0.44547563791275024,
    "backg_f1": 0.3737998604774475
}