{
    "loss": 1.3515625,
    "acc": 0.6109476685523987,
    "macro_f1": 0.5407319068908691,
    "total_f1": 0.7308245301246643,
    "inf_f1": 0.6340402364730835,
    "perc_f1": 0.39960336685180664,
    "backg_f1": 0.36713194847106934
}