{
    "loss": 1.1171875,
    "acc": 0.6694863438606262,
    "macro_f1": 0.5478197336196899,
    "total_f1": 0.747140109539032,
    "inf_f1": 0.6538553833961487,
    "perc_f1": 0.4574269652366638,
    "backg_f1": 0.25760287046432495
}