{
    "loss": 1.0546875,
    "acc": 0.5126885175704956,
    "macro_f1": 0.47763723134994507,
    "total_f1": 0.7279762029647827,
    "inf_f1": 0.5878674387931824,
    "perc_f1": 0.36587780714035034,
    "backg_f1": 0.2846846878528595
}