{
    "loss": 1.2734375,
    "acc": 0.6331371665000916,
    "macro_f1": 0.5528370141983032,
    "total_f1": 0.7488687634468079,
    "inf_f1": 0.6652047038078308,
    "perc_f1": 0.40585586428642273,
    "backg_f1": 0.3547193109989166
}