{
    "loss": 1.1171875,
    "acc": 0.5495893359184265,
    "macro_f1": 0.4647129774093628,
    "total_f1": 0.7373402714729309,
    "inf_f1": 0.5104323029518127,
    "perc_f1": 0.28788426518440247,
    "backg_f1": 0.34290623664855957
}