{
    "loss": 2.359375,
    "acc": 0.6913080811500549,
    "macro_f1": 0.5700771808624268,
    "total_f1": 0.7427502274513245,
    "inf_f1": 0.6663311719894409,
    "perc_f1": 0.47527140378952026,
    "backg_f1": 0.3053726851940155
}