{
    "loss": 1.890625,
    "acc": 0.6873237490653992,
    "macro_f1": 0.583479106426239,
    "total_f1": 0.759157657623291,
    "inf_f1": 0.6593002080917358,
    "perc_f1": 0.4796464145183563,
    "backg_f1": 0.36464908719062805
}