{
    "loss": 1.765625,
    "acc": 0.6840749979019165,
    "macro_f1": 0.5829481482505798,
    "total_f1": 0.7536188364028931,
    "inf_f1": 0.6874154210090637,
    "perc_f1": 0.48513901233673096,
    "backg_f1": 0.3309846520423889
}