{
    "loss": 1.53125,
    "acc": 0.6687507629394531,
    "macro_f1": 0.5819576978683472,
    "total_f1": 0.7637431621551514,
    "inf_f1": 0.7001050710678101,
    "perc_f1": 0.46879565715789795,
    "backg_f1": 0.3432181179523468
}