{
    "loss": 1.140625,
    "acc": 0.6426995396614075,
    "macro_f1": 0.45760947465896606,
    "total_f1": 0.6937798857688904,
    "inf_f1": 0.5646258592605591,
    "perc_f1": 0.37745198607444763,
    "backg_f1": 0.0795188769698143
}