{
    "loss": 2.125,
    "acc": 0.6806423664093018,
    "macro_f1": 0.5654381513595581,
    "total_f1": 0.733312726020813,
    "inf_f1": 0.676719605922699,
    "perc_f1": 0.4595438241958618,
    "backg_f1": 0.3008601665496826
}