{
    "loss": 0.9453125,
    "acc": 0.6550846099853516,
    "macro_f1": 0.5612122416496277,
    "total_f1": 0.7688600420951843,
    "inf_f1": 0.642480194568634,
    "perc_f1": 0.4097222089767456,
    "backg_f1": 0.38402265310287476
}