{
    "loss": 1.4765625,
    "acc": 0.6942574977874756,
    "macro_f1": 0.5578428506851196,
    "total_f1": 0.7577990293502808,
    "inf_f1": 0.6689043641090393,
    "perc_f1": 0.41550925374031067,
    "backg_f1": 0.29974663257598877
}