{
    "loss": 1.1171875,
    "acc": 0.5734036564826965,
    "macro_f1": 0.533005952835083,
    "total_f1": 0.7228062152862549,
    "inf_f1": 0.6319519877433777,
    "perc_f1": 0.4587438404560089,
    "backg_f1": 0.3338257074356079
}