{
    "loss": 0.98046875,
    "acc": 0.6066945791244507,
    "macro_f1": 0.5629587173461914,
    "total_f1": 0.7511709332466125,
    "inf_f1": 0.6564501523971558,
    "perc_f1": 0.4532981514930725,
    "backg_f1": 0.4025272727012634
}