{
    "loss": 0.98828125,
    "acc": 0.6670911312103271,
    "macro_f1": 0.5411142110824585,
    "total_f1": 0.7598859667778015,
    "inf_f1": 0.6410180330276489,
    "perc_f1": 0.4554707407951355,
    "backg_f1": 0.2381664216518402
}