{
    "loss": 1.0546875,
    "acc": 0.5839115977287292,
    "macro_f1": 0.5374728441238403,
    "total_f1": 0.7359884977340698,
    "inf_f1": 0.6276624202728271,
    "perc_f1": 0.40140464901924133,
    "backg_f1": 0.4012690484523773
}