{
    "loss": 1.1015625,
    "acc": 0.6186081171035767,
    "macro_f1": 0.551095187664032,
    "total_f1": 0.7509711384773254,
    "inf_f1": 0.6214139461517334,
    "perc_f1": 0.42656826972961426,
    "backg_f1": 0.39149993658065796
}