{
    "loss": 1.296875,
    "acc": 0.4321228861808777,
    "macro_f1": 0.35911139845848083,
    "total_f1": 0.6271750330924988,
    "inf_f1": 0.30541276931762695,
    "perc_f1": 0.2330392450094223,
    "backg_f1": 0.31267979741096497
}