{
    "loss": 1.125,
    "acc": 0.3781580626964569,
    "macro_f1": 0.3995024263858795,
    "total_f1": 0.6480668187141418,
    "inf_f1": 0.5993868112564087,
    "perc_f1": 0.3105291724205017,
    "backg_f1": 0.28489723801612854
}