{
    "loss": 1.421875,
    "acc": 0.28969883918762207,
    "macro_f1": 0.24746620655059814,
    "total_f1": 0.5536414384841919,
    "inf_f1": 0.19675421714782715,
    "perc_f1": 0.20975454151630402,
    "backg_f1": 0.16801221668720245
}