{
    "loss": 0.98046875,
    "acc": 0.6235936284065247,
    "macro_f1": 0.5558146834373474,
    "total_f1": 0.7437657713890076,
    "inf_f1": 0.6280167698860168,
    "perc_f1": 0.4071474075317383,
    "backg_f1": 0.42547285556793213
}