{
    "loss": 0.96484375,
    "acc": 0.6326214671134949,
    "macro_f1": 0.553927481174469,
    "total_f1": 0.7596655488014221,
    "inf_f1": 0.6555972099304199,
    "perc_f1": 0.4099636673927307,
    "backg_f1": 0.3644484281539917
}