{
    "loss": 0.984375,
    "acc": 0.6663747429847717,
    "macro_f1": 0.5475674271583557,
    "total_f1": 0.75811767578125,
    "inf_f1": 0.6178643107414246,
    "perc_f1": 0.3513927161693573,
    "backg_f1": 0.4031100571155548
}