{
    "loss": 1.0625,
    "acc": 0.6950750946998596,
    "macro_f1": 0.597335696220398,
    "total_f1": 0.7666826844215393,
    "inf_f1": 0.651972770690918,
    "perc_f1": 0.4778953194618225,
    "backg_f1": 0.4291277229785919
}