{
    "loss": 1.3046875,
    "acc": 0.43845584988594055,
    "macro_f1": 0.3293740153312683,
    "total_f1": 0.6222580075263977,
    "inf_f1": 0.3392891585826874,
    "perc_f1": 0.27906277775764465,
    "backg_f1": 0.08015768975019455
}