{
    "loss": 0.98046875,
    "acc": 0.6306676268577576,
    "macro_f1": 0.5715577006340027,
    "total_f1": 0.7541906833648682,
    "inf_f1": 0.647335410118103,
    "perc_f1": 0.43957534432411194,
    "backg_f1": 0.4358038306236267
}