{
    "loss": 1.078125,
    "acc": 0.6527656316757202,
    "macro_f1": 0.5804365873336792,
    "total_f1": 0.752075731754303,
    "inf_f1": 0.6640211343765259,
    "perc_f1": 0.45865970849990845,
    "backg_f1": 0.41240194439888
}