{
    "loss": 1.015625,
    "acc": 0.6858451962471008,
    "macro_f1": 0.5849956274032593,
    "total_f1": 0.7563730478286743,
    "inf_f1": 0.6426496505737305,
    "perc_f1": 0.47591522336006165,
    "backg_f1": 0.3960849642753601
}