{
    "loss": 1.109375,
    "acc": 0.6591659188270569,
    "macro_f1": 0.5868340730667114,
    "total_f1": 0.7573513388633728,
    "inf_f1": 0.6588106155395508,
    "perc_f1": 0.46456480026245117,
    "backg_f1": 0.43014177680015564
}