{
    "loss": 1.1328125,
    "acc": 0.574951171875,
    "macro_f1": 0.4718324542045593,
    "total_f1": 0.749778687953949,
    "inf_f1": 0.4967298209667206,
    "perc_f1": 0.3133920431137085,
    "backg_f1": 0.3222242593765259
}