{
    "loss": 1.296875,
    "acc": 0.3936535716056824,
    "macro_f1": 0.33224302530288696,
    "total_f1": 0.622592568397522,
    "inf_f1": 0.3396599590778351,
    "perc_f1": 0.27144312858581543,
    "backg_f1": 0.1712280660867691
}