{
    "loss": 1.28125,
    "acc": 0.6826786994934082,
    "macro_f1": 0.5951650738716125,
    "total_f1": 0.7703887820243835,
    "inf_f1": 0.6687679290771484,
    "perc_f1": 0.49810367822647095,
    "backg_f1": 0.3899301588535309
}