{
    "loss": 0.97265625,
    "acc": 0.5537964105606079,
    "macro_f1": 0.5187023878097534,
    "total_f1": 0.71726393699646,
    "inf_f1": 0.627959132194519,
    "perc_f1": 0.4106356203556061,
    "backg_f1": 0.36129266023635864
}