{
    "loss": 1.09375,
    "acc": 0.7055177688598633,
    "macro_f1": 0.6018680334091187,
    "total_f1": 0.758359968662262,
    "inf_f1": 0.6641883254051208,
    "perc_f1": 0.5076770782470703,
    "backg_f1": 0.3973252773284912
}