{
    "loss": 1.1640625,
    "acc": 0.6209661364555359,
    "macro_f1": 0.582166314125061,
    "total_f1": 0.7493276000022888,
    "inf_f1": 0.6630630493164062,
    "perc_f1": 0.5003814101219177,
    "backg_f1": 0.4168747663497925
}