{
    "loss": 0.9921875,
    "acc": 0.6118488907814026,
    "macro_f1": 0.5192540884017944,
    "total_f1": 0.7447559237480164,
    "inf_f1": 0.5918161869049072,
    "perc_f1": 0.3401648998260498,
    "backg_f1": 0.373805433511734
}