{
    "loss": 1.046875,
    "acc": 0.5099751353263855,
    "macro_f1": 0.46945393085479736,
    "total_f1": 0.7092422246932983,
    "inf_f1": 0.5494468808174133,
    "perc_f1": 0.35628190636634827,
    "backg_f1": 0.3382079303264618
}