{
    "loss": 1.03125,
    "acc": 0.5441149473190308,
    "macro_f1": 0.5082575678825378,
    "total_f1": 0.7204234600067139,
    "inf_f1": 0.605517566204071,
    "perc_f1": 0.370246559381485,
    "backg_f1": 0.3834173083305359
}