{
    "loss": 1.0390625,
    "acc": 0.5996603965759277,
    "macro_f1": 0.5074560046195984,
    "total_f1": 0.7508301138877869,
    "inf_f1": 0.6296691298484802,
    "perc_f1": 0.4002128839492798,
    "backg_f1": 0.225204735994339
}