{
    "loss": 1.359375,
    "acc": 0.3409014344215393,
    "macro_f1": 0.298837274312973,
    "total_f1": 0.5889944434165955,
    "inf_f1": 0.2628633379936218,
    "perc_f1": 0.23880596458911896,
    "backg_f1": 0.2249176949262619
}