{
    "loss": 1.390625,
    "acc": 0.29562756419181824,
    "macro_f1": 0.26305797696113586,
    "total_f1": 0.5721410512924194,
    "inf_f1": 0.2209511399269104,
    "perc_f1": 0.21216139197349548,
    "backg_f1": 0.21211084723472595
}