{
    "loss": 1.40625,
    "acc": 0.27689820528030396,
    "macro_f1": 0.25065895915031433,
    "total_f1": 0.5699187517166138,
    "inf_f1": 0.1967906951904297,
    "perc_f1": 0.2071245014667511,
    "backg_f1": 0.22493058443069458
}