{
    "loss": 1.359375,
    "acc": 0.3339621424674988,
    "macro_f1": 0.29370206594467163,
    "total_f1": 0.5860880017280579,
    "inf_f1": 0.25447314977645874,
    "perc_f1": 0.23533764481544495,
    "backg_f1": 0.22611357271671295
}