{
    "loss": 1.453125,
    "acc": 0.22751465439796448,
    "macro_f1": 0.21277554333209991,
    "total_f1": 0.5582412481307983,
    "inf_f1": 0.16658718883991241,
    "perc_f1": 0.17750141024589539,
    "backg_f1": 0.21561004221439362
}