{
    "loss": 1.359375,
    "acc": 0.337128609418869,
    "macro_f1": 0.2967395484447479,
    "total_f1": 0.5882703065872192,
    "inf_f1": 0.2618788480758667,
    "perc_f1": 0.23773929476737976,
    "backg_f1": 0.2250128984451294
}