{
    "loss": 1.421875,
    "acc": 0.2671292722225189,
    "macro_f1": 0.23914441466331482,
    "total_f1": 0.5596947073936462,
    "inf_f1": 0.17146144807338715,
    "perc_f1": 0.19369369745254517,
    "backg_f1": 0.22868548333644867
}