{
    "loss": 1.375,
    "acc": 0.3143569231033325,
    "macro_f1": 0.2790382504463196,
    "total_f1": 0.5799765586853027,
    "inf_f1": 0.23037037253379822,
    "perc_f1": 0.22838732600212097,
    "backg_f1": 0.22648940980434418
}