{
    "loss": 1.359375,
    "acc": 0.3405645787715912,
    "macro_f1": 0.29900234937667847,
    "total_f1": 0.5897160768508911,
    "inf_f1": 0.26438233256340027,
    "perc_f1": 0.23989760875701904,
    "backg_f1": 0.2240000069141388
}