{
    "loss": 1.359375,
    "acc": 0.3301219344139099,
    "macro_f1": 0.2897392213344574,
    "total_f1": 0.5844618678092957,
    "inf_f1": 0.252145916223526,
    "perc_f1": 0.23332734405994415,
    "backg_f1": 0.21791937947273254
}