{
    "loss": 1.3515625,
    "acc": 0.34197938442230225,
    "macro_f1": 0.29962655901908875,
    "total_f1": 0.589065670967102,
    "inf_f1": 0.2637123167514801,
    "perc_f1": 0.23948577046394348,
    "backg_f1": 0.2250736951828003
}