{
    "loss": 1.3515625,
    "acc": 0.33450111746788025,
    "macro_f1": 0.2948780655860901,
    "total_f1": 0.5874532461166382,
    "inf_f1": 0.25890907645225525,
    "perc_f1": 0.23723886907100677,
    "backg_f1": 0.2248459905385971
}