{
    "loss": 1.375,
    "acc": 0.30600282549858093,
    "macro_f1": 0.27224111557006836,
    "total_f1": 0.576970100402832,
    "inf_f1": 0.2243885099887848,
    "perc_f1": 0.22201868891716003,
    "backg_f1": 0.22280816733837128
}