{
    "loss": 1.359375,
    "acc": 0.33247995376586914,
    "macro_f1": 0.29056984186172485,
    "total_f1": 0.5822678804397583,
    "inf_f1": 0.24534904956817627,
    "perc_f1": 0.23322975635528564,
    "backg_f1": 0.22370675206184387
}