{
    "loss": 1.359375,
    "acc": 0.3414404094219208,
    "macro_f1": 0.2993698716163635,
    "total_f1": 0.59002685546875,
    "inf_f1": 0.2645578682422638,
    "perc_f1": 0.24029438197612762,
    "backg_f1": 0.22311173379421234
}