{
    "loss": 1.1171875,
    "acc": 0.6398975849151611,
    "macro_f1": 0.5738651156425476,
    "total_f1": 0.7568179965019226,
    "inf_f1": 0.6661242246627808,
    "perc_f1": 0.4435989260673523,
    "backg_f1": 0.40623950958251953
}