{
    "loss": 1.0625,
    "acc": 0.4412180781364441,
    "macro_f1": 0.4505159258842468,
    "total_f1": 0.670045018196106,
    "inf_f1": 0.625889778137207,
    "perc_f1": 0.3325510323047638,
    "backg_f1": 0.33498623967170715
}