{
    "loss": 1.2578125,
    "acc": 0.4544229507446289,
    "macro_f1": 0.39203837513923645,
    "total_f1": 0.6348423957824707,
    "inf_f1": 0.38208797574043274,
    "perc_f1": 0.27906978130340576,
    "backg_f1": 0.3015850782394409
}