{
    "loss": 0.9609375,
    "acc": 0.6647577881813049,
    "macro_f1": 0.5814282894134521,
    "total_f1": 0.7641565203666687,
    "inf_f1": 0.6550843119621277,
    "perc_f1": 0.4306815266609192,
    "backg_f1": 0.4364399313926697
}