{
    "loss": 1.40625,
    "acc": 0.2804015278816223,
    "macro_f1": 0.24902887642383575,
    "total_f1": 0.5672430396080017,
    "inf_f1": 0.20998390018939972,
    "perc_f1": 0.22057689726352692,
    "backg_f1": 0.17904114723205566
}