{
    "loss": 1.0625,
    "acc": 0.6155089735984802,
    "macro_f1": 0.5668634176254272,
    "total_f1": 0.7503204345703125,
    "inf_f1": 0.6676209568977356,
    "perc_f1": 0.43192487955093384,
    "backg_f1": 0.41691529750823975
}