{
    "loss": 1.046875,
    "acc": 0.6011157631874084,
    "macro_f1": 0.4799491763114929,
    "total_f1": 0.73011714220047,
    "inf_f1": 0.5443885922431946,
    "perc_f1": 0.2505592703819275,
    "backg_f1": 0.3577209413051605
}