{
    "loss": 1.0703125,
    "acc": 0.6384694576263428,
    "macro_f1": 0.5102465748786926,
    "total_f1": 0.7313007116317749,
    "inf_f1": 0.5775604248046875,
    "perc_f1": 0.35697612166404724,
    "backg_f1": 0.29681500792503357
}