{
    "loss": 1.015625,
    "acc": 0.5503607988357544,
    "macro_f1": 0.4968409538269043,
    "total_f1": 0.7205991744995117,
    "inf_f1": 0.5883777141571045,
    "perc_f1": 0.32968300580978394,
    "backg_f1": 0.38477662205696106
}