{
    "loss": 1.9375,
    "acc": 0.7076736688613892,
    "macro_f1": 0.5819982886314392,
    "total_f1": 0.7364264726638794,
    "inf_f1": 0.6615296602249146,
    "perc_f1": 0.48282042145729065,
    "backg_f1": 0.34203168749809265
}