{
    "loss": 1.1796875,
    "acc": 0.6213029623031616,
    "macro_f1": 0.5644415020942688,
    "total_f1": 0.7429569959640503,
    "inf_f1": 0.6124182939529419,
    "perc_f1": 0.4932284951210022,
    "backg_f1": 0.39118045568466187
}