{
    "loss": 1.6484375,
    "acc": 0.6948056221008301,
    "macro_f1": 0.5768911838531494,
    "total_f1": 0.735322117805481,
    "inf_f1": 0.660095751285553,
    "perc_f1": 0.46257737278938293,
    "backg_f1": 0.353811651468277
}