{
    "loss": 1.0078125,
    "acc": 0.6452199816703796,
    "macro_f1": 0.543878972530365,
    "total_f1": 0.7539446353912354,
    "inf_f1": 0.6041055917739868,
    "perc_f1": 0.37043964862823486,
    "backg_f1": 0.4044168293476105
}