{
    "loss": 1.296875,
    "acc": 0.640436589717865,
    "macro_f1": 0.5843133330345154,
    "total_f1": 0.745039701461792,
    "inf_f1": 0.6614612340927124,
    "perc_f1": 0.4866354465484619,
    "backg_f1": 0.4201826751232147
}