{
    "loss": 1.203125,
    "acc": 0.6463652849197388,
    "macro_f1": 0.4534924626350403,
    "total_f1": 0.6177825927734375,
    "inf_f1": 0.5766726136207581,
    "perc_f1": 0.34326520562171936,
    "backg_f1": 0.09413468837738037
}