{
    "loss": 1.0234375,
    "acc": 0.5804082751274109,
    "macro_f1": 0.5319594144821167,
    "total_f1": 0.7272968292236328,
    "inf_f1": 0.6197975277900696,
    "perc_f1": 0.4223107695579529,
    "backg_f1": 0.36750999093055725
}