{
    "loss": 1.0859375,
    "acc": 0.6494451761245728,
    "macro_f1": 0.49247419834136963,
    "total_f1": 0.7127503156661987,
    "inf_f1": 0.5543771982192993,
    "perc_f1": 0.3335997760295868,
    "backg_f1": 0.2672157287597656
}