{
    "loss": 1.078125,
    "acc": 0.569037675857544,
    "macro_f1": 0.46827608346939087,
    "total_f1": 0.721127450466156,
    "inf_f1": 0.5321346521377563,
    "perc_f1": 0.23499999940395355,
    "backg_f1": 0.36986681818962097
}