{
    "loss": 1.0859375,
    "acc": 0.4892365634441376,
    "macro_f1": 0.45008373260498047,
    "total_f1": 0.7024411559104919,
    "inf_f1": 0.5107646584510803,
    "perc_f1": 0.3424369692802429,
    "backg_f1": 0.3222790062427521
}