{
    "loss": 1.390625,
    "acc": 0.2850501835346222,
    "macro_f1": 0.2572510242462158,
    "total_f1": 0.5738584399223328,
    "inf_f1": 0.20508264005184174,
    "perc_f1": 0.21282051503658295,
    "backg_f1": 0.22477848827838898
}