{
    "loss": 1.390625,
    "acc": 0.2991982698440552,
    "macro_f1": 0.2679860591888428,
    "total_f1": 0.5784189105033875,
    "inf_f1": 0.2198268175125122,
    "perc_f1": 0.2207862138748169,
    "backg_f1": 0.22262294590473175
}