{
    "loss": 1.3984375,
    "acc": 0.2865997552871704,
    "macro_f1": 0.2571183145046234,
    "total_f1": 0.570854127407074,
    "inf_f1": 0.20398098230361938,
    "perc_f1": 0.21123431622982025,
    "backg_f1": 0.2217942476272583
}