{
    "loss": 1.3828125,
    "acc": 0.29845717549324036,
    "macro_f1": 0.26751723885536194,
    "total_f1": 0.5778059959411621,
    "inf_f1": 0.21937072277069092,
    "perc_f1": 0.22037571668624878,
    "backg_f1": 0.22313103079795837
}