{
    "loss": 1.3828125,
    "acc": 0.2962339222431183,
    "macro_f1": 0.2655711770057678,
    "total_f1": 0.5770249962806702,
    "inf_f1": 0.21603405475616455,
    "perc_f1": 0.2188558131456375,
    "backg_f1": 0.22294974327087402
}