{
    "loss": 1.3828125,
    "acc": 0.2948191165924072,
    "macro_f1": 0.26452648639678955,
    "total_f1": 0.5755097270011902,
    "inf_f1": 0.21840490400791168,
    "perc_f1": 0.21708184480667114,
    "backg_f1": 0.2206393927335739
}