{
    "loss": 1.3984375,
    "acc": 0.28653237223625183,
    "macro_f1": 0.2553623914718628,
    "total_f1": 0.5668399930000305,
    "inf_f1": 0.19729825854301453,
    "perc_f1": 0.20837968587875366,
    "backg_f1": 0.22162161767482758
}