{
    "loss": 1.3828125,
    "acc": 0.2987940311431885,
    "macro_f1": 0.2674902677536011,
    "total_f1": 0.5784189105033875,
    "inf_f1": 0.2190912365913391,
    "perc_f1": 0.22114521265029907,
    "backg_f1": 0.2210162729024887
}