{
    "loss": 1.40625,
    "acc": 0.27811089158058167,
    "macro_f1": 0.2492671012878418,
    "total_f1": 0.5632460713386536,
    "inf_f1": 0.18783162534236908,
    "perc_f1": 0.20461422204971313,
    "backg_f1": 0.2252391278743744
}