{
    "loss": 1.484375,
    "acc": 0.1732129603624344,
    "macro_f1": 0.16096849739551544,
    "total_f1": 0.5835878252983093,
    "inf_f1": 0.1294316202402115,
    "perc_f1": 0.14792752265930176,
    "backg_f1": 0.2674099802970886
}