{
    "loss": 1.4375,
    "acc": 0.2493431270122528,
    "macro_f1": 0.22628545761108398,
    "total_f1": 0.5560603737831116,
    "inf_f1": 0.16320885717868805,
    "perc_f1": 0.18148747086524963,
    "backg_f1": 0.22798365354537964
}