{
    "loss": 1.3828125,
    "acc": 0.2981877028942108,
    "macro_f1": 0.26715004444122314,
    "total_f1": 0.5776752233505249,
    "inf_f1": 0.21849629282951355,
    "perc_f1": 0.2210639864206314,
    "backg_f1": 0.22178542613983154
}