{
    "loss": 1.3828125,
    "acc": 0.297446608543396,
    "macro_f1": 0.26612329483032227,
    "total_f1": 0.5762633681297302,
    "inf_f1": 0.21637839078903198,
    "perc_f1": 0.2200716882944107,
    "backg_f1": 0.22112374007701874
}