{
    "loss": 1.3828125,
    "acc": 0.29886141419410706,
    "macro_f1": 0.2675958573818207,
    "total_f1": 0.5778931975364685,
    "inf_f1": 0.21877752244472504,
    "perc_f1": 0.22034507989883423,
    "backg_f1": 0.22287967801094055
}