{
    "loss": 1.4140625,
    "acc": 0.2720474302768707,
    "macro_f1": 0.2445206493139267,
    "total_f1": 0.5607733130455017,
    "inf_f1": 0.1874023973941803,
    "perc_f1": 0.19940030574798584,
    "backg_f1": 0.22055137157440186
}