{
    "loss": 1.390625,
    "acc": 0.28942936658859253,
    "macro_f1": 0.26012903451919556,
    "total_f1": 0.5734458565711975,
    "inf_f1": 0.21078431606292725,
    "perc_f1": 0.21295279264450073,
    "backg_f1": 0.22264936566352844
}