{
    "loss": 1.390625,
    "acc": 0.29050731658935547,
    "macro_f1": 0.26190730929374695,
    "total_f1": 0.5751776099205017,
    "inf_f1": 0.21518544852733612,
    "perc_f1": 0.21682043373584747,
    "backg_f1": 0.22163935005664825
}