{
    "loss": 1.453125,
    "acc": 0.20689886808395386,
    "macro_f1": 0.19867968559265137,
    "total_f1": 0.5666106343269348,
    "inf_f1": 0.15502840280532837,
    "perc_f1": 0.1744161993265152,
    "backg_f1": 0.23992206156253815
}