{
    "loss": 1.421875,
    "acc": 0.2523748576641083,
    "macro_f1": 0.23196041584014893,
    "total_f1": 0.5612250566482544,
    "inf_f1": 0.17857737839221954,
    "perc_f1": 0.19548597931861877,
    "backg_f1": 0.2195121943950653
}