{
    "loss": 1.0625,
    "acc": 0.6731119155883789,
    "macro_f1": 0.5653326511383057,
    "total_f1": 0.7429683208465576,
    "inf_f1": 0.6523425579071045,
    "perc_f1": 0.4849989712238312,
    "backg_f1": 0.30676618218421936
}