{
    "loss": 1.0,
    "acc": 0.5589840412139893,
    "macro_f1": 0.5090265274047852,
    "total_f1": 0.7306728363037109,
    "inf_f1": 0.6238083839416504,
    "perc_f1": 0.3743189573287964,
    "backg_f1": 0.33468690514564514
}