{
    "loss": 1.1640625,
    "acc": 0.6126793622970581,
    "macro_f1": 0.5509339570999146,
    "total_f1": 0.7410076856613159,
    "inf_f1": 0.6569302678108215,
    "perc_f1": 0.42841649055480957,
    "backg_f1": 0.36332574486732483
}