{
    "loss": 1.2578125,
    "acc": 0.6599070429801941,
    "macro_f1": 0.5788253545761108,
    "total_f1": 0.7558972835540771,
    "inf_f1": 0.6670247316360474,
    "perc_f1": 0.4315328598022461,
    "backg_f1": 0.41748037934303284
}