{
    "loss": 1.0078125,
    "acc": 0.6574142575263977,
    "macro_f1": 0.5349207520484924,
    "total_f1": 0.7706266641616821,
    "inf_f1": 0.5858162045478821,
    "perc_f1": 0.36155468225479126,
    "backg_f1": 0.37113821506500244
}