{
    "loss": 1.3046875,
    "acc": 0.40369197726249695,
    "macro_f1": 0.3206368088722229,
    "total_f1": 0.6210265755653381,
    "inf_f1": 0.3257978856563568,
    "perc_f1": 0.26705557107925415,
    "backg_f1": 0.11863458156585693
}