{
    "loss": 1.0390625,
    "acc": 0.6235936284065247,
    "macro_f1": 0.5704009532928467,
    "total_f1": 0.7445797920227051,
    "inf_f1": 0.6636167764663696,
    "perc_f1": 0.462700217962265,
    "backg_f1": 0.4001241624355316
}