{
    "loss": 1.140625,
    "acc": 0.6859799027442932,
    "macro_f1": 0.5889714956283569,
    "total_f1": 0.7643413543701172,
    "inf_f1": 0.6522101759910583,
    "perc_f1": 0.4778902530670166,
    "backg_f1": 0.39923590421676636
}