{
    "loss": 1.1484375,
    "acc": 0.6256147623062134,
    "macro_f1": 0.479007363319397,
    "total_f1": 0.6979365348815918,
    "inf_f1": 0.5524193644523621,
    "perc_f1": 0.35968464612960815,
    "backg_f1": 0.21080446243286133
}