{
    "loss": 1.5859375,
    "acc": 0.699252188205719,
    "macro_f1": 0.6003395318984985,
    "total_f1": 0.751017689704895,
    "inf_f1": 0.708656907081604,
    "perc_f1": 0.46990931034088135,
    "backg_f1": 0.3926031291484833
}