{
    "loss": 1.4375,
    "acc": 0.6750656962394714,
    "macro_f1": 0.5937501192092896,
    "total_f1": 0.7568933963775635,
    "inf_f1": 0.7056846618652344,
    "perc_f1": 0.4741681218147278,
    "backg_f1": 0.38600772619247437
}