{
    "loss": 1.46875,
    "acc": 0.7150845527648926,
    "macro_f1": 0.6144762635231018,
    "total_f1": 0.7580194473266602,
    "inf_f1": 0.7270147800445557,
    "perc_f1": 0.47654250264167786,
    "backg_f1": 0.41432762145996094
}