{
    "loss": 1.0234375,
    "acc": 0.6202923655509949,
    "macro_f1": 0.5589706897735596,
    "total_f1": 0.7515227198600769,
    "inf_f1": 0.6278161406517029,
    "perc_f1": 0.4337300658226013,
    "backg_f1": 0.40993183851242065
}