{
    "loss": 1.2421875,
    "acc": 0.6516876816749573,
    "macro_f1": 0.5937100648880005,
    "total_f1": 0.756083607673645,
    "inf_f1": 0.7020023465156555,
    "perc_f1": 0.46533203125,
    "backg_f1": 0.4243827164173126
}