{
    "loss": 1.1328125,
    "acc": 0.6818702220916748,
    "macro_f1": 0.5996557474136353,
    "total_f1": 0.7540957927703857,
    "inf_f1": 0.6738995909690857,
    "perc_f1": 0.48577189445495605,
    "backg_f1": 0.4258140027523041
}