{
    "loss": 1.0234375,
    "acc": 0.6324867010116577,
    "macro_f1": 0.5178571939468384,
    "total_f1": 0.7499056458473206,
    "inf_f1": 0.5795308947563171,
    "perc_f1": 0.3621947467327118,
    "backg_f1": 0.3312361240386963
}