{
    "loss": 1.59375,
    "acc": 0.60808926820755,
    "macro_f1": 0.5325751304626465,
    "total_f1": 0.7375097274780273,
    "inf_f1": 0.6065911650657654,
    "perc_f1": 0.4227488040924072,
    "backg_f1": 0.33233532309532166
}