{
    "loss": 1.015625,
    "acc": 0.5859559774398804,
    "macro_f1": 0.5336035490036011,
    "total_f1": 0.7436767220497131,
    "inf_f1": 0.5675833821296692,
    "perc_f1": 0.4414776861667633,
    "backg_f1": 0.39156246185302734
}