{
    "loss": 1.4921875,
    "acc": 0.6824328303337097,
    "macro_f1": 0.5331817865371704,
    "total_f1": 0.7376905083656311,
    "inf_f1": 0.6121461391448975,
    "perc_f1": 0.4313625991344452,
    "backg_f1": 0.24994391202926636
}