{
    "loss": 0.9921875,
    "acc": 0.6366503238677979,
    "macro_f1": 0.5128570795059204,
    "total_f1": 0.7474152445793152,
    "inf_f1": 0.5333107709884644,
    "perc_f1": 0.34378769993782043,
    "backg_f1": 0.3750697672367096
}