{
    "loss": 1.0859375,
    "acc": 0.637499213218689,
    "macro_f1": 0.4887458086013794,
    "total_f1": 0.7526399493217468,
    "inf_f1": 0.4239940345287323,
    "perc_f1": 0.42674335837364197,
    "backg_f1": 0.2827800214290619
}