{
    "loss": 1.0390625,
    "acc": 0.5843186974525452,
    "macro_f1": 0.5197658538818359,
    "total_f1": 0.7464940547943115,
    "inf_f1": 0.5597286224365234,
    "perc_f1": 0.3884446620941162,
    "backg_f1": 0.3904630243778229
}