{
    "loss": 0.9765625,
    "acc": 0.7495478987693787,
    "total_f1": 0.704375684261322
}