{
    "loss": 0.64453125,
    "acc": 0.7739602327346802,
    "total_f1": 0.7406638860702515
}