{
    "loss": 0.54296875,
    "acc": 0.7594936490058899,
    "total_f1": 0.621082603931427
}