{
    "loss": 0.83203125,
    "acc": 0.7694393992424011,
    "total_f1": 0.7144457101821899
}