{
    "loss": 2.0625,
    "acc": 0.6924383044242859,
    "macro_f1": 0.5911699533462524,
    "total_f1": 0.7600147724151611,
    "inf_f1": 0.6840323209762573,
    "perc_f1": 0.46709346771240234,
    "backg_f1": 0.3810015618801117
}