{
    "loss": 1.328125,
    "acc": 0.6341034770011902,
    "macro_f1": 0.5699394941329956,
    "total_f1": 0.7543026208877563,
    "inf_f1": 0.6426872611045837,
    "perc_f1": 0.45140933990478516,
    "backg_f1": 0.4054199159145355
}