{
    "loss": 1.3359375,
    "acc": 0.6700018048286438,
    "macro_f1": 0.574593186378479,
    "total_f1": 0.7597182989120483,
    "inf_f1": 0.6738241314888,
    "perc_f1": 0.4591573476791382,
    "backg_f1": 0.347054660320282
}