{
    "loss": 1.7265625,
    "acc": 0.6991086006164551,
    "macro_f1": 0.5956229567527771,
    "total_f1": 0.7715504765510559,
    "inf_f1": 0.6863393783569336,
    "perc_f1": 0.46689555048942566,
    "backg_f1": 0.389475554227829
}