{
    "loss": 1.0546875,
    "acc": 0.6377418041229248,
    "macro_f1": 0.5174849629402161,
    "total_f1": 0.7448141574859619,
    "inf_f1": 0.614122211933136,
    "perc_f1": 0.39451950788497925,
    "backg_f1": 0.25822556018829346
}