{
    "loss": 1.140625,
    "acc": 0.5755260586738586,
    "macro_f1": 0.53883957862854,
    "total_f1": 0.7203640341758728,
    "inf_f1": 0.6465661525726318,
    "perc_f1": 0.44893524050712585,
    "backg_f1": 0.3545019030570984
}