{
    "loss": 1.8203125,
    "acc": 0.6611484885215759,
    "macro_f1": 0.5843105316162109,
    "total_f1": 0.751181423664093,
    "inf_f1": 0.6830083727836609,
    "perc_f1": 0.46656230092048645,
    "backg_f1": 0.38532111048698425
}