{
    "loss": 1.0,
    "acc": 0.5279242992401123,
    "macro_f1": 0.5035359859466553,
    "total_f1": 0.7091009020805359,
    "inf_f1": 0.6438204646110535,
    "perc_f1": 0.3558313846588135,
    "backg_f1": 0.3744162321090698
}