{
    "loss": 1.0625,
    "acc": 0.6079679727554321,
    "macro_f1": 0.5497336983680725,
    "total_f1": 0.7470056414604187,
    "inf_f1": 0.6451923251152039,
    "perc_f1": 0.4050423502922058,
    "backg_f1": 0.3978275656700134
}