{
    "loss": 1.3046875,
    "acc": 0.4428350031375885,
    "macro_f1": 0.33136850595474243,
    "total_f1": 0.6224592924118042,
    "inf_f1": 0.34378042817115784,
    "perc_f1": 0.2794405221939087,
    "backg_f1": 0.07806814461946487
}