{
    "loss": 0.99609375,
    "acc": 0.6624671816825867,
    "macro_f1": 0.5380431413650513,
    "total_f1": 0.762771725654602,
    "inf_f1": 0.602843165397644,
    "perc_f1": 0.3441122770309448,
    "backg_f1": 0.3836389183998108
}