{
    "loss": 1.046875,
    "acc": 0.6973657608032227,
    "macro_f1": 0.5964048504829407,
    "total_f1": 0.7773711085319519,
    "inf_f1": 0.6536611318588257,
    "perc_f1": 0.45759913325309753,
    "backg_f1": 0.437812864780426
}