{
    "loss": 0.96484375,
    "acc": 0.6334298849105835,
    "macro_f1": 0.5532653331756592,
    "total_f1": 0.7658367156982422,
    "inf_f1": 0.6547107696533203,
    "perc_f1": 0.4045064449310303,
    "backg_f1": 0.36559611558914185
}