{
    "loss": 1.109375,
    "acc": 0.6652293801307678,
    "macro_f1": 0.5920048952102661,
    "total_f1": 0.7659574747085571,
    "inf_f1": 0.6631195545196533,
    "perc_f1": 0.4524986147880554,
    "backg_f1": 0.45235148072242737
}