{
    "loss": 0.9921875,
    "acc": 0.6899548768997192,
    "macro_f1": 0.5881209373474121,
    "total_f1": 0.7673429846763611,
    "inf_f1": 0.6632911562919617,
    "perc_f1": 0.45828381180763245,
    "backg_f1": 0.3994051516056061
}