{
    "loss": 1.078125,
    "acc": 0.6504749655723572,
    "macro_f1": 0.5739080905914307,
    "total_f1": 0.7600723505020142,
    "inf_f1": 0.6576253771781921,
    "perc_f1": 0.4299674332141876,
    "backg_f1": 0.41716867685317993
}