{
    "loss": 0.99609375,
    "acc": 0.6274338364601135,
    "macro_f1": 0.5630661249160767,
    "total_f1": 0.7556533217430115,
    "inf_f1": 0.6471312642097473,
    "perc_f1": 0.4134790599346161,
    "backg_f1": 0.42650917172431946
}