{
    "loss": 1.2578125,
    "acc": 0.5452064871788025,
    "macro_f1": 0.4607542157173157,
    "total_f1": 0.6966348886489868,
    "inf_f1": 0.4571240246295929,
    "perc_f1": 0.33792734146118164,
    "backg_f1": 0.3282548487186432
}