{
    "loss": 1.9609375,
    "acc": 0.663270890712738,
    "macro_f1": 0.5375325083732605,
    "total_f1": 0.7407962679862976,
    "inf_f1": 0.6066810488700867,
    "perc_f1": 0.40363314747810364,
    "backg_f1": 0.31578946113586426
}