{
    "loss": 1.8046875,
    "acc": 0.35868048667907715,
    "macro_f1": 0.31803369522094727,
    "total_f1": 0.6138899326324463,
    "inf_f1": 0.28923293948173523,
    "perc_f1": 0.26714158058166504,
    "backg_f1": 0.22337482869625092
}