{
    "loss": 1.59375,
    "acc": 0.6368322372436523,
    "macro_f1": 0.5272321701049805,
    "total_f1": 0.7430599331855774,
    "inf_f1": 0.5883454084396362,
    "perc_f1": 0.3829898238182068,
    "backg_f1": 0.3360459506511688
}