{
    "loss": 1.5078125,
    "acc": 0.6270692944526672,
    "macro_f1": 0.5011327266693115,
    "total_f1": 0.7296027541160583,
    "inf_f1": 0.5810505151748657,
    "perc_f1": 0.39812982082366943,
    "backg_f1": 0.22592099010944366
}