{
    "loss": 1.7578125,
    "acc": 0.6461706161499023,
    "macro_f1": 0.5389798879623413,
    "total_f1": 0.7403268218040466,
    "inf_f1": 0.6059321761131287,
    "perc_f1": 0.37530073523521423,
    "backg_f1": 0.36948639154434204
}