{
    "loss": 2.015625,
    "acc": 0.6553877592086792,
    "macro_f1": 0.5318975448608398,
    "total_f1": 0.7316892743110657,
    "inf_f1": 0.6019662022590637,
    "perc_f1": 0.3676205277442932,
    "backg_f1": 0.34399858117103577
}