{
    "loss": 1.6953125,
    "acc": 0.6370141506195068,
    "macro_f1": 0.5305166244506836,
    "total_f1": 0.7317487001419067,
    "inf_f1": 0.5861321687698364,
    "perc_f1": 0.40469738841056824,
    "backg_f1": 0.332446813583374
}