{
    "loss": 1.4921875,
    "acc": 0.652052640914917,
    "macro_f1": 0.5055312514305115,
    "total_f1": 0.7205542922019958,
    "inf_f1": 0.5758851170539856,
    "perc_f1": 0.38420820236206055,
    "backg_f1": 0.24360425770282745
}