{
    "loss": 1.3125,
    "acc": 0.632102370262146,
    "macro_f1": 0.49988287687301636,
    "total_f1": 0.728191077709198,
    "inf_f1": 0.5508695840835571,
    "perc_f1": 0.3374439477920532,
    "backg_f1": 0.3082059323787689
}