{
    "loss": 1.2421875,
    "acc": 0.5997816920280457,
    "macro_f1": 0.4827214777469635,
    "total_f1": 0.7059231996536255,
    "inf_f1": 0.5443242192268372,
    "perc_f1": 0.3573344349861145,
    "backg_f1": 0.2571483254432678
}