{
    "loss": 1.3828125,
    "acc": 0.2973118722438812,
    "macro_f1": 0.26631513237953186,
    "total_f1": 0.5772779583930969,
    "inf_f1": 0.21788501739501953,
    "perc_f1": 0.21915845572948456,
    "backg_f1": 0.22193168103694916
}