{
    "loss": 1.390625,
    "acc": 0.2871387302875519,
    "macro_f1": 0.25913843512535095,
    "total_f1": 0.5746272802352905,
    "inf_f1": 0.2068965584039688,
    "perc_f1": 0.21314190328121185,
    "backg_f1": 0.2279776632785797
}