{
    "loss": 1.3828125,
    "acc": 0.2986592948436737,
    "macro_f1": 0.2670087516307831,
    "total_f1": 0.5765984654426575,
    "inf_f1": 0.21705976128578186,
    "perc_f1": 0.2206277996301651,
    "backg_f1": 0.22156475484371185
}