{
    "loss": 1.3984375,
    "acc": 0.2883514165878296,
    "macro_f1": 0.2583611011505127,
    "total_f1": 0.5707050561904907,
    "inf_f1": 0.2052186131477356,
    "perc_f1": 0.21202705800533295,
    "backg_f1": 0.2220795899629593
}