{
    "loss": 1.3828125,
    "acc": 0.2983224391937256,
    "macro_f1": 0.2669960856437683,
    "total_f1": 0.5772517323493958,
    "inf_f1": 0.21771347522735596,
    "perc_f1": 0.22001086175441742,
    "backg_f1": 0.22236734628677368
}