{
    "loss": 1.3828125,
    "acc": 0.2965707778930664,
    "macro_f1": 0.2653627395629883,
    "total_f1": 0.5764081478118896,
    "inf_f1": 0.21757468581199646,
    "perc_f1": 0.21824686229228973,
    "backg_f1": 0.21957671642303467
}