{
    "loss": 1.390625,
    "acc": 0.29185473918914795,
    "macro_f1": 0.2628398537635803,
    "total_f1": 0.575853168964386,
    "inf_f1": 0.21677464246749878,
    "perc_f1": 0.2165333330631256,
    "backg_f1": 0.22167567908763885
}