{
    "loss": 1.484375,
    "acc": 0.17341507971286774,
    "macro_f1": 0.16125993430614471,
    "total_f1": 0.5837315917015076,
    "inf_f1": 0.13013313710689545,
    "perc_f1": 0.1479642540216446,
    "backg_f1": 0.2668251693248749
}