{
    "loss": 1.421875,
    "acc": 0.2535201907157898,
    "macro_f1": 0.23275932669639587,
    "total_f1": 0.5618078112602234,
    "inf_f1": 0.17945730686187744,
    "perc_f1": 0.19559279084205627,
    "backg_f1": 0.21943573653697968
}