{
    "loss": 1.453125,
    "acc": 0.2083136886358261,
    "macro_f1": 0.19976049661636353,
    "total_f1": 0.5663018226623535,
    "inf_f1": 0.15593107044696808,
    "perc_f1": 0.17398475110530853,
    "backg_f1": 0.2407045066356659
}