{
    "loss": 1.4375,
    "acc": 0.24988210201263428,
    "macro_f1": 0.22648705542087555,
    "total_f1": 0.55661541223526,
    "inf_f1": 0.16368995606899261,
    "perc_f1": 0.18038740754127502,
    "backg_f1": 0.22791942954063416
}