{
    "loss": 1.40625,
    "acc": 0.2797278165817261,
    "macro_f1": 0.25071439146995544,
    "total_f1": 0.5648530721664429,
    "inf_f1": 0.18974995613098145,
    "perc_f1": 0.2059323638677597,
    "backg_f1": 0.22550831735134125
}