{
    "loss": 1.390625,
    "acc": 0.29138314723968506,
    "macro_f1": 0.26136234402656555,
    "total_f1": 0.5739100575447083,
    "inf_f1": 0.21143057942390442,
    "perc_f1": 0.21368150413036346,
    "backg_f1": 0.22261370718479156
}