{
    "loss": 1.3984375,
    "acc": 0.28767770528793335,
    "macro_f1": 0.2561785578727722,
    "total_f1": 0.5665528774261475,
    "inf_f1": 0.1970776915550232,
    "perc_f1": 0.20896077156066895,
    "backg_f1": 0.2229987233877182
}