{
    "loss": 1.4140625,
    "acc": 0.27319276332855225,
    "macro_f1": 0.24536612629890442,
    "total_f1": 0.5605635643005371,
    "inf_f1": 0.18787984549999237,
    "perc_f1": 0.19981220364570618,
    "backg_f1": 0.22142073512077332
}