{
    "loss": 1.0390625,
    "acc": 0.6758067607879639,
    "macro_f1": 0.5716047286987305,
    "total_f1": 0.7444292306900024,
    "inf_f1": 0.6556272506713867,
    "perc_f1": 0.45921576023101807,
    "backg_f1": 0.35569649934768677
}