{
    "loss": 1.375,
    "acc": 0.6196186542510986,
    "macro_f1": 0.5631211400032043,
    "total_f1": 0.7205851078033447,
    "inf_f1": 0.6576290726661682,
    "perc_f1": 0.47899505496025085,
    "backg_f1": 0.3680555522441864
}