{
    "loss": 1.078125,
    "acc": 0.6459610462188721,
    "macro_f1": 0.5771728754043579,
    "total_f1": 0.7459427714347839,
    "inf_f1": 0.650839626789093,
    "perc_f1": 0.45808735489845276,
    "backg_f1": 0.4187045693397522
}