{
    "loss": 1.296875,
    "acc": 0.6666442155838013,
    "macro_f1": 0.5519996285438538,
    "total_f1": 0.7330449819564819,
    "inf_f1": 0.6488463878631592,
    "perc_f1": 0.46121594309806824,
    "backg_f1": 0.28556883335113525
}