{
    "loss": 1.140625,
    "acc": 0.6499360203742981,
    "macro_f1": 0.4340141713619232,
    "total_f1": 0.6017139554023743,
    "inf_f1": 0.5885655879974365,
    "perc_f1": 0.20249652862548828,
    "backg_f1": 0.14133332669734955
}