{
    "loss": 1.125,
    "acc": 0.5906487703323364,
    "macro_f1": 0.48209860920906067,
    "total_f1": 0.7454633116722107,
    "inf_f1": 0.5310369729995728,
    "perc_f1": 0.2578754723072052,
    "backg_f1": 0.38229116797447205
}