{
    "loss": 1.328125,
    "acc": 0.38092029094696045,
    "macro_f1": 0.3265942931175232,
    "total_f1": 0.6037479043006897,
    "inf_f1": 0.29824891686439514,
    "perc_f1": 0.2510937750339508,
    "backg_f1": 0.2310301661491394
}