{
    "loss": 1.3359375,
    "acc": 0.3857037127017975,
    "macro_f1": 0.32393723726272583,
    "total_f1": 0.5932214260101318,
    "inf_f1": 0.28175798058509827,
    "perc_f1": 0.24942439794540405,
    "backg_f1": 0.22647584974765778
}