{
    "loss": 1.34375,
    "acc": 0.35195040702819824,
    "macro_f1": 0.30415841937065125,
    "total_f1": 0.5879635214805603,
    "inf_f1": 0.26239821314811707,
    "perc_f1": 0.24028804898262024,
    "backg_f1": 0.2260357141494751
}