{
    "loss": 1.328125,
    "acc": 0.3806508183479309,
    "macro_f1": 0.32577818632125854,
    "total_f1": 0.6020825505256653,
    "inf_f1": 0.29756468534469604,
    "perc_f1": 0.25023552775382996,
    "backg_f1": 0.22904326021671295
}