{
    "loss": 1.328125,
    "acc": 0.38220036029815674,
    "macro_f1": 0.32584071159362793,
    "total_f1": 0.600012481212616,
    "inf_f1": 0.29573169350624084,
    "perc_f1": 0.24889571964740753,
    "backg_f1": 0.22972489893436432
}