{
    "loss": 1.3203125,
    "acc": 0.3831435739994049,
    "macro_f1": 0.32742375135421753,
    "total_f1": 0.6037361025810242,
    "inf_f1": 0.2988463044166565,
    "perc_f1": 0.25067803263664246,
    "backg_f1": 0.23058992624282837
}