{
    "loss": 1.359375,
    "acc": 0.35026612877845764,
    "macro_f1": 0.29878658056259155,
    "total_f1": 0.5794392228126526,
    "inf_f1": 0.2507895231246948,
    "perc_f1": 0.23511333763599396,
    "backg_f1": 0.218854621052742
}