{
    "loss": 1.3984375,
    "acc": 0.29758134484291077,
    "macro_f1": 0.2611869275569916,
    "total_f1": 0.5650849342346191,
    "inf_f1": 0.1971445381641388,
    "perc_f1": 0.2034434974193573,
    "backg_f1": 0.2326187789440155
}