{
    "loss": 1.34375,
    "acc": 0.3686586320400238,
    "macro_f1": 0.3147362172603607,
    "total_f1": 0.5917306542396545,
    "inf_f1": 0.272796630859375,
    "perc_f1": 0.2450164556503296,
    "backg_f1": 0.22864103317260742
}