{
    "loss": 1.3203125,
    "acc": 0.3811224102973938,
    "macro_f1": 0.32613638043403625,
    "total_f1": 0.6044785380363464,
    "inf_f1": 0.29823270440101624,
    "perc_f1": 0.24995163083076477,
    "backg_f1": 0.2292902022600174
}