{
    "loss": 1.4296875,
    "acc": 0.25823619961738586,
    "macro_f1": 0.2326509952545166,
    "total_f1": 0.5577141642570496,
    "inf_f1": 0.18598216772079468,
    "perc_f1": 0.1903178095817566,
    "backg_f1": 0.19873373210430145
}