{
    "loss": 1.375,
    "acc": 0.29097890853881836,
    "macro_f1": 0.2651274800300598,
    "total_f1": 0.5807257890701294,
    "inf_f1": 0.2298373132944107,
    "perc_f1": 0.22679045796394348,
    "backg_f1": 0.21520951390266418
}