{
    "loss": 1.3359375,
    "acc": 0.37970760464668274,
    "macro_f1": 0.32151731848716736,
    "total_f1": 0.5964627265930176,
    "inf_f1": 0.29453593492507935,
    "perc_f1": 0.24701492488384247,
    "backg_f1": 0.21634887158870697
}