{
    "loss": 1.328125,
    "acc": 0.3819982409477234,
    "macro_f1": 0.32687801122665405,
    "total_f1": 0.6043833494186401,
    "inf_f1": 0.29974159598350525,
    "perc_f1": 0.2502409815788269,
    "backg_f1": 0.22967369854450226
}