{
    "loss": 1.3203125,
    "acc": 0.3824024796485901,
    "macro_f1": 0.3267967700958252,
    "total_f1": 0.6046482920646667,
    "inf_f1": 0.2985130250453949,
    "perc_f1": 0.24893368780612946,
    "backg_f1": 0.2304806113243103
}