{
    "loss": 1.21875,
    "acc": 0.35262206196784973,
    "macro_f1": 0.3191268742084503,
    "total_f1": 0.6113776564598083,
    "inf_f1": 0.6988416910171509,
    "perc_f1": 0.06382978707551956,
    "backg_f1": 0.2668240964412689
}