{
    "loss": 1.8359375,
    "acc": 0.7106691002845764,
    "macro_f1": 0.5096503496170044,
    "total_f1": 0.6849641799926758,
    "inf_f1": 0.8464912176132202,
    "perc_f1": 0.16107381880283356,
    "backg_f1": 0.22317597270011902
}