{
    "loss": 3.0,
    "acc": 0.7278481125831604,
    "macro_f1": 0.5043926239013672,
    "total_f1": 0.656410276889801,
    "inf_f1": 0.8792710900306702,
    "perc_f1": 0.12280701845884323,
    "backg_f1": 0.20264317095279694
}