{
    "loss": 1.6328125,
    "acc": 0.7215189933776855,
    "macro_f1": 0.49834251403808594,
    "total_f1": 0.6641318202018738,
    "inf_f1": 0.8558558821678162,
    "perc_f1": 0.13235294818878174,
    "backg_f1": 0.19138756394386292
}