{
    "loss": 1.0625,
    "acc": 0.5027124881744385,
    "macro_f1": 0.4502544105052948,
    "total_f1": 0.6616666913032532,
    "inf_f1": 0.7640449404716492,
    "perc_f1": 0.19073569774627686,
    "backg_f1": 0.24742268025875092
}