{
    "loss": 1.0703125,
    "acc": 0.6283906102180481,
    "macro_f1": 0.44536271691322327,
    "total_f1": 0.6974790096282959,
    "inf_f1": 0.7824074029922485,
    "perc_f1": 0.21487602591514587,
    "backg_f1": 0.012738853693008423
}