{
    "loss": 1.03125,
    "acc": 0.6790235042572021,
    "macro_f1": 0.49525153636932373,
    "total_f1": 0.6946902871131897,
    "inf_f1": 0.8322717547416687,
    "perc_f1": 0.18666666746139526,
    "backg_f1": 0.17307692766189575
}