{
    "loss": 1.0859375,
    "acc": 0.668173611164093,
    "macro_f1": 0.5147843956947327,
    "total_f1": 0.7097457647323608,
    "inf_f1": 0.8741418719291687,
    "perc_f1": 0.17886178195476532,
    "backg_f1": 0.2222222238779068
}