{
    "loss": 1.3203125,
    "acc": 0.6943942308425903,
    "macro_f1": 0.5172616839408875,
    "total_f1": 0.6758304834365845,
    "inf_f1": 0.8803611993789673,
    "perc_f1": 0.1656050980091095,
    "backg_f1": 0.23443223536014557
}