{
    "loss": 0.96484375,
    "acc": 0.702531635761261,
    "macro_f1": 0.5139356851577759,
    "total_f1": 0.6895761489868164,
    "inf_f1": 0.8503254055976868,
    "perc_f1": 0.1304347813129425,
    "backg_f1": 0.277372270822525
}