{
    "loss": 0.953125,
    "acc": 0.6245555877685547,
    "macro_f1": 0.5673010349273682,
    "total_f1": 0.753614068031311,
    "inf_f1": 0.6539433002471924,
    "perc_f1": 0.4435752034187317,
    "backg_f1": 0.40418702363967896
}