{
    "loss": 1.015625,
    "acc": 0.6154836416244507,
    "macro_f1": 0.4864385724067688,
    "total_f1": 0.7493195533752441,
    "inf_f1": 0.5669947266578674,
    "perc_f1": 0.3481265902519226,
    "backg_f1": 0.23607562482357025
}