{
    "loss": 1.109375,
    "acc": 0.6285399198532104,
    "macro_f1": 0.5341436862945557,
    "total_f1": 0.729735255241394,
    "inf_f1": 0.6518042087554932,
    "perc_f1": 0.35243797302246094,
    "backg_f1": 0.3517231047153473
}