{
    "loss": 1.1015625,
    "acc": 0.4508397579193115,
    "macro_f1": 0.4591905474662781,
    "total_f1": 0.6768326759338379,
    "inf_f1": 0.6226741671562195,
    "perc_f1": 0.35866066813468933,
    "backg_f1": 0.35034552216529846
}