{
    "loss": 1.3671875,
    "acc": 0.6595562100410461,
    "macro_f1": 0.5859969854354858,
    "total_f1": 0.7609481811523438,
    "inf_f1": 0.6832829713821411,
    "perc_f1": 0.46144095063209534,
    "backg_f1": 0.4010274410247803
}