{
    "loss": 1.203125,
    "acc": 0.6839524507522583,
    "macro_f1": 0.5774149298667908,
    "total_f1": 0.7436302304267883,
    "inf_f1": 0.6786337494850159,
    "perc_f1": 0.4476834833621979,
    "backg_f1": 0.3598679304122925
}