{
    "loss": 1.09375,
    "acc": 0.6092313528060913,
    "macro_f1": 0.5074702501296997,
    "total_f1": 0.753559947013855,
    "inf_f1": 0.5809296369552612,
    "perc_f1": 0.3123588263988495,
    "backg_f1": 0.36208853125572205
}