{
    "loss": 1.1875,
    "acc": 0.6728576421737671,
    "macro_f1": 0.4736987352371216,
    "total_f1": 0.6637539267539978,
    "inf_f1": 0.6045759320259094,
    "perc_f1": 0.3521716296672821,
    "backg_f1": 0.11415524780750275
}