{
    "loss": 1.25,
    "acc": 0.6512811183929443,
    "macro_f1": 0.5741990804672241,
    "total_f1": 0.7535619139671326,
    "inf_f1": 0.6773829460144043,
    "perc_f1": 0.44881725311279297,
    "backg_f1": 0.37188780307769775
}