{
    "loss": 1.4921875,
    "acc": 0.7019737362861633,
    "macro_f1": 0.5948606729507446,
    "total_f1": 0.7647461891174316,
    "inf_f1": 0.7148481607437134,
    "perc_f1": 0.4724409580230713,
    "backg_f1": 0.3507559299468994
}