{
    "loss": 1.8125,
    "acc": 0.6838911175727844,
    "macro_f1": 0.5873374938964844,
    "total_f1": 0.7586257457733154,
    "inf_f1": 0.6913929581642151,
    "perc_f1": 0.48776406049728394,
    "backg_f1": 0.3431908190250397
}