{
    "loss": 1.96875,
    "acc": 0.6977442502975464,
    "macro_f1": 0.5940327048301697,
    "total_f1": 0.7511264085769653,
    "inf_f1": 0.697529137134552,
    "perc_f1": 0.4924580454826355,
    "backg_f1": 0.35298952460289
}