{
    "loss": 1.0234375,
    "acc": 0.5574353337287903,
    "macro_f1": 0.5219004154205322,
    "total_f1": 0.7329207062721252,
    "inf_f1": 0.6460968852043152,
    "perc_f1": 0.4083190858364105,
    "backg_f1": 0.32824426889419556
}