{
    "loss": 1.921875,
    "acc": 0.7036901116371155,
    "macro_f1": 0.597252368927002,
    "total_f1": 0.7594839334487915,
    "inf_f1": 0.695171594619751,
    "perc_f1": 0.49886152148246765,
    "backg_f1": 0.35472333431243896
}