{
    "loss": 1.2578125,
    "acc": 0.4552987813949585,
    "macro_f1": 0.3926362097263336,
    "total_f1": 0.6346978545188904,
    "inf_f1": 0.3830699026584625,
    "perc_f1": 0.2800177335739136,
    "backg_f1": 0.30071398615837097
}