{
    "loss": 1.0703125,
    "acc": 0.45166072249412537,
    "macro_f1": 0.4454123377799988,
    "total_f1": 0.6765940189361572,
    "inf_f1": 0.6082499623298645,
    "perc_f1": 0.32980725169181824,
    "backg_f1": 0.30116960406303406
}