{
    "loss": 1.4765625,
    "acc": 0.6476453542709351,
    "macro_f1": 0.5761228799819946,
    "total_f1": 0.7382381558418274,
    "inf_f1": 0.68863445520401,
    "perc_f1": 0.4313827157020569,
    "backg_f1": 0.4027089476585388
}