{
    "loss": 1.6171875,
    "acc": 0.6791753768920898,
    "macro_f1": 0.5857629179954529,
    "total_f1": 0.7418105602264404,
    "inf_f1": 0.686453104019165,
    "perc_f1": 0.45808306336402893,
    "backg_f1": 0.3835722506046295
}