{
    "loss": 1.3984375,
    "acc": 0.66866534948349,
    "macro_f1": 0.5815718173980713,
    "total_f1": 0.7555932998657227,
    "inf_f1": 0.6729667782783508,
    "perc_f1": 0.44988521933555603,
    "backg_f1": 0.39286357164382935
}