{
    "loss": 0.98828125,
    "acc": 0.6712928414344788,
    "macro_f1": 0.5821608304977417,
    "total_f1": 0.7587782740592957,
    "inf_f1": 0.6592840552330017,
    "perc_f1": 0.4306751787662506,
    "backg_f1": 0.42996281385421753
}