{
    "loss": 1.40625,
    "acc": 0.2805362939834595,
    "macro_f1": 0.24938686192035675,
    "total_f1": 0.5675241351127625,
    "inf_f1": 0.2110520452260971,
    "perc_f1": 0.22061315178871155,
    "backg_f1": 0.1797371804714203
}