{
    "loss": 1.3515625,
    "acc": 0.674257218837738,
    "macro_f1": 0.586313009262085,
    "total_f1": 0.7552273869514465,
    "inf_f1": 0.6704805493354797,
    "perc_f1": 0.455105185508728,
    "backg_f1": 0.40687260031700134
}