{
    "loss": 1.53125,
    "acc": 0.684295654296875,
    "macro_f1": 0.5880621671676636,
    "total_f1": 0.7497773766517639,
    "inf_f1": 0.6886003017425537,
    "perc_f1": 0.45938676595687866,
    "backg_f1": 0.3825918734073639
}