{
    "loss": 1.2109375,
    "acc": 0.6540457010269165,
    "macro_f1": 0.5833317637443542,
    "total_f1": 0.7485731244087219,
    "inf_f1": 0.6781578063964844,
    "perc_f1": 0.44397062063217163,
    "backg_f1": 0.42568039894104004
}