{
    "loss": 1.140625,
    "acc": 0.6587616801261902,
    "macro_f1": 0.5833693742752075,
    "total_f1": 0.7631137371063232,
    "inf_f1": 0.6569304466247559,
    "perc_f1": 0.451709508895874,
    "backg_f1": 0.4280417859554291
}