{
    "loss": 1.0703125,
    "acc": 0.6100518703460693,
    "macro_f1": 0.5572493076324463,
    "total_f1": 0.7436348795890808,
    "inf_f1": 0.6600984930992126,
    "perc_f1": 0.4129101037979126,
    "backg_f1": 0.409775972366333
}