{
    "loss": 1.1328125,
    "acc": 0.6872624754905701,
    "macro_f1": 0.5668529272079468,
    "total_f1": 0.7694841623306274,
    "inf_f1": 0.6493123769760132,
    "perc_f1": 0.41952136158943176,
    "backg_f1": 0.35835158824920654
}