{
    "loss": 1.0078125,
    "acc": 0.5850803256034851,
    "macro_f1": 0.5324772596359253,
    "total_f1": 0.7370231747627258,
    "inf_f1": 0.6577938199043274,
    "perc_f1": 0.3500153422355652,
    "backg_f1": 0.40318533778190613
}