{
    "loss": 0.98828125,
    "acc": 0.6438641548156738,
    "macro_f1": 0.529560387134552,
    "total_f1": 0.7547090649604797,
    "inf_f1": 0.6291018724441528,
    "perc_f1": 0.3716673254966736,
    "backg_f1": 0.30966639518737793
}