{
    "loss": 0.9140625,
    "acc": 0.6555106043815613,
    "macro_f1": 0.5893162488937378,
    "total_f1": 0.7636242508888245,
    "inf_f1": 0.7132169604301453,
    "perc_f1": 0.47488951683044434,
    "backg_f1": 0.37054336071014404
}