{
    "loss": 1.140625,
    "acc": 0.5218217372894287,
    "macro_f1": 0.45073390007019043,
    "total_f1": 0.7260535359382629,
    "inf_f1": 0.3682885766029358,
    "perc_f1": 0.3968749940395355,
    "backg_f1": 0.34692466259002686
}