{
    "loss": 1.265625,
    "acc": 0.6757999062538147,
    "macro_f1": 0.5879613161087036,
    "total_f1": 0.7702202200889587,
    "inf_f1": 0.6925868391990662,
    "perc_f1": 0.4373795688152313,
    "backg_f1": 0.4012708365917206
}