{
    "loss": 1.1171875,
    "acc": 0.6152384281158447,
    "macro_f1": 0.4645925462245941,
    "total_f1": 0.7373395562171936,
    "inf_f1": 0.5032711029052734,
    "perc_f1": 0.30999213457107544,
    "backg_f1": 0.24694973230361938
}