{
    "loss": 1.484375,
    "acc": 0.691859781742096,
    "macro_f1": 0.5862866044044495,
    "total_f1": 0.7711395025253296,
    "inf_f1": 0.6829268336296082,
    "perc_f1": 0.4926360845565796,
    "backg_f1": 0.3319452702999115
}