{
    "loss": 1.1015625,
    "acc": 0.6077601909637451,
    "macro_f1": 0.5197181701660156,
    "total_f1": 0.7394352555274963,
    "inf_f1": 0.6042105555534363,
    "perc_f1": 0.41058748960494995,
    "backg_f1": 0.30123886466026306
}