{
    "loss": 1.09375,
    "acc": 0.5969106554985046,
    "macro_f1": 0.5106370449066162,
    "total_f1": 0.7528215050697327,
    "inf_f1": 0.5877061486244202,
    "perc_f1": 0.33344000577926636,
    "backg_f1": 0.362948477268219
}