{
    "loss": 1.3203125,
    "acc": 0.6714478135108948,
    "macro_f1": 0.5717459321022034,
    "total_f1": 0.744769275188446,
    "inf_f1": 0.6964051723480225,
    "perc_f1": 0.4313567876815796,
    "backg_f1": 0.3443520665168762
}