{
    "loss": 1.015625,
    "acc": 0.5720541477203369,
    "macro_f1": 0.5281707048416138,
    "total_f1": 0.7288981080055237,
    "inf_f1": 0.6297093629837036,
    "perc_f1": 0.40241390466690063,
    "backg_f1": 0.37426427006721497
}