{
    "loss": 1.359375,
    "acc": 0.6748635768890381,
    "macro_f1": 0.5855403542518616,
    "total_f1": 0.7504702210426331,
    "inf_f1": 0.6719456911087036,
    "perc_f1": 0.44891026616096497,
    "backg_f1": 0.40941837430000305
}