{
    "loss": 1.03125,
    "acc": 0.6306002736091614,
    "macro_f1": 0.5238221287727356,
    "total_f1": 0.7581909894943237,
    "inf_f1": 0.5705906748771667,
    "perc_f1": 0.35734227299690247,
    "backg_f1": 0.37299033999443054
}