{
    "loss": 1.1796875,
    "acc": 0.6808596849441528,
    "macro_f1": 0.5870221257209778,
    "total_f1": 0.751654326915741,
    "inf_f1": 0.668802797794342,
    "perc_f1": 0.47047433257102966,
    "backg_f1": 0.39051827788352966
}