{
    "loss": 1.1875,
    "acc": 0.634373128414154,
    "macro_f1": 0.5575335025787354,
    "total_f1": 0.7403467893600464,
    "inf_f1": 0.6428011655807495,
    "perc_f1": 0.43931159377098083,
    "backg_f1": 0.37132957577705383
}