{
    "loss": 1.2890625,
    "acc": 0.45300814509391785,
    "macro_f1": 0.3478395342826843,
    "total_f1": 0.6297647953033447,
    "inf_f1": 0.3651615083217621,
    "perc_f1": 0.2755974233150482,
    "backg_f1": 0.11849711090326309
}