{
    "loss": 1.046875,
    "acc": 0.6650272607803345,
    "macro_f1": 0.576219916343689,
    "total_f1": 0.749710738658905,
    "inf_f1": 0.650327742099762,
    "perc_f1": 0.4683458209037781,
    "backg_f1": 0.38027331233024597
}