{
    "loss": 1.0859375,
    "acc": 0.6308697462081909,
    "macro_f1": 0.5696600675582886,
    "total_f1": 0.753209114074707,
    "inf_f1": 0.6439803838729858,
    "perc_f1": 0.4377056956291199,
    "backg_f1": 0.4322793781757355
}