{
    "loss": 1.046875,
    "acc": 0.6566731929779053,
    "macro_f1": 0.5773089528083801,
    "total_f1": 0.7631367444992065,
    "inf_f1": 0.6423926949501038,
    "perc_f1": 0.4437984526157379,
    "backg_f1": 0.42556917667388916
}