{
    "loss": 1.2109375,
    "acc": 0.49814727902412415,
    "macro_f1": 0.4082222282886505,
    "total_f1": 0.6633111238479614,
    "inf_f1": 0.42500001192092896,
    "perc_f1": 0.2632541060447693,
    "backg_f1": 0.274987131357193
}