{
    "loss": 0.98828125,
    "acc": 0.6913696527481079,
    "macro_f1": 0.5908495187759399,
    "total_f1": 0.7763261198997498,
    "inf_f1": 0.6396804451942444,
    "perc_f1": 0.44887393712997437,
    "backg_f1": 0.44221699237823486
}