{
    "loss": 1.0703125,
    "acc": 0.4561072587966919,
    "macro_f1": 0.43512725830078125,
    "total_f1": 0.6880750060081482,
    "inf_f1": 0.5746932029724121,
    "perc_f1": 0.3194896876811981,
    "backg_f1": 0.2809790074825287
}