{
    "loss": 0.99609375,
    "acc": 0.645422101020813,
    "macro_f1": 0.5808114409446716,
    "total_f1": 0.7680957913398743,
    "inf_f1": 0.6511258482933044,
    "perc_f1": 0.44354838132858276,
    "backg_f1": 0.4460934102535248
}