{
    "loss": 1.375,
    "acc": 0.2886882722377777,
    "macro_f1": 0.26431941986083984,
    "total_f1": 0.5868465304374695,
    "inf_f1": 0.24218377470970154,
    "perc_f1": 0.23021817207336426,
    "backg_f1": 0.20273050665855408
}