{
    "loss": 1.015625,
    "acc": 0.5447213649749756,
    "macro_f1": 0.5169386863708496,
    "total_f1": 0.7192513346672058,
    "inf_f1": 0.6331824064254761,
    "perc_f1": 0.41020190715789795,
    "backg_f1": 0.35969990491867065
}