{
    "loss": 1.359375,
    "acc": 0.6396822333335876,
    "macro_f1": 0.5576705932617188,
    "total_f1": 0.7485847473144531,
    "inf_f1": 0.6392325162887573,
    "perc_f1": 0.4211288094520569,
    "backg_f1": 0.3804284930229187
}