{
    "loss": 1.1015625,
    "acc": 0.6230064630508423,
    "macro_f1": 0.5688561201095581,
    "total_f1": 0.7495347857475281,
    "inf_f1": 0.6468742489814758,
    "perc_f1": 0.4920770823955536,
    "backg_f1": 0.3759748339653015
}