{
    "loss": 1.015625,
    "acc": 0.545630931854248,
    "macro_f1": 0.501770555973053,
    "total_f1": 0.7201764583587646,
    "inf_f1": 0.6277179718017578,
    "perc_f1": 0.32365623116493225,
    "backg_f1": 0.3789779245853424
}