{
    "loss": 1.0234375,
    "acc": 0.5809229016304016,
    "macro_f1": 0.5231927633285522,
    "total_f1": 0.7400504350662231,
    "inf_f1": 0.582413375377655,
    "perc_f1": 0.4278644919395447,
    "backg_f1": 0.36105599999427795
}