{
    "loss": 1.4296875,
    "acc": 0.6356194019317627,
    "macro_f1": 0.5517977476119995,
    "total_f1": 0.7527180910110474,
    "inf_f1": 0.6328223347663879,
    "perc_f1": 0.42924731969833374,
    "backg_f1": 0.353524386882782
}