{
    "loss": 1.0390625,
    "acc": 0.6441695690155029,
    "macro_f1": 0.515000581741333,
    "total_f1": 0.7516440749168396,
    "inf_f1": 0.6451457738876343,
    "perc_f1": 0.4162040650844574,
    "backg_f1": 0.1886141449213028
}