{
    "loss": 1.171875,
    "acc": 0.5529682636260986,
    "macro_f1": 0.5043817758560181,
    "total_f1": 0.7112824320793152,
    "inf_f1": 0.5882120132446289,
    "perc_f1": 0.4084029793739319,
    "backg_f1": 0.33267897367477417
}