{
    "loss": 1.078125,
    "acc": 0.4939057528972626,
    "macro_f1": 0.4666919410228729,
    "total_f1": 0.6983682513237,
    "inf_f1": 0.5632935762405396,
    "perc_f1": 0.3617021143436432,
    "backg_f1": 0.3303796052932739
}