{
    "loss": 1.015625,
    "acc": 0.6341640949249268,
    "macro_f1": 0.517681360244751,
    "total_f1": 0.7550589442253113,
    "inf_f1": 0.5733120441436768,
    "perc_f1": 0.3606557250022888,
    "backg_f1": 0.33315226435661316
}