{
    "loss": 1.140625,
    "acc": 0.4842641353607178,
    "macro_f1": 0.4394087791442871,
    "total_f1": 0.7076871991157532,
    "inf_f1": 0.5639703273773193,
    "perc_f1": 0.34095829725265503,
    "backg_f1": 0.20351700484752655
}