{
    "loss": 0.98828125,
    "acc": 0.6270086765289307,
    "macro_f1": 0.5603304505348206,
    "total_f1": 0.7604756951332092,
    "inf_f1": 0.6270955801010132,
    "perc_f1": 0.4604373872280121,
    "backg_f1": 0.38113948702812195
}