{
    "loss": 1.265625,
    "acc": 0.6676368713378906,
    "macro_f1": 0.5669539570808411,
    "total_f1": 0.7701950669288635,
    "inf_f1": 0.6031452417373657,
    "perc_f1": 0.473558634519577,
    "backg_f1": 0.36483293771743774
}