{
    "loss": 1.0390625,
    "acc": 0.664362370967865,
    "macro_f1": 0.5174704790115356,
    "total_f1": 0.757229745388031,
    "inf_f1": 0.6297709941864014,
    "perc_f1": 0.41899341344833374,
    "backg_f1": 0.18904930353164673
}