{
    "loss": 1.6796875,
    "acc": 0.6504760384559631,
    "macro_f1": 0.5518934726715088,
    "total_f1": 0.7594103813171387,
    "inf_f1": 0.5970761775970459,
    "perc_f1": 0.44839566946029663,
    "backg_f1": 0.3528396487236023
}