{
    "loss": 1.40625,
    "acc": 0.6525377631187439,
    "macro_f1": 0.5416091680526733,
    "total_f1": 0.7465201020240784,
    "inf_f1": 0.6295739412307739,
    "perc_f1": 0.4003554880619049,
    "backg_f1": 0.3236680030822754
}