{
    "loss": 1.0703125,
    "acc": 0.5982657074928284,
    "macro_f1": 0.528928816318512,
    "total_f1": 0.7355963587760925,
    "inf_f1": 0.6269592642784119,
    "perc_f1": 0.3778393268585205,
    "backg_f1": 0.3616994619369507
}