{
    "loss": 1.03125,
    "acc": 0.4993633031845093,
    "macro_f1": 0.47896239161491394,
    "total_f1": 0.6994868516921997,
    "inf_f1": 0.6193302273750305,
    "perc_f1": 0.3354911208152771,
    "backg_f1": 0.35489124059677124
}