{
    "loss": 1.03125,
    "acc": 0.5831665992736816,
    "macro_f1": 0.5245842337608337,
    "total_f1": 0.7355276942253113,
    "inf_f1": 0.5717379450798035,
    "perc_f1": 0.4227735996246338,
    "backg_f1": 0.3684902787208557
}