{
    "loss": 1.0078125,
    "acc": 0.6236734986305237,
    "macro_f1": 0.49783939123153687,
    "total_f1": 0.7434250712394714,
    "inf_f1": 0.5349922180175781,
    "perc_f1": 0.2984983026981354,
    "backg_f1": 0.36648666858673096
}