{
    "loss": 0.97265625,
    "acc": 0.5990540385246277,
    "macro_f1": 0.5441408157348633,
    "total_f1": 0.7490149140357971,
    "inf_f1": 0.6103925704956055,
    "perc_f1": 0.4296807646751404,
    "backg_f1": 0.3954846262931824
}