{
    "loss": 1.0234375,
    "acc": 0.667697548866272,
    "macro_f1": 0.5219435691833496,
    "total_f1": 0.7622199058532715,
    "inf_f1": 0.49077239632606506,
    "perc_f1": 0.4484888017177582,
    "backg_f1": 0.3091512620449066
}