{
    "loss": 1.4609375,
    "acc": 0.616457462310791,
    "macro_f1": 0.5346024632453918,
    "total_f1": 0.7307948470115662,
    "inf_f1": 0.5366437435150146,
    "perc_f1": 0.47527605295181274,
    "backg_f1": 0.35165712237358093
}