{
    "loss": 1.515625,
    "acc": 0.6747962236404419,
    "macro_f1": 0.5873427391052246,
    "total_f1": 0.7518585324287415,
    "inf_f1": 0.6843013167381287,
    "perc_f1": 0.48704662919044495,
    "backg_f1": 0.36557862162590027
}