{
    "loss": 1.2109375,
    "acc": 0.6629387736320496,
    "macro_f1": 0.5832383632659912,
    "total_f1": 0.7588472366333008,
    "inf_f1": 0.6664731502532959,
    "perc_f1": 0.42578011751174927,
    "backg_f1": 0.4389570653438568
}