{
    "loss": 1.25,
    "acc": 0.6603112816810608,
    "macro_f1": 0.5788426399230957,
    "total_f1": 0.7573446035385132,
    "inf_f1": 0.6764374375343323,
    "perc_f1": 0.45440414547920227,
    "backg_f1": 0.37990742921829224
}