{
    "loss": 1.0625,
    "acc": 0.6794448494911194,
    "macro_f1": 0.5754481554031372,
    "total_f1": 0.7504059672355652,
    "inf_f1": 0.6564511060714722,
    "perc_f1": 0.45990923047065735,
    "backg_f1": 0.3624039888381958
}