{
    "loss": 1.0859375,
    "acc": 0.66866534948349,
    "macro_f1": 0.5052534937858582,
    "total_f1": 0.6917046308517456,
    "inf_f1": 0.590581476688385,
    "perc_f1": 0.3636363744735718,
    "backg_f1": 0.24749721586704254
}