{
    "loss": 1.4765625,
    "acc": 0.7005996108055115,
    "macro_f1": 0.5920436382293701,
    "total_f1": 0.7445828318595886,
    "inf_f1": 0.6995332837104797,
    "perc_f1": 0.48912766575813293,
    "backg_f1": 0.34618017077445984
}