{
    "loss": 1.0703125,
    "acc": 0.6525635123252869,
    "macro_f1": 0.5234465599060059,
    "total_f1": 0.7528063654899597,
    "inf_f1": 0.5858026146888733,
    "perc_f1": 0.3261480927467346,
    "backg_f1": 0.3676500916481018
}