{
    "loss": 1.71875,
    "acc": 0.7007343769073486,
    "macro_f1": 0.5889762043952942,
    "total_f1": 0.7452805638313293,
    "inf_f1": 0.6790197491645813,
    "perc_f1": 0.4720461070537567,
    "backg_f1": 0.3682340681552887
}