{
    "loss": 1.515625,
    "acc": 0.6336183547973633,
    "macro_f1": 0.5557934045791626,
    "total_f1": 0.7403380870819092,
    "inf_f1": 0.6517504453659058,
    "perc_f1": 0.40356600284576416,
    "backg_f1": 0.3867205083370209
}