{
    "loss": 1.078125,
    "acc": 0.5305318236351013,
    "macro_f1": 0.47388985753059387,
    "total_f1": 0.7141062021255493,
    "inf_f1": 0.6034832000732422,
    "perc_f1": 0.27401837706565857,
    "backg_f1": 0.3416100740432739
}