{
    "loss": 1.1953125,
    "acc": 0.5489054918289185,
    "macro_f1": 0.515781044960022,
    "total_f1": 0.7194236516952515,
    "inf_f1": 0.6505089402198792,
    "perc_f1": 0.3798219561576843,
    "backg_f1": 0.34951698780059814
}