{
    "loss": 1.1796875,
    "acc": 0.6439876556396484,
    "macro_f1": 0.46997618675231934,
    "total_f1": 0.6884877681732178,
    "inf_f1": 0.5692340731620789,
    "perc_f1": 0.3086548447608948,
    "backg_f1": 0.19127346575260162
}