{
    "loss": 1.5390625,
    "acc": 0.6549026966094971,
    "macro_f1": 0.5621678233146667,
    "total_f1": 0.7456558346748352,
    "inf_f1": 0.6616246700286865,
    "perc_f1": 0.39817628264427185,
    "backg_f1": 0.3828842043876648
}