{
    "loss": 1.6640625,
    "acc": 0.6612091660499573,
    "macro_f1": 0.5518524646759033,
    "total_f1": 0.7276904582977295,
    "inf_f1": 0.6644790768623352,
    "perc_f1": 0.404564768075943,
    "backg_f1": 0.32687291502952576
}