{
    "loss": 1.0546875,
    "acc": 0.6333757638931274,
    "macro_f1": 0.5580648183822632,
    "total_f1": 0.7531369924545288,
    "inf_f1": 0.6479470133781433,
    "perc_f1": 0.4017449915409088,
    "backg_f1": 0.39829346537590027
}