{
    "loss": 1.3125,
    "acc": 0.6602389216423035,
    "macro_f1": 0.5875039100646973,
    "total_f1": 0.7658303380012512,
    "inf_f1": 0.6569263935089111,
    "perc_f1": 0.4761205017566681,
    "backg_f1": 0.41388773918151855
}