{
    "loss": 1.09375,
    "acc": 0.6031168699264526,
    "macro_f1": 0.4971010088920593,
    "total_f1": 0.744424045085907,
    "inf_f1": 0.5831172466278076,
    "perc_f1": 0.4002034068107605,
    "backg_f1": 0.22472485899925232
}