{
    "loss": 1.7421875,
    "acc": 0.6757625341415405,
    "macro_f1": 0.5941430330276489,
    "total_f1": 0.7616351246833801,
    "inf_f1": 0.6766836643218994,
    "perc_f1": 0.4627336859703064,
    "backg_f1": 0.42374923825263977
}