{
    "loss": 1.5234375,
    "acc": 0.6442301869392395,
    "macro_f1": 0.5756869316101074,
    "total_f1": 0.7540428042411804,
    "inf_f1": 0.6574429869651794,
    "perc_f1": 0.4685012400150299,
    "backg_f1": 0.39056283235549927
}