{
    "loss": 1.953125,
    "acc": 0.6879510283470154,
    "macro_f1": 0.5873147249221802,
    "total_f1": 0.7584142684936523,
    "inf_f1": 0.6557823419570923,
    "perc_f1": 0.4534394145011902,
    "backg_f1": 0.41162142157554626
}