{
    "loss": 1.5546875,
    "acc": 0.6904371976852417,
    "macro_f1": 0.602226734161377,
    "total_f1": 0.7662558555603027,
    "inf_f1": 0.672631561756134,
    "perc_f1": 0.490464448928833,
    "backg_f1": 0.420747309923172
}