{
    "loss": 1.140625,
    "acc": 0.5595173239707947,
    "macro_f1": 0.5320851802825928,
    "total_f1": 0.7210845947265625,
    "inf_f1": 0.6527514457702637,
    "perc_f1": 0.424772173166275,
    "backg_f1": 0.3710801303386688
}