{
    "loss": 0.98828125,
    "acc": 0.6119701862335205,
    "macro_f1": 0.5324320793151855,
    "total_f1": 0.7518815994262695,
    "inf_f1": 0.6228373646736145,
    "perc_f1": 0.35630813241004944,
    "backg_f1": 0.38276976346969604
}