{
    "loss": 0.97265625,
    "acc": 0.6475046873092651,
    "macro_f1": 0.5643011927604675,
    "total_f1": 0.7682042121887207,
    "inf_f1": 0.6511130332946777,
    "perc_f1": 0.41093307733535767,
    "backg_f1": 0.39907974004745483
}