{
    "loss": 1.0625,
    "acc": 0.6877315640449524,
    "macro_f1": 0.5846981406211853,
    "total_f1": 0.7693039774894714,
    "inf_f1": 0.6424336433410645,
    "perc_f1": 0.4503275156021118,
    "backg_f1": 0.41648590564727783
}