{
    "loss": 1.0,
    "acc": 0.6299939155578613,
    "macro_f1": 0.5650737285614014,
    "total_f1": 0.7543362379074097,
    "inf_f1": 0.6483134627342224,
    "perc_f1": 0.4159885048866272,
    "backg_f1": 0.429643839597702
}