{
    "loss": 1.0859375,
    "acc": 0.6483190655708313,
    "macro_f1": 0.571360170841217,
    "total_f1": 0.7583863735198975,
    "inf_f1": 0.6450945138931274,
    "perc_f1": 0.42673954367637634,
    "backg_f1": 0.42440521717071533
}