{
    "loss": 1.3046875,
    "acc": 0.43811896443367004,
    "macro_f1": 0.32922953367233276,
    "total_f1": 0.6222103238105774,
    "inf_f1": 0.3411719501018524,
    "perc_f1": 0.2789795696735382,
    "backg_f1": 0.07854785770177841
}