{
    "loss": 1.015625,
    "acc": 0.6518223881721497,
    "macro_f1": 0.5237258672714233,
    "total_f1": 0.7620889544487,
    "inf_f1": 0.5835955739021301,
    "perc_f1": 0.32186105847358704,
    "backg_f1": 0.372908353805542
}