{
    "loss": 1.0,
    "acc": 0.6791753768920898,
    "macro_f1": 0.5797051191329956,
    "total_f1": 0.7612423896789551,
    "inf_f1": 0.6533734202384949,
    "perc_f1": 0.46138855814933777,
    "backg_f1": 0.3814201056957245
}