{
    "loss": 1.1171875,
    "acc": 0.6572795510292053,
    "macro_f1": 0.5821508169174194,
    "total_f1": 0.762549102306366,
    "inf_f1": 0.6566684246063232,
    "perc_f1": 0.4401836395263672,
    "backg_f1": 0.4365192651748657
}