{
    "loss": 0.953125,
    "acc": 0.6417166590690613,
    "macro_f1": 0.5576543807983398,
    "total_f1": 0.7636679410934448,
    "inf_f1": 0.6622381210327148,
    "perc_f1": 0.4149635136127472,
    "backg_f1": 0.35949480533599854
}