{
    "loss": 1.1171875,
    "acc": 0.6068158149719238,
    "macro_f1": 0.513303279876709,
    "total_f1": 0.7197333574295044,
    "inf_f1": 0.5642127990722656,
    "perc_f1": 0.3451187312602997,
    "backg_f1": 0.37767094373703003
}