{
    "loss": 1.203125,
    "acc": 0.6247043609619141,
    "macro_f1": 0.4918869137763977,
    "total_f1": 0.7013429999351501,
    "inf_f1": 0.4973319172859192,
    "perc_f1": 0.36529040336608887,
    "backg_f1": 0.31128260493278503
}