{
    "loss": 1.125,
    "acc": 0.5666120648384094,
    "macro_f1": 0.387850821018219,
    "total_f1": 0.7178974151611328,
    "inf_f1": 0.44612476229667664,
    "perc_f1": 0.05653104931116104,
    "backg_f1": 0.28380951285362244
}