{
    "loss": 1.0859375,
    "acc": 0.5509065389633179,
    "macro_f1": 0.49440300464630127,
    "total_f1": 0.7211211323738098,
    "inf_f1": 0.5062627196311951,
    "perc_f1": 0.3703230023384094,
    "backg_f1": 0.3996199369430542
}