{
    "loss": 1.2734375,
    "acc": 0.6057849526405334,
    "macro_f1": 0.5091667771339417,
    "total_f1": 0.7047774791717529,
    "inf_f1": 0.5652673840522766,
    "perc_f1": 0.326479434967041,
    "backg_f1": 0.3821250796318054
}