{
    "loss": 1.21875,
    "acc": 0.5752834677696228,
    "macro_f1": 0.36525943875312805,
    "total_f1": 0.7080159783363342,
    "inf_f1": 0.31273025274276733,
    "perc_f1": 0.35656362771987915,
    "backg_f1": 0.0014119307743385434
}