{
    "loss": 1.0625,
    "acc": 0.5763750076293945,
    "macro_f1": 0.47034597396850586,
    "total_f1": 0.7169572114944458,
    "inf_f1": 0.5307179689407349,
    "perc_f1": 0.25281858444213867,
    "backg_f1": 0.35733476281166077
}