{
    "loss": 1.234375,
    "acc": 0.4659511148929596,
    "macro_f1": 0.38328468799591064,
    "total_f1": 0.6676903367042542,
    "inf_f1": 0.40484359860420227,
    "perc_f1": 0.2618545889854431,
    "backg_f1": 0.21705426275730133
}