{
    "loss": 1.1328125,
    "acc": 0.5694621205329895,
    "macro_f1": 0.3984266221523285,
    "total_f1": 0.7190996408462524,
    "inf_f1": 0.4565035104751587,
    "perc_f1": 0.07303807139396667,
    "backg_f1": 0.29894179105758667
}