{
    "loss": 1.125,
    "acc": 0.5873506665229797,
    "macro_f1": 0.44573649764060974,
    "total_f1": 0.7196816205978394,
    "inf_f1": 0.4677804410457611,
    "perc_f1": 0.357751727104187,
    "backg_f1": 0.1725914478302002
}