{
    "loss": 1.0859375,
    "acc": 0.6247650384902954,
    "macro_f1": 0.5011712908744812,
    "total_f1": 0.7453152537345886,
    "inf_f1": 0.6190064549446106,
    "perc_f1": 0.37510401010513306,
    "backg_f1": 0.2134069800376892
}