{
    "loss": 1.1171875,
    "acc": 0.5709781050682068,
    "macro_f1": 0.521881103515625,
    "total_f1": 0.7247597575187683,
    "inf_f1": 0.6173952221870422,
    "perc_f1": 0.40829840302467346,
    "backg_f1": 0.3496007025241852
}