{
    "loss": 1.0390625,
    "acc": 0.6118488907814026,
    "macro_f1": 0.5442123413085938,
    "total_f1": 0.7540159225463867,
    "inf_f1": 0.6085633635520935,
    "perc_f1": 0.41054946184158325,
    "backg_f1": 0.3983796536922455
}