{
    "loss": 1.84375,
    "acc": 0.6818870902061462,
    "macro_f1": 0.5774706602096558,
    "total_f1": 0.7642076015472412,
    "inf_f1": 0.6642929911613464,
    "perc_f1": 0.4452572464942932,
    "backg_f1": 0.3702422082424164
}