{
    "loss": 1.3046875,
    "acc": 0.6199138760566711,
    "macro_f1": 0.5574504137039185,
    "total_f1": 0.7441919445991516,
    "inf_f1": 0.6352235674858093,
    "perc_f1": 0.42450666427612305,
    "backg_f1": 0.40644997358322144
}