{
    "loss": 1.6796875,
    "acc": 0.6836456060409546,
    "macro_f1": 0.5831447839736938,
    "total_f1": 0.7670230269432068,
    "inf_f1": 0.6761638522148132,
    "perc_f1": 0.4326722323894501,
    "backg_f1": 0.3942338824272156
}