{
    "loss": 2.234375,
    "acc": 0.6972287893295288,
    "macro_f1": 0.57540363073349,
    "total_f1": 0.7346227169036865,
    "inf_f1": 0.6714705228805542,
    "perc_f1": 0.4384823739528656,
    "backg_f1": 0.35605329275131226
}