{
    "loss": 1.0546875,
    "acc": 0.4654660224914551,
    "macro_f1": 0.45836713910102844,
    "total_f1": 0.6812399625778198,
    "inf_f1": 0.6272820234298706,
    "perc_f1": 0.3252736032009125,
    "backg_f1": 0.3282639980316162
}