{
    "loss": 1.6484375,
    "acc": 0.6831604838371277,
    "macro_f1": 0.5679284334182739,
    "total_f1": 0.741999089717865,
    "inf_f1": 0.6601678729057312,
    "perc_f1": 0.47649848461151123,
    "backg_f1": 0.30690011382102966
}