{
    "loss": 1.265625,
    "acc": 0.6144563555717468,
    "macro_f1": 0.5415515899658203,
    "total_f1": 0.7378628253936768,
    "inf_f1": 0.6544502377510071,
    "perc_f1": 0.39166468381881714,
    "backg_f1": 0.35455435514450073
}