{
    "loss": 1.125,
    "acc": 0.628781259059906,
    "macro_f1": 0.5644955635070801,
    "total_f1": 0.7400141954421997,
    "inf_f1": 0.6644163131713867,
    "perc_f1": 0.45307067036628723,
    "backg_f1": 0.3747423589229584
}