{
    "loss": 1.078125,
    "acc": 0.6721013188362122,
    "macro_f1": 0.5773851871490479,
    "total_f1": 0.7502179741859436,
    "inf_f1": 0.650749921798706,
    "perc_f1": 0.45132744312286377,
    "backg_f1": 0.3920454680919647
}