{
    "loss": 1.0,
    "acc": 0.6292528510093689,
    "macro_f1": 0.525907039642334,
    "total_f1": 0.7620494961738586,
    "inf_f1": 0.5695703625679016,
    "perc_f1": 0.3841633200645447,
    "backg_f1": 0.35710397362709045
}