{
    "loss": 1.1015625,
    "acc": 0.6700801849365234,
    "macro_f1": 0.43345803022384644,
    "total_f1": 0.6636878252029419,
    "inf_f1": 0.5934111475944519,
    "perc_f1": 0.16747041046619415,
    "backg_f1": 0.145624577999115
}