{
    "loss": 1.0,
    "acc": 0.682004988193512,
    "macro_f1": 0.5792409181594849,
    "total_f1": 0.7561073899269104,
    "inf_f1": 0.6676505208015442,
    "perc_f1": 0.45747673511505127,
    "backg_f1": 0.3668639063835144
}