{
    "loss": 1.4140625,
    "acc": 0.6813986301422119,
    "macro_f1": 0.5900334715843201,
    "total_f1": 0.756306529045105,
    "inf_f1": 0.6658844351768494,
    "perc_f1": 0.4812385141849518,
    "backg_f1": 0.39287039637565613
}