{
    "loss": 1.078125,
    "acc": 0.6667789816856384,
    "macro_f1": 0.5637016892433167,
    "total_f1": 0.7550540566444397,
    "inf_f1": 0.6441241502761841,
    "perc_f1": 0.4730463922023773,
    "backg_f1": 0.3223443329334259
}