{
    "loss": 1.171875,
    "acc": 0.6781647801399231,
    "macro_f1": 0.583789587020874,
    "total_f1": 0.7632237672805786,
    "inf_f1": 0.6512792110443115,
    "perc_f1": 0.484256774187088,
    "backg_f1": 0.3786121606826782
}