{
    "loss": 1.109375,
    "acc": 0.6388869881629944,
    "macro_f1": 0.5749738216400146,
    "total_f1": 0.7509534955024719,
    "inf_f1": 0.6484605073928833,
    "perc_f1": 0.4541812837123871,
    "backg_f1": 0.4243272542953491
}