{
    "loss": 1.21875,
    "acc": 0.6459610462188721,
    "macro_f1": 0.5732945203781128,
    "total_f1": 0.7542213797569275,
    "inf_f1": 0.6533055901527405,
    "perc_f1": 0.4603568911552429,
    "backg_f1": 0.3947038948535919
}