{
    "loss": 1.296875,
    "acc": 0.44593411684036255,
    "macro_f1": 0.3402368128299713,
    "total_f1": 0.629211962223053,
    "inf_f1": 0.35458236932754517,
    "perc_f1": 0.2748976945877075,
    "backg_f1": 0.10501334816217422
}