{
    "loss": 1.015625,
    "acc": 0.6434009075164795,
    "macro_f1": 0.5311508178710938,
    "total_f1": 0.7724056839942932,
    "inf_f1": 0.5727254748344421,
    "perc_f1": 0.3666762709617615,
    "backg_f1": 0.37678855657577515
}