{
    "loss": 1.34375,
    "acc": 0.672033965587616,
    "macro_f1": 0.5901783108711243,
    "total_f1": 0.7652976512908936,
    "inf_f1": 0.6615689396858215,
    "perc_f1": 0.4610917568206787,
    "backg_f1": 0.4265129566192627
}