{
    "loss": 0.99609375,
    "acc": 0.603786289691925,
    "macro_f1": 0.5447397232055664,
    "total_f1": 0.7474611401557922,
    "inf_f1": 0.6421300172805786,
    "perc_f1": 0.41651207208633423,
    "backg_f1": 0.3737418055534363
}