{
    "loss": 1.4765625,
    "acc": 0.6809943914413452,
    "macro_f1": 0.5913232564926147,
    "total_f1": 0.763831615447998,
    "inf_f1": 0.6721034646034241,
    "perc_f1": 0.4516860246658325,
    "backg_f1": 0.42178285121917725
}