{
    "loss": 1.375,
    "acc": 0.6813312768936157,
    "macro_f1": 0.5924605131149292,
    "total_f1": 0.7550795674324036,
    "inf_f1": 0.6775767803192139,
    "perc_f1": 0.46772101521492004,
    "backg_f1": 0.4076147675514221
}