{
    "loss": 0.98828125,
    "acc": 0.6109277009963989,
    "macro_f1": 0.5411573052406311,
    "total_f1": 0.7558314204216003,
    "inf_f1": 0.6232693791389465,
    "perc_f1": 0.38145512342453003,
    "backg_f1": 0.39819005131721497
}