{
    "loss": 0.9921875,
    "acc": 0.6351141929626465,
    "macro_f1": 0.5580572485923767,
    "total_f1": 0.7664839029312134,
    "inf_f1": 0.6324206590652466,
    "perc_f1": 0.41454222798347473,
    "backg_f1": 0.40014317631721497
}