{
    "loss": 0.97265625,
    "acc": 0.6291854977607727,
    "macro_f1": 0.5565755367279053,
    "total_f1": 0.7641371488571167,
    "inf_f1": 0.6356666088104248,
    "perc_f1": 0.4120689630508423,
    "backg_f1": 0.4000702500343323
}