{
    "loss": 1.09375,
    "acc": 0.5624873638153076,
    "macro_f1": 0.4850909113883972,
    "total_f1": 0.7223510146141052,
    "inf_f1": 0.5671927332878113,
    "perc_f1": 0.3158503770828247,
    "backg_f1": 0.3284258246421814
}