{
    "loss": 0.9921875,
    "acc": 0.6018325090408325,
    "macro_f1": 0.5228587985038757,
    "total_f1": 0.7538167834281921,
    "inf_f1": 0.6116734743118286,
    "perc_f1": 0.3507411777973175,
    "backg_f1": 0.36959603428840637
}