{
    "loss": 0.9765625,
    "acc": 0.6196860671043396,
    "macro_f1": 0.5530790090560913,
    "total_f1": 0.7588472962379456,
    "inf_f1": 0.6328732967376709,
    "perc_f1": 0.40604469180107117,
    "backg_f1": 0.4070650339126587
}