{
    "loss": 1.3828125,
    "acc": 0.298255056142807,
    "macro_f1": 0.2616904675960541,
    "total_f1": 0.5749971270561218,
    "inf_f1": 0.1784014105796814,
    "perc_f1": 0.2111700028181076,
    "backg_f1": 0.25693053007125854
}