{
    "loss": 1.0,
    "acc": 0.6372700929641724,
    "macro_f1": 0.5596024394035339,
    "total_f1": 0.7677451372146606,
    "inf_f1": 0.6333982348442078,
    "perc_f1": 0.41555505990982056,
    "backg_f1": 0.4020509123802185
}