{
    "loss": 1.453125,
    "acc": 0.2324327975511551,
    "macro_f1": 0.2148917317390442,
    "total_f1": 0.5548736453056335,
    "inf_f1": 0.1639968305826187,
    "perc_f1": 0.17658203840255737,
    "backg_f1": 0.2130996286869049
}