{
    "loss": 0.984375,
    "acc": 0.6432662010192871,
    "macro_f1": 0.5598008632659912,
    "total_f1": 0.7697919011116028,
    "inf_f1": 0.6313498020172119,
    "perc_f1": 0.40709617733955383,
    "backg_f1": 0.40575021505355835
}