{
    "loss": 1.0078125,
    "acc": 0.6330930590629578,
    "macro_f1": 0.5546838045120239,
    "total_f1": 0.7668350338935852,
    "inf_f1": 0.631051778793335,
    "perc_f1": 0.40074124932289124,
    "backg_f1": 0.40236687660217285
}