{
    "loss": 1.28125,
    "acc": 0.46122750639915466,
    "macro_f1": 0.3877645432949066,
    "total_f1": 0.6351619362831116,
    "inf_f1": 0.3346167206764221,
    "perc_f1": 0.2820241451263428,
    "backg_f1": 0.31364238262176514
}