{
    "loss": 1.0234375,
    "acc": 0.6128141283988953,
    "macro_f1": 0.5101940631866455,
    "total_f1": 0.7582911252975464,
    "inf_f1": 0.5947631001472473,
    "perc_f1": 0.32341405749320984,
    "backg_f1": 0.3389413356781006
}