{
    "loss": 0.9765625,
    "acc": 0.619820773601532,
    "macro_f1": 0.5477623343467712,
    "total_f1": 0.761387825012207,
    "inf_f1": 0.63345867395401,
    "perc_f1": 0.4000000059604645,
    "backg_f1": 0.3871193528175354
}