{
    "loss": 1.328125,
    "acc": 0.3380044400691986,
    "macro_f1": 0.3102787137031555,
    "total_f1": 0.6061129570007324,
    "inf_f1": 0.29059040546417236,
    "perc_f1": 0.2594166696071625,
    "backg_f1": 0.24686191976070404
}