{
    "loss": 0.96875,
    "acc": 0.6213703155517578,
    "macro_f1": 0.5451787114143372,
    "total_f1": 0.7619180083274841,
    "inf_f1": 0.6345381736755371,
    "perc_f1": 0.40155547857284546,
    "backg_f1": 0.3692365884780884
}