{
    "loss": 0.984375,
    "acc": 0.6426598429679871,
    "macro_f1": 0.5604596138000488,
    "total_f1": 0.7708199620246887,
    "inf_f1": 0.6324455142021179,
    "perc_f1": 0.40969470143318176,
    "backg_f1": 0.40527066588401794
}