{
    "loss": 1.3671875,
    "acc": 0.31873610615730286,
    "macro_f1": 0.2830471098423004,
    "total_f1": 0.5828986763954163,
    "inf_f1": 0.23965610563755035,
    "perc_f1": 0.23246636986732483,
    "backg_f1": 0.22387807071208954
}