{
    "loss": 1.3671875,
    "acc": 0.31422218680381775,
    "macro_f1": 0.28001880645751953,
    "total_f1": 0.5820303559303284,
    "inf_f1": 0.23782438039779663,
    "perc_f1": 0.22982265055179596,
    "backg_f1": 0.22344689071178436
}