{
    "loss": 1.3671875,
    "acc": 0.319072961807251,
    "macro_f1": 0.2835734188556671,
    "total_f1": 0.5831624865531921,
    "inf_f1": 0.2422293722629547,
    "perc_f1": 0.2323666363954544,
    "backg_f1": 0.22361937165260315
}