{
    "loss": 1.4296875,
    "acc": 0.2500842213630676,
    "macro_f1": 0.22780397534370422,
    "total_f1": 0.558530330657959,
    "inf_f1": 0.16561181843280792,
    "perc_f1": 0.18732473254203796,
    "backg_f1": 0.22443890571594238
}