{
    "loss": 1.3671875,
    "acc": 0.3177928924560547,
    "macro_f1": 0.2830144166946411,
    "total_f1": 0.5830068588256836,
    "inf_f1": 0.24191531538963318,
    "perc_f1": 0.2329646795988083,
    "backg_f1": 0.22380468249320984
}