{
    "loss": 1.390625,
    "acc": 0.290776789188385,
    "macro_f1": 0.25920170545578003,
    "total_f1": 0.5695111155509949,
    "inf_f1": 0.20491227507591248,
    "perc_f1": 0.21261852979660034,
    "backg_f1": 0.21930831670761108
}