{
    "loss": 1.4140625,
    "acc": 0.26322171092033386,
    "macro_f1": 0.23962321877479553,
    "total_f1": 0.5623800158500671,
    "inf_f1": 0.1857362687587738,
    "perc_f1": 0.19742968678474426,
    "backg_f1": 0.22283779084682465
}