{
    "loss": 1.3828125,
    "acc": 0.31004515290260315,
    "macro_f1": 0.27292436361312866,
    "total_f1": 0.5744205117225647,
    "inf_f1": 0.2208477407693863,
    "perc_f1": 0.22036969661712646,
    "backg_f1": 0.220625102519989
}