{
    "loss": 1.4609375,
    "acc": 0.1992858648300171,
    "macro_f1": 0.19361922144889832,
    "total_f1": 0.5691588521003723,
    "inf_f1": 0.15402111411094666,
    "perc_f1": 0.17491275072097778,
    "backg_f1": 0.24143794178962708
}