{
    "loss": 1.40625,
    "acc": 0.2775045335292816,
    "macro_f1": 0.2505824565887451,
    "total_f1": 0.5663524866104126,
    "inf_f1": 0.20115037262439728,
    "perc_f1": 0.21002906560897827,
    "backg_f1": 0.21433401107788086
}