{
    "loss": 1.3671875,
    "acc": 0.31509801745414734,
    "macro_f1": 0.28098446130752563,
    "total_f1": 0.5832070112228394,
    "inf_f1": 0.2397163063287735,
    "perc_f1": 0.23118087649345398,
    "backg_f1": 0.2232384830713272
}