{
    "loss": 1.375,
    "acc": 0.307417631149292,
    "macro_f1": 0.2733461856842041,
    "total_f1": 0.5782051086425781,
    "inf_f1": 0.2274259328842163,
    "perc_f1": 0.22522683441638947,
    "backg_f1": 0.21856997907161713
}