{
    "loss": 1.375,
    "acc": 0.31085360050201416,
    "macro_f1": 0.2771158814430237,
    "total_f1": 0.5806639194488525,
    "inf_f1": 0.2305639535188675,
    "perc_f1": 0.22810517251491547,
    "backg_f1": 0.22505800426006317
}