{
    "loss": 1.390625,
    "acc": 0.29643604159355164,
    "macro_f1": 0.2645494341850281,
    "total_f1": 0.573396623134613,
    "inf_f1": 0.2097446173429489,
    "perc_f1": 0.21770420670509338,
    "backg_f1": 0.22462481260299683
}