{
    "loss": 1.1328125,
    "acc": 0.680320680141449,
    "macro_f1": 0.5890592932701111,
    "total_f1": 0.7583997249603271,
    "inf_f1": 0.674763023853302,
    "perc_f1": 0.4141835570335388,
    "backg_f1": 0.4503791630268097
}