{
    "loss": 1.0390625,
    "acc": 0.6904264688491821,
    "macro_f1": 0.5772888660430908,
    "total_f1": 0.7339872121810913,
    "inf_f1": 0.6490498781204224,
    "perc_f1": 0.44829341769218445,
    "backg_f1": 0.3854660391807556
}