{
    "loss": 1.328125,
    "acc": 0.6551910042762756,
    "macro_f1": 0.5394539833068848,
    "total_f1": 0.713484525680542,
    "inf_f1": 0.6770956516265869,
    "perc_f1": 0.45911723375320435,
    "backg_f1": 0.22438736259937286
}