{
    "loss": 1.34375,
    "acc": 0.6553257703781128,
    "macro_f1": 0.581856369972229,
    "total_f1": 0.7554004788398743,
    "inf_f1": 0.6827940940856934,
    "perc_f1": 0.4447031319141388,
    "backg_f1": 0.40313512086868286
}