{
    "loss": 1.0234375,
    "acc": 0.6162500977516174,
    "macro_f1": 0.509427547454834,
    "total_f1": 0.7457923293113708,
    "inf_f1": 0.5443741679191589,
    "perc_f1": 0.3805202543735504,
    "backg_f1": 0.3314110040664673
}