{
    "loss": 1.3125,
    "acc": 0.6539109349250793,
    "macro_f1": 0.4218064844608307,
    "total_f1": 0.6973441243171692,
    "inf_f1": 0.5460072755813599,
    "perc_f1": 0.037754595279693604,
    "backg_f1": 0.277649462223053
}