{
    "loss": 0.98828125,
    "acc": 0.6827460527420044,
    "macro_f1": 0.5739943385124207,
    "total_f1": 0.7619584202766418,
    "inf_f1": 0.6523949503898621,
    "perc_f1": 0.4506905674934387,
    "backg_f1": 0.36407554149627686
}