{
    "loss": 1.0703125,
    "acc": 0.646432638168335,
    "macro_f1": 0.5666024684906006,
    "total_f1": 0.7592485547065735,
    "inf_f1": 0.641697883605957,
    "perc_f1": 0.4175102710723877,
    "backg_f1": 0.41747573018074036
}