{
    "loss": 1.0625,
    "acc": 0.5067034959793091,
    "macro_f1": 0.465981662273407,
    "total_f1": 0.7083896398544312,
    "inf_f1": 0.6002680063247681,
    "perc_f1": 0.330282986164093,
    "backg_f1": 0.2875983715057373
}