{
    "loss": 1.0,
    "acc": 0.6194839477539062,
    "macro_f1": 0.5564916133880615,
    "total_f1": 0.7526412606239319,
    "inf_f1": 0.6371297836303711,
    "perc_f1": 0.4185801148414612,
    "backg_f1": 0.4119482934474945
}