{
    "loss": 1.203125,
    "acc": 0.5655190944671631,
    "macro_f1": 0.4261780381202698,
    "total_f1": 0.6845729947090149,
    "inf_f1": 0.45016708970069885,
    "perc_f1": 0.254513680934906,
    "backg_f1": 0.24807564914226532
}