{
    "loss": 1.015625,
    "acc": 0.6735161542892456,
    "macro_f1": 0.5789453983306885,
    "total_f1": 0.7708460092544556,
    "inf_f1": 0.6431077718734741,
    "perc_f1": 0.43451550602912903,
    "backg_f1": 0.4202404320240021
}