{
    "loss": 1.34375,
    "acc": 0.3167823255062103,
    "macro_f1": 0.2804771959781647,
    "total_f1": 0.5999311804771423,
    "inf_f1": 0.27315187454223633,
    "perc_f1": 0.2462453544139862,
    "backg_f1": 0.1716318428516388
}