{
    "loss": 1.0546875,
    "acc": 0.6113319396972656,
    "macro_f1": 0.5431923866271973,
    "total_f1": 0.7480779886245728,
    "inf_f1": 0.6355911493301392,
    "perc_f1": 0.40999075770378113,
    "backg_f1": 0.3699444830417633
}