{
    "loss": 1.359375,
    "acc": 0.6530351042747498,
    "macro_f1": 0.5774049162864685,
    "total_f1": 0.7506304979324341,
    "inf_f1": 0.6672217845916748,
    "perc_f1": 0.46625766158103943,
    "backg_f1": 0.38361993432044983
}