{
    "loss": 1.078125,
    "acc": 0.6613892316818237,
    "macro_f1": 0.5702999830245972,
    "total_f1": 0.751423716545105,
    "inf_f1": 0.6569384932518005,
    "perc_f1": 0.468930184841156,
    "backg_f1": 0.3488371968269348
}