{
    "loss": 1.390625,
    "acc": 0.6946035027503967,
    "macro_f1": 0.5832211375236511,
    "total_f1": 0.7570735216140747,
    "inf_f1": 0.6678131222724915,
    "perc_f1": 0.4485442638397217,
    "backg_f1": 0.38011226058006287
}