{
    "loss": 1.1953125,
    "acc": 0.6352489590644836,
    "macro_f1": 0.576790452003479,
    "total_f1": 0.7465476989746094,
    "inf_f1": 0.6760404706001282,
    "perc_f1": 0.4567769467830658,
    "backg_f1": 0.40428340435028076
}