{
    "loss": 0.99609375,
    "acc": 0.6499360203742981,
    "macro_f1": 0.544730544090271,
    "total_f1": 0.7613270282745361,
    "inf_f1": 0.6026689410209656,
    "perc_f1": 0.3905683159828186,
    "backg_f1": 0.38081127405166626
}