{
    "loss": 1.578125,
    "acc": 0.674257218837738,
    "macro_f1": 0.5753306150436401,
    "total_f1": 0.7527821660041809,
    "inf_f1": 0.6614305973052979,
    "perc_f1": 0.42760735750198364,
    "backg_f1": 0.3940920829772949
}