{
    "loss": 1.203125,
    "acc": 0.5492151379585266,
    "macro_f1": 0.4270326495170593,
    "total_f1": 0.6719385385513306,
    "inf_f1": 0.5181318521499634,
    "perc_f1": 0.33903759717941284,
    "backg_f1": 0.12573674321174622
}