{
    "loss": 1.0,
    "acc": 0.5684834718704224,
    "macro_f1": 0.522913932800293,
    "total_f1": 0.7278041243553162,
    "inf_f1": 0.6424463987350464,
    "perc_f1": 0.3964884281158447,
    "backg_f1": 0.3460233807563782
}