{
    "loss": 1.328125,
    "acc": 0.5988114476203918,
    "macro_f1": 0.4948103427886963,
    "total_f1": 0.7061528563499451,
    "inf_f1": 0.5880351662635803,
    "perc_f1": 0.3681654930114746,
    "backg_f1": 0.24938392639160156
}