{
    "loss": 1.0703125,
    "acc": 0.5492086410522461,
    "macro_f1": 0.47404617071151733,
    "total_f1": 0.7216190695762634,
    "inf_f1": 0.5338743925094604,
    "perc_f1": 0.29846084117889404,
    "backg_f1": 0.35809916257858276
}