{
    "loss": 1.046875,
    "acc": 0.5455096960067749,
    "macro_f1": 0.4917835295200348,
    "total_f1": 0.7255561351776123,
    "inf_f1": 0.5874603390693665,
    "perc_f1": 0.36720362305641174,
    "backg_f1": 0.30252310633659363
}