{
    "loss": 1.0703125,
    "acc": 0.5195561051368713,
    "macro_f1": 0.49102264642715454,
    "total_f1": 0.716002881526947,
    "inf_f1": 0.5940940976142883,
    "perc_f1": 0.37702038884162903,
    "backg_f1": 0.33640167117118835
}