{
    "loss": 1.09375,
    "acc": 0.5547268390655518,
    "macro_f1": 0.47875529527664185,
    "total_f1": 0.721102237701416,
    "inf_f1": 0.49842602014541626,
    "perc_f1": 0.3471749424934387,
    "backg_f1": 0.3577774465084076
}