{
    "loss": 1.2578125,
    "acc": 0.5992359519004822,
    "macro_f1": 0.5004301071166992,
    "total_f1": 0.7275505065917969,
    "inf_f1": 0.5942962169647217,
    "perc_f1": 0.3344709873199463,
    "backg_f1": 0.30178287625312805
}