{
    "loss": 1.640625,
    "acc": 0.5997210741043091,
    "macro_f1": 0.48816555738449097,
    "total_f1": 0.7386363744735718,
    "inf_f1": 0.5647822618484497,
    "perc_f1": 0.35106930136680603,
    "backg_f1": 0.24914154410362244
}