{
    "loss": 1.1484375,
    "acc": 0.6220362782478333,
    "macro_f1": 0.4287063777446747,
    "total_f1": 0.6931458115577698,
    "inf_f1": 0.5085675120353699,
    "perc_f1": 0.171171173453331,
    "backg_f1": 0.2332306206226349
}