{
    "loss": 1.0625,
    "acc": 0.6430780291557312,
    "macro_f1": 0.4930223822593689,
    "total_f1": 0.7210590839385986,
    "inf_f1": 0.589407742023468,
    "perc_f1": 0.35962146520614624,
    "backg_f1": 0.204351007938385
}