{
    "loss": 1.1171875,
    "acc": 0.5430840849876404,
    "macro_f1": 0.44722044467926025,
    "total_f1": 0.7401193380355835,
    "inf_f1": 0.5061375498771667,
    "perc_f1": 0.23002833127975464,
    "backg_f1": 0.32671141624450684
}