{
    "loss": 1.15625,
    "acc": 0.5759505033493042,
    "macro_f1": 0.49450433254241943,
    "total_f1": 0.7411594986915588,
    "inf_f1": 0.5357715487480164,
    "perc_f1": 0.3394067883491516,
    "backg_f1": 0.34438395500183105
}