{
    "loss": 1.0234375,
    "acc": 0.620884120464325,
    "macro_f1": 0.5044184923171997,
    "total_f1": 0.7358846664428711,
    "inf_f1": 0.5528194308280945,
    "perc_f1": 0.3315761685371399,
    "backg_f1": 0.349375456571579
}