{
    "loss": 1.0703125,
    "acc": 0.5413861870765686,
    "macro_f1": 0.4740791618824005,
    "total_f1": 0.7186503410339355,
    "inf_f1": 0.5981419086456299,
    "perc_f1": 0.25731343030929565,
    "backg_f1": 0.34932127594947815
}