{
    "loss": 1.171875,
    "acc": 0.6468376517295837,
    "macro_f1": 0.48265063762664795,
    "total_f1": 0.689455509185791,
    "inf_f1": 0.5772751569747925,
    "perc_f1": 0.3714962601661682,
    "backg_f1": 0.1697235107421875
}