{
    "loss": 1.484375,
    "acc": 0.6515675187110901,
    "macro_f1": 0.5602648854255676,
    "total_f1": 0.7509892582893372,
    "inf_f1": 0.6471757292747498,
    "perc_f1": 0.42095503211021423,
    "backg_f1": 0.36601704359054565
}