{
    "loss": 1.234375,
    "acc": 0.49190467596054077,
    "macro_f1": 0.49360835552215576,
    "total_f1": 0.6891241669654846,
    "inf_f1": 0.6572116613388062,
    "perc_f1": 0.3853173851966858,
    "backg_f1": 0.33904725313186646
}