{
    "loss": 1.046875,
    "acc": 0.6576920747756958,
    "macro_f1": 0.5763005018234253,
    "total_f1": 0.7628394961357117,
    "inf_f1": 0.6607335209846497,
    "perc_f1": 0.43206173181533813,
    "backg_f1": 0.4072593152523041
}