{
    "loss": 1.0625,
    "acc": 0.6032987833023071,
    "macro_f1": 0.5506033897399902,
    "total_f1": 0.7464045286178589,
    "inf_f1": 0.6507692337036133,
    "perc_f1": 0.4088553786277771,
    "backg_f1": 0.39601585268974304
}