{
    "loss": 1.0390625,
    "acc": 0.636771559715271,
    "macro_f1": 0.5305514335632324,
    "total_f1": 0.7557459473609924,
    "inf_f1": 0.6476600170135498,
    "perc_f1": 0.41964808106422424,
    "backg_f1": 0.25143954157829285
}