{
    "loss": 1.0234375,
    "acc": 0.597234845161438,
    "macro_f1": 0.5003808736801147,
    "total_f1": 0.7568678855895996,
    "inf_f1": 0.5320447683334351,
    "perc_f1": 0.3589743673801422,
    "backg_f1": 0.34105533361434937
}