{
    "loss": 0.94921875,
    "acc": 0.6292523145675659,
    "macro_f1": 0.5556769967079163,
    "total_f1": 0.7602859735488892,
    "inf_f1": 0.645682692527771,
    "perc_f1": 0.40256360173225403,
    "backg_f1": 0.398783802986145
}