{
    "loss": 1.34375,
    "acc": 0.608574390411377,
    "macro_f1": 0.5119205713272095,
    "total_f1": 0.7292274832725525,
    "inf_f1": 0.6081767678260803,
    "perc_f1": 0.34795111417770386,
    "backg_f1": 0.319309264421463
}