{
    "loss": 1.0546875,
    "acc": 0.5611545443534851,
    "macro_f1": 0.481833815574646,
    "total_f1": 0.7403897643089294,
    "inf_f1": 0.5575714111328125,
    "perc_f1": 0.3016812801361084,
    "backg_f1": 0.34033554792404175
}