{
    "loss": 1.6875,
    "acc": 0.6177308559417725,
    "macro_f1": 0.5023953914642334,
    "total_f1": 0.712207019329071,
    "inf_f1": 0.5412418842315674,
    "perc_f1": 0.3816240131855011,
    "backg_f1": 0.2976873517036438
}