{
    "loss": 1.0546875,
    "acc": 0.5795888900756836,
    "macro_f1": 0.4876822233200073,
    "total_f1": 0.7251754999160767,
    "inf_f1": 0.5572708249092102,
    "perc_f1": 0.29796305298805237,
    "backg_f1": 0.35292303562164307
}