{
    "loss": 1.1171875,
    "acc": 0.6194894313812256,
    "macro_f1": 0.4666174352169037,
    "total_f1": 0.7169893980026245,
    "inf_f1": 0.5318107604980469,
    "perc_f1": 0.23362445831298828,
    "backg_f1": 0.30173930525779724
}