{
    "loss": 1.0859375,
    "acc": 0.5583651661872864,
    "macro_f1": 0.5028880834579468,
    "total_f1": 0.7380021214485168,
    "inf_f1": 0.6002699136734009,
    "perc_f1": 0.34753984212875366,
    "backg_f1": 0.3383326530456543
}