{
    "loss": 1.203125,
    "acc": 0.6242799162864685,
    "macro_f1": 0.5328010320663452,
    "total_f1": 0.7505316138267517,
    "inf_f1": 0.6063545942306519,
    "perc_f1": 0.41470053791999817,
    "backg_f1": 0.31947216391563416
}