{
    "loss": 1.953125,
    "acc": 0.6623612642288208,
    "macro_f1": 0.5708727240562439,
    "total_f1": 0.7462307810783386,
    "inf_f1": 0.6866772174835205,
    "perc_f1": 0.42410510778427124,
    "backg_f1": 0.3644266128540039
}