{
    "loss": 1.6328125,
    "acc": 0.6689103245735168,
    "macro_f1": 0.5790062546730042,
    "total_f1": 0.7541742920875549,
    "inf_f1": 0.6874020099639893,
    "perc_f1": 0.4403629004955292,
    "backg_f1": 0.3753596246242523
}