{
    "loss": 1.4609375,
    "acc": 0.6670305132865906,
    "macro_f1": 0.5729054808616638,
    "total_f1": 0.7661420106887817,
    "inf_f1": 0.6749379634857178,
    "perc_f1": 0.4263269603252411,
    "backg_f1": 0.36925143003463745
}