{
    "loss": 1.2265625,
    "acc": 0.5019101500511169,
    "macro_f1": 0.4963640868663788,
    "total_f1": 0.692628026008606,
    "inf_f1": 0.6517322063446045,
    "perc_f1": 0.38054966926574707,
    "backg_f1": 0.3452948033809662
}