{
    "loss": 1.0546875,
    "acc": 0.5467830896377563,
    "macro_f1": 0.48274701833724976,
    "total_f1": 0.7257422804832458,
    "inf_f1": 0.6082744598388672,
    "perc_f1": 0.268090158700943,
    "backg_f1": 0.35883787274360657
}