{
    "loss": 1.1640625,
    "acc": 0.6321629881858826,
    "macro_f1": 0.4783315658569336,
    "total_f1": 0.7103642225265503,
    "inf_f1": 0.5580435991287231,
    "perc_f1": 0.3753846287727356,
    "backg_f1": 0.17197096347808838
}