{
    "loss": 1.609375,
    "acc": 0.6683645844459534,
    "macro_f1": 0.5618824362754822,
    "total_f1": 0.7534582018852234,
    "inf_f1": 0.672897219657898,
    "perc_f1": 0.39571645855903625,
    "backg_f1": 0.35805967450141907
}