{
    "loss": 1.9765625,
    "acc": 0.676308274269104,
    "macro_f1": 0.5660915374755859,
    "total_f1": 0.7391563653945923,
    "inf_f1": 0.6770266890525818,
    "perc_f1": 0.43808671832084656,
    "backg_f1": 0.3281526565551758
}