{
    "loss": 1.0546875,
    "acc": 0.6476259827613831,
    "macro_f1": 0.5660367608070374,
    "total_f1": 0.7612466216087341,
    "inf_f1": 0.6560209393501282,
    "perc_f1": 0.41926702857017517,
    "backg_f1": 0.38921597599983215
}