{
    "loss": 1.90625,
    "acc": 0.691953182220459,
    "macro_f1": 0.5617623925209045,
    "total_f1": 0.764015257358551,
    "inf_f1": 0.6407438516616821,
    "perc_f1": 0.4119708836078644,
    "backg_f1": 0.3451722264289856
}