{
    "loss": 1.2890625,
    "acc": 0.6266448497772217,
    "macro_f1": 0.5610176920890808,
    "total_f1": 0.7532053589820862,
    "inf_f1": 0.6320177912712097,
    "perc_f1": 0.4612317979335785,
    "backg_f1": 0.37439820170402527
}