{
    "loss": 1.0703125,
    "acc": 0.5687344670295715,
    "macro_f1": 0.5023199319839478,
    "total_f1": 0.7325546145439148,
    "inf_f1": 0.6219411492347717,
    "perc_f1": 0.38537105917930603,
    "backg_f1": 0.27045300602912903
}