{
    "loss": 1.4140625,
    "acc": 0.6666666865348816,
    "macro_f1": 0.5487063527107239,
    "total_f1": 0.7705197334289551,
    "inf_f1": 0.5984116792678833,
    "perc_f1": 0.41830065846443176,
    "backg_f1": 0.34913647174835205
}