{
    "loss": 1.6640625,
    "acc": 0.6385907530784607,
    "macro_f1": 0.5542812347412109,
    "total_f1": 0.7703587412834167,
    "inf_f1": 0.6368826031684875,
    "perc_f1": 0.4189944267272949,
    "backg_f1": 0.3593727648258209
}