{
    "loss": 0.98828125,
    "acc": 0.6284639835357666,
    "macro_f1": 0.541967511177063,
    "total_f1": 0.7566076517105103,
    "inf_f1": 0.6022380590438843,
    "perc_f1": 0.3989805281162262,
    "backg_f1": 0.3847726881504059
}