{
    "loss": 1.0625,
    "acc": 0.5731005072593689,
    "macro_f1": 0.5219424962997437,
    "total_f1": 0.7331136465072632,
    "inf_f1": 0.6126729249954224,
    "perc_f1": 0.3918474614620209,
    "backg_f1": 0.3669978678226471
}