{
    "loss": 2.1875,
    "acc": 0.6881329417228699,
    "macro_f1": 0.5578960180282593,
    "total_f1": 0.7585306167602539,
    "inf_f1": 0.637509286403656,
    "perc_f1": 0.4285714328289032,
    "backg_f1": 0.3228391408920288
}