{
    "loss": 0.98046875,
    "acc": 0.6142138242721558,
    "macro_f1": 0.5444742441177368,
    "total_f1": 0.7568941116333008,
    "inf_f1": 0.618765115737915,
    "perc_f1": 0.42332231998443604,
    "backg_f1": 0.3686976134777069
}