{
    "loss": 1.046875,
    "acc": 0.5016675591468811,
    "macro_f1": 0.47309410572052,
    "total_f1": 0.7016708850860596,
    "inf_f1": 0.6072458028793335,
    "perc_f1": 0.31921130418777466,
    "backg_f1": 0.34669095277786255
}