{
    "loss": 1.46875,
    "acc": 0.6273725032806396,
    "macro_f1": 0.5442905426025391,
    "total_f1": 0.7299309372901917,
    "inf_f1": 0.6338561177253723,
    "perc_f1": 0.4322107136249542,
    "backg_f1": 0.33022966980934143
}