{
    "loss": 1.1015625,
    "acc": 0.6422897577285767,
    "macro_f1": 0.48795950412750244,
    "total_f1": 0.7223344445228577,
    "inf_f1": 0.5912967324256897,
    "perc_f1": 0.36758819222450256,
    "backg_f1": 0.1821257472038269
}