{
    "loss": 1.15625,
    "acc": 0.49275362491607666,
    "macro_f1": 0.48588842153549194,
    "total_f1": 0.6884856224060059,
    "inf_f1": 0.6135338544845581,
    "perc_f1": 0.39947837591171265,
    "backg_f1": 0.32926952838897705
}