{
    "loss": 1.0390625,
    "acc": 0.5442968606948853,
    "macro_f1": 0.4966631829738617,
    "total_f1": 0.7293385863304138,
    "inf_f1": 0.5996540188789368,
    "perc_f1": 0.3657635450363159,
    "backg_f1": 0.3343401253223419
}