{
    "loss": 1.5390625,
    "acc": 0.675944447517395,
    "macro_f1": 0.5501346588134766,
    "total_f1": 0.7512033581733704,
    "inf_f1": 0.6339678168296814,
    "perc_f1": 0.39834481477737427,
    "backg_f1": 0.33626413345336914
}