{
    "loss": 1.3984375,
    "acc": 0.6621793508529663,
    "macro_f1": 0.5760399699211121,
    "total_f1": 0.7682409286499023,
    "inf_f1": 0.6184414625167847,
    "perc_f1": 0.47007766366004944,
    "backg_f1": 0.39994293451309204
}