{
    "loss": 1.0859375,
    "acc": 0.5662007927894592,
    "macro_f1": 0.4950938820838928,
    "total_f1": 0.7396189570426941,
    "inf_f1": 0.49313032627105713,
    "perc_f1": 0.41041895747184753,
    "backg_f1": 0.33919402956962585
}