{
    "loss": 1.1953125,
    "acc": 0.6305627226829529,
    "macro_f1": 0.5228175520896912,
    "total_f1": 0.739436149597168,
    "inf_f1": 0.6350861191749573,
    "perc_f1": 0.3791448473930359,
    "backg_f1": 0.281989187002182
}