{
    "loss": 1.046875,
    "acc": 0.6737158298492432,
    "macro_f1": 0.564685583114624,
    "total_f1": 0.7686524987220764,
    "inf_f1": 0.6480686664581299,
    "perc_f1": 0.35728374123573303,
    "backg_f1": 0.42944785952568054
}