{
    "loss": 1.1484375,
    "acc": 0.5643005967140198,
    "macro_f1": 0.4054366946220398,
    "total_f1": 0.724153995513916,
    "inf_f1": 0.46602508425712585,
    "perc_f1": 0.2866745889186859,
    "backg_f1": 0.10496000200510025
}