{
    "loss": 1.359375,
    "acc": 0.6588819622993469,
    "macro_f1": 0.5582709312438965,
    "total_f1": 0.7518212199211121,
    "inf_f1": 0.6411150097846985,
    "perc_f1": 0.3956473171710968,
    "backg_f1": 0.3861098289489746
}