{
    "loss": 1.4453125,
    "acc": 0.63713538646698,
    "macro_f1": 0.568162739276886,
    "total_f1": 0.7522141337394714,
    "inf_f1": 0.6476296186447144,
    "perc_f1": 0.46295833587646484,
    "backg_f1": 0.37498360872268677
}