{
    "loss": 1.5859375,
    "acc": 0.6718209981918335,
    "macro_f1": 0.5674102306365967,
    "total_f1": 0.736422061920166,
    "inf_f1": 0.6581152081489563,
    "perc_f1": 0.4651162922382355,
    "backg_f1": 0.3298119902610779
}