{
    "loss": 1.0,
    "acc": 0.5680674314498901,
    "macro_f1": 0.523047685623169,
    "total_f1": 0.7268528938293457,
    "inf_f1": 0.6379456520080566,
    "perc_f1": 0.3673040568828583,
    "backg_f1": 0.3891506493091583
}