{
    "loss": 1.0546875,
    "acc": 0.6082711815834045,
    "macro_f1": 0.5495555400848389,
    "total_f1": 0.7399194836616516,
    "inf_f1": 0.6591070294380188,
    "perc_f1": 0.4156479239463806,
    "backg_f1": 0.3728584945201874
}