{
    "loss": 1.4921875,
    "acc": 0.6170638799667358,
    "macro_f1": 0.5337580442428589,
    "total_f1": 0.7443887591362,
    "inf_f1": 0.6275776624679565,
    "perc_f1": 0.3653993308544159,
    "backg_f1": 0.3651541769504547
}