{
    "loss": 1.0234375,
    "acc": 0.6606027483940125,
    "macro_f1": 0.5215273499488831,
    "total_f1": 0.7442376017570496,
    "inf_f1": 0.6500122547149658,
    "perc_f1": 0.4257974922657013,
    "backg_f1": 0.18833106756210327
}