{
    "loss": 1.0390625,
    "acc": 0.5958401560783386,
    "macro_f1": 0.5206146240234375,
    "total_f1": 0.757750391960144,
    "inf_f1": 0.5881880521774292,
    "perc_f1": 0.3987561762332916,
    "backg_f1": 0.3375289738178253
}