{
    "loss": 1.4921875,
    "acc": 0.6864515542984009,
    "macro_f1": 0.6099294424057007,
    "total_f1": 0.770370364189148,
    "inf_f1": 0.6860047578811646,
    "perc_f1": 0.4951583445072174,
    "backg_f1": 0.43979763984680176
}