{
    "loss": 1.0234375,
    "acc": 0.6120730042457581,
    "macro_f1": 0.520704984664917,
    "total_f1": 0.7442091703414917,
    "inf_f1": 0.5759724974632263,
    "perc_f1": 0.3661753237247467,
    "backg_f1": 0.37126395106315613
}