{
    "loss": 0.98828125,
    "acc": 0.5323047637939453,
    "macro_f1": 0.514022707939148,
    "total_f1": 0.7143985629081726,
    "inf_f1": 0.6563096046447754,
    "perc_f1": 0.4087507128715515,
    "backg_f1": 0.3461274802684784
}