{
    "loss": 1.1171875,
    "acc": 0.7005322575569153,
    "macro_f1": 0.5940623879432678,
    "total_f1": 0.753319263458252,
    "inf_f1": 0.6600618958473206,
    "perc_f1": 0.5107041597366333,
    "backg_f1": 0.3688003420829773
}