{
    "loss": 1.3046875,
    "acc": 0.38913965225219727,
    "macro_f1": 0.3295500874519348,
    "total_f1": 0.6221622228622437,
    "inf_f1": 0.3351222276687622,
    "perc_f1": 0.2716540992259979,
    "backg_f1": 0.17138810455799103
}