{
    "loss": 1.609375,
    "acc": 0.6973657608032227,
    "macro_f1": 0.5969017148017883,
    "total_f1": 0.7630713582038879,
    "inf_f1": 0.6821428537368774,
    "perc_f1": 0.48599109053611755,
    "backg_f1": 0.3839518427848816
}