{
    "loss": 1.3984375,
    "acc": 0.695883572101593,
    "macro_f1": 0.5941563844680786,
    "total_f1": 0.7607675194740295,
    "inf_f1": 0.6684635877609253,
    "perc_f1": 0.4713160991668701,
    "backg_f1": 0.40243902802467346
}