{
    "loss": 1.171875,
    "acc": 0.6027756929397583,
    "macro_f1": 0.5719430446624756,
    "total_f1": 0.740357518196106,
    "inf_f1": 0.6599346399307251,
    "perc_f1": 0.4870249032974243,
    "backg_f1": 0.4158734083175659
}