{
    "loss": 1.5703125,
    "acc": 0.7022165060043335,
    "macro_f1": 0.601555347442627,
    "total_f1": 0.7612249851226807,
    "inf_f1": 0.6821014881134033,
    "perc_f1": 0.49599143862724304,
    "backg_f1": 0.39125150442123413
}