{
    "loss": 1.359375,
    "acc": 0.6734487414360046,
    "macro_f1": 0.6000860929489136,
    "total_f1": 0.766343891620636,
    "inf_f1": 0.6707131862640381,
    "perc_f1": 0.49615976214408875,
    "backg_f1": 0.423717737197876
}