{
    "loss": 1.578125,
    "acc": 0.5118916034698486,
    "macro_f1": 0.40729930996894836,
    "total_f1": 0.6046101450920105,
    "inf_f1": 0.34601902961730957,
    "perc_f1": 0.30856218934059143,
    "backg_f1": 0.3008270263671875
}