{
    "loss": 1.4375,
    "acc": 0.4689837098121643,
    "macro_f1": 0.3924204707145691,
    "total_f1": 0.6315279006958008,
    "inf_f1": 0.37165021896362305,
    "perc_f1": 0.27325865626335144,
    "backg_f1": 0.30202141404151917
}