{
    "loss": 1.3515625,
    "acc": 0.4866372346878052,
    "macro_f1": 0.3836827278137207,
    "total_f1": 0.6283248662948608,
    "inf_f1": 0.3278536796569824,
    "perc_f1": 0.3291659951210022,
    "backg_f1": 0.21517692506313324
}