{
    "loss": 1.5,
    "acc": 0.495341420173645,
    "macro_f1": 0.40555888414382935,
    "total_f1": 0.6140112280845642,
    "inf_f1": 0.3744116425514221,
    "perc_f1": 0.29798537492752075,
    "backg_f1": 0.29738354682922363
}