{
    "loss": 1.3125,
    "acc": 0.4697805643081665,
    "macro_f1": 0.3669535219669342,
    "total_f1": 0.607965886592865,
    "inf_f1": 0.32557299733161926,
    "perc_f1": 0.26311227679252625,
    "backg_f1": 0.23350824415683746
}