{
    "loss": 1.3125,
    "acc": 0.4320215880870819,
    "macro_f1": 0.3724774122238159,
    "total_f1": 0.6223979592323303,
    "inf_f1": 0.3536794185638428,
    "perc_f1": 0.288968563079834,
    "backg_f1": 0.26813003420829773
}