{
    "loss": 1.46875,
    "acc": 0.3557680547237396,
    "macro_f1": 0.29341793060302734,
    "total_f1": 0.5743162035942078,
    "inf_f1": 0.25936686992645264,
    "perc_f1": 0.19645293056964874,
    "backg_f1": 0.21107055246829987
}