{
    "loss": 1.625,
    "acc": 0.48240774869918823,
    "macro_f1": 0.39462947845458984,
    "total_f1": 0.6078168153762817,
    "inf_f1": 0.3642131984233856,
    "perc_f1": 0.27816349267959595,
    "backg_f1": 0.2968944013118744
}