{
    "loss": 1.4375,
    "acc": 0.5435209274291992,
    "macro_f1": 0.4042811393737793,
    "total_f1": 0.5857014656066895,
    "inf_f1": 0.37085169553756714,
    "perc_f1": 0.26669979095458984,
    "backg_f1": 0.2672756016254425
}