{
    "loss": 1.6171875,
    "acc": 0.49429938197135925,
    "macro_f1": 0.39775019884109497,
    "total_f1": 0.6031432747840881,
    "inf_f1": 0.34987059235572815,
    "perc_f1": 0.28263214230537415,
    "backg_f1": 0.30491912364959717
}