{
    "loss": 1.0234375,
    "acc": 0.5081456303596497,
    "macro_f1": 0.48929643630981445,
    "total_f1": 0.6853855848312378,
    "inf_f1": 0.622343897819519,
    "perc_f1": 0.3969239294528961,
    "backg_f1": 0.3138216733932495
}