{
    "loss": 0.984375,
    "acc": 0.6886155605316162,
    "macro_f1": 0.5776094794273376,
    "total_f1": 0.7509788870811462,
    "inf_f1": 0.6449570059776306,
    "perc_f1": 0.45197027921676636,
    "backg_f1": 0.38089632987976074
}