{
    "loss": 1.2109375,
    "acc": 0.6268903613090515,
    "macro_f1": 0.5751420259475708,
    "total_f1": 0.7305150032043457,
    "inf_f1": 0.6917573809623718,
    "perc_f1": 0.4743789732456207,
    "backg_f1": 0.3747018575668335
}