{
    "loss": 1.1953125,
    "acc": 0.648471474647522,
    "macro_f1": 0.5743643045425415,
    "total_f1": 0.7350307703018188,
    "inf_f1": 0.7049928903579712,
    "perc_f1": 0.41982847452163696,
    "backg_f1": 0.3811372220516205
}