{
    "loss": 0.984375,
    "acc": 0.4578113853931427,
    "macro_f1": 0.48546716570854187,
    "total_f1": 0.6609039902687073,
    "inf_f1": 0.6827139854431152,
    "perc_f1": 0.41842979192733765,
    "backg_f1": 0.3468727469444275
}