{
    "loss": 1.2578125,
    "acc": 0.6444149017333984,
    "macro_f1": 0.5732244849205017,
    "total_f1": 0.735034704208374,
    "inf_f1": 0.6946786642074585,
    "perc_f1": 0.4603815972805023,
    "backg_f1": 0.3536544144153595
}