{
    "loss": 0.96875,
    "acc": 0.526189386844635,
    "macro_f1": 0.5159736275672913,
    "total_f1": 0.6911202669143677,
    "inf_f1": 0.6705946922302246,
    "perc_f1": 0.420318067073822,
    "backg_f1": 0.34694600105285645
}