{
    "loss": 0.9765625,
    "acc": 0.6864087581634521,
    "macro_f1": 0.5808495283126831,
    "total_f1": 0.7577075362205505,
    "inf_f1": 0.6553041338920593,
    "perc_f1": 0.4528493583202362,
    "backg_f1": 0.38398492336273193
}