{
    "loss": 1.2109375,
    "acc": 0.6321477293968201,
    "macro_f1": 0.558896005153656,
    "total_f1": 0.7323873043060303,
    "inf_f1": 0.689727783203125,
    "perc_f1": 0.3881882429122925,
    "backg_f1": 0.379125714302063
}