{
    "loss": 1.046875,
    "acc": 0.532615065574646,
    "macro_f1": 0.4869022071361542,
    "total_f1": 0.6954128742218018,
    "inf_f1": 0.6022740602493286,
    "perc_f1": 0.38428738713264465,
    "backg_f1": 0.2896135747432709
}