{
    "loss": 1.4609375,
    "acc": 0.6783699989318848,
    "macro_f1": 0.5804269313812256,
    "total_f1": 0.7657052874565125,
    "inf_f1": 0.6641011834144592,
    "perc_f1": 0.44152310490608215,
    "backg_f1": 0.3890567421913147
}