{
    "loss": 1.15625,
    "acc": 0.6541143655776978,
    "macro_f1": 0.47143569588661194,
    "total_f1": 0.6864441633224487,
    "inf_f1": 0.5822460055351257,
    "perc_f1": 0.3048287034034729,
    "backg_f1": 0.18118838965892792
}