{
    "loss": 1.9140625,
    "acc": 0.6885573863983154,
    "macro_f1": 0.5669376850128174,
    "total_f1": 0.7408155202865601,
    "inf_f1": 0.6746119856834412,
    "perc_f1": 0.41809672117233276,
    "backg_f1": 0.3410041928291321
}