{
    "loss": 1.0234375,
    "acc": 0.6583591103553772,
    "macro_f1": 0.5733358263969421,
    "total_f1": 0.7617563605308533,
    "inf_f1": 0.6590078473091125,
    "perc_f1": 0.4429669678211212,
    "backg_f1": 0.3843008875846863
}