{
    "loss": 1.6484375,
    "acc": 0.6527196764945984,
    "macro_f1": 0.5622533559799194,
    "total_f1": 0.7483265399932861,
    "inf_f1": 0.6670048236846924,
    "perc_f1": 0.40950167179107666,
    "backg_f1": 0.369737833738327
}