{
    "loss": 1.0625,
    "acc": 0.5111879110336304,
    "macro_f1": 0.4617801308631897,
    "total_f1": 0.7089642882347107,
    "inf_f1": 0.6086255311965942,
    "perc_f1": 0.24763107299804688,
    "backg_f1": 0.3445715308189392
}