{
    "loss": 1.1796875,
    "acc": 0.462615966796875,
    "macro_f1": 0.4721975326538086,
    "total_f1": 0.6792394518852234,
    "inf_f1": 0.6544046401977539,
    "perc_f1": 0.3705650568008423,
    "backg_f1": 0.31935322284698486
}