{
    "loss": 1.0859375,
    "acc": 0.6523844599723816,
    "macro_f1": 0.519618034362793,
    "total_f1": 0.7612957954406738,
    "inf_f1": 0.6027142405509949,
    "perc_f1": 0.3304826021194458,
    "backg_f1": 0.3263876140117645
}