{
    "loss": 1.078125,
    "acc": 0.5927424430847168,
    "macro_f1": 0.5333208441734314,
    "total_f1": 0.7279688715934753,
    "inf_f1": 0.6723276972770691,
    "perc_f1": 0.42443838715553284,
    "backg_f1": 0.2961004674434662
}