{
    "loss": 1.140625,
    "acc": 0.5757018327713013,
    "macro_f1": 0.4253155291080475,
    "total_f1": 0.7246572375297546,
    "inf_f1": 0.5220971703529358,
    "perc_f1": 0.36262810230255127,
    "backg_f1": 0.045311953872442245
}