{
    "loss": 0.9921875,
    "acc": 0.6179355382919312,
    "macro_f1": 0.5403689742088318,
    "total_f1": 0.7527856826782227,
    "inf_f1": 0.6450783610343933,
    "perc_f1": 0.42051804065704346,
    "backg_f1": 0.3178431987762451
}