{
    "loss": 1.0625,
    "acc": 0.4964447617530823,
    "macro_f1": 0.4837733805179596,
    "total_f1": 0.7059909105300903,
    "inf_f1": 0.5761455297470093,
    "perc_f1": 0.40353935956954956,
    "backg_f1": 0.3369578719139099
}