{
    "loss": 1.1328125,
    "acc": 0.6356503367424011,
    "macro_f1": 0.4915456771850586,
    "total_f1": 0.7653047442436218,
    "inf_f1": 0.5880645513534546,
    "perc_f1": 0.20809248089790344,
    "backg_f1": 0.35863831639289856
}