{
    "loss": 1.0390625,
    "acc": 0.603040337562561,
    "macro_f1": 0.49158617854118347,
    "total_f1": 0.7359786629676819,
    "inf_f1": 0.5713715553283691,
    "perc_f1": 0.35727307200431824,
    "backg_f1": 0.2622222304344177
}