{
    "loss": 1.0,
    "acc": 0.6511486768722534,
    "macro_f1": 0.5790964961051941,
    "total_f1": 0.7423814535140991,
    "inf_f1": 0.6541489958763123,
    "perc_f1": 0.4726623594760895,
    "backg_f1": 0.4031035006046295
}