{
    "loss": 1.171875,
    "acc": 0.6772889494895935,
    "macro_f1": 0.4356708526611328,
    "total_f1": 0.6597371101379395,
    "inf_f1": 0.6126777529716492,
    "perc_f1": 0.03696303814649582,
    "backg_f1": 0.2610595226287842
}