{
    "loss": 1.0390625,
    "acc": 0.6780300736427307,
    "macro_f1": 0.5405054688453674,
    "total_f1": 0.7184568047523499,
    "inf_f1": 0.5995940566062927,
    "perc_f1": 0.45547786355018616,
    "backg_f1": 0.2825968265533447
}