{
    "loss": 1.109375,
    "acc": 0.6301286816596985,
    "macro_f1": 0.5627636909484863,
    "total_f1": 0.7426950335502625,
    "inf_f1": 0.6397774815559387,
    "perc_f1": 0.46102941036224365,
    "backg_f1": 0.3830207288265228
}