{
    "loss": 1.0390625,
    "acc": 0.5696287751197815,
    "macro_f1": 0.4889943599700928,
    "total_f1": 0.7385979890823364,
    "inf_f1": 0.5367088317871094,
    "perc_f1": 0.3416734039783478,
    "backg_f1": 0.34846416115760803
}