{
    "loss": 1.2265625,
    "acc": 0.6551910042762756,
    "macro_f1": 0.5745649337768555,
    "total_f1": 0.7389649748802185,
    "inf_f1": 0.6566733717918396,
    "perc_f1": 0.47459185123443604,
    "backg_f1": 0.3742953836917877
}