{
    "loss": 1.0546875,
    "acc": 0.5877751708030701,
    "macro_f1": 0.5014400482177734,
    "total_f1": 0.7436007857322693,
    "inf_f1": 0.578181803226471,
    "perc_f1": 0.31200453639030457,
    "backg_f1": 0.36347174644470215
}