{
    "loss": 1.0,
    "acc": 0.6389545798301697,
    "macro_f1": 0.5009338855743408,
    "total_f1": 0.7510542869567871,
    "inf_f1": 0.5554782748222351,
    "perc_f1": 0.3413802981376648,
    "backg_f1": 0.2957434058189392
}