{
    "loss": 1.0,
    "acc": 0.67127525806427,
    "macro_f1": 0.5454078912734985,
    "total_f1": 0.7596717476844788,
    "inf_f1": 0.6671944856643677,
    "perc_f1": 0.4454358220100403,
    "backg_f1": 0.23865045607089996
}