{
    "loss": 1.2578125,
    "acc": 0.4531428813934326,
    "macro_f1": 0.3927364945411682,
    "total_f1": 0.6346887350082397,
    "inf_f1": 0.38404256105422974,
    "perc_f1": 0.28409090638160706,
    "backg_f1": 0.3002943992614746
}