{
    "loss": 1.40625,
    "acc": 0.2801320552825928,
    "macro_f1": 0.24910253286361694,
    "total_f1": 0.5678389072418213,
    "inf_f1": 0.2119503915309906,
    "perc_f1": 0.220992773771286,
    "backg_f1": 0.1781548261642456
}