{
    "loss": 1.09375,
    "acc": 0.42693525552749634,
    "macro_f1": 0.43220406770706177,
    "total_f1": 0.6650165915489197,
    "inf_f1": 0.6202854514122009,
    "perc_f1": 0.3245674669742584,
    "backg_f1": 0.28400540351867676
}