{
    "loss": 1.0625,
    "acc": 0.6958162188529968,
    "macro_f1": 0.588170051574707,
    "total_f1": 0.7523134350776672,
    "inf_f1": 0.6759793758392334,
    "perc_f1": 0.40790313482284546,
    "backg_f1": 0.43673616647720337
}