{
    "loss": 1.0859375,
    "acc": 0.6107929944992065,
    "macro_f1": 0.5584083795547485,
    "total_f1": 0.7386401891708374,
    "inf_f1": 0.6560758352279663,
    "perc_f1": 0.40089085698127747,
    "backg_f1": 0.43690210580825806
}