{
    "loss": 1.15625,
    "acc": 0.6517550349235535,
    "macro_f1": 0.5769158601760864,
    "total_f1": 0.7533855438232422,
    "inf_f1": 0.6568736433982849,
    "perc_f1": 0.43403440713882446,
    "backg_f1": 0.42698925733566284
}