{
    "loss": 1.1015625,
    "acc": 0.573585569858551,
    "macro_f1": 0.48250076174736023,
    "total_f1": 0.7410133481025696,
    "inf_f1": 0.5751559734344482,
    "perc_f1": 0.28786057233810425,
    "backg_f1": 0.32010409235954285
}