{
    "loss": 1.0546875,
    "acc": 0.4915408492088318,
    "macro_f1": 0.4643663167953491,
    "total_f1": 0.6998881697654724,
    "inf_f1": 0.606627345085144,
    "perc_f1": 0.29818594455718994,
    "backg_f1": 0.3496516942977905
}