{
    "loss": 1.0234375,
    "acc": 0.5968104004859924,
    "macro_f1": 0.5240092277526855,
    "total_f1": 0.7544968128204346,
    "inf_f1": 0.5934778451919556,
    "perc_f1": 0.4098391532897949,
    "backg_f1": 0.3371831774711609
}