{
    "loss": 1.1171875,
    "acc": 0.6057243347167969,
    "macro_f1": 0.5399905443191528,
    "total_f1": 0.7534111738204956,
    "inf_f1": 0.6180316805839539,
    "perc_f1": 0.41690513491630554,
    "backg_f1": 0.36509227752685547
}