{
    "loss": 1.5078125,
    "acc": 0.6120914220809937,
    "macro_f1": 0.5275219678878784,
    "total_f1": 0.7368970513343811,
    "inf_f1": 0.6267792582511902,
    "perc_f1": 0.3647986352443695,
    "backg_f1": 0.3467530608177185
}