{
    "loss": 1.15625,
    "acc": 0.637499213218689,
    "macro_f1": 0.4329679012298584,
    "total_f1": 0.6863113045692444,
    "inf_f1": 0.5110893249511719,
    "perc_f1": 0.15284787118434906,
    "backg_f1": 0.2533089816570282
}