{
    "loss": 1.5546875,
    "acc": 0.6190649271011353,
    "macro_f1": 0.5213295817375183,
    "total_f1": 0.7372984886169434,
    "inf_f1": 0.603556752204895,
    "perc_f1": 0.38399720191955566,
    "backg_f1": 0.3106074631214142
}