{
    "loss": 1.2578125,
    "acc": 0.6615790128707886,
    "macro_f1": 0.573841392993927,
    "total_f1": 0.7452293038368225,
    "inf_f1": 0.6819037199020386,
    "perc_f1": 0.4605739116668701,
    "backg_f1": 0.3454192280769348
}