{
    "loss": 1.390625,
    "acc": 0.6509132981300354,
    "macro_f1": 0.5675408840179443,
    "total_f1": 0.732481837272644,
    "inf_f1": 0.6806564331054688,
    "perc_f1": 0.4472140669822693,
    "backg_f1": 0.3476894199848175
}