{
    "loss": 1.171875,
    "acc": 0.7017898559570312,
    "macro_f1": 0.5876894593238831,
    "total_f1": 0.7582689523696899,
    "inf_f1": 0.6852484941482544,
    "perc_f1": 0.4771196246147156,
    "backg_f1": 0.3472682237625122
}