{
    "loss": 1.09375,
    "acc": 0.555902898311615,
    "macro_f1": 0.4982612133026123,
    "total_f1": 0.7284046411514282,
    "inf_f1": 0.5196506381034851,
    "perc_f1": 0.418245792388916,
    "backg_f1": 0.34008219838142395
}