{
    "loss": 1.1640625,
    "acc": 0.6675861477851868,
    "macro_f1": 0.47307202219963074,
    "total_f1": 0.6761245727539062,
    "inf_f1": 0.6220546364784241,
    "perc_f1": 0.362201064825058,
    "backg_f1": 0.0857427716255188
}