{
    "loss": 1.0546875,
    "acc": 0.5787054300308228,
    "macro_f1": 0.5272866487503052,
    "total_f1": 0.731635570526123,
    "inf_f1": 0.6338329911231995,
    "perc_f1": 0.38149595260620117,
    "backg_f1": 0.38584983348846436
}