{
    "loss": 0.98046875,
    "acc": 0.6865862607955933,
    "macro_f1": 0.5924866795539856,
    "total_f1": 0.7699419856071472,
    "inf_f1": 0.6632882952690125,
    "perc_f1": 0.4762338101863861,
    "backg_f1": 0.40390607714653015
}