{
    "loss": 1.015625,
    "acc": 0.6667789816856384,
    "macro_f1": 0.5381794571876526,
    "total_f1": 0.7415638566017151,
    "inf_f1": 0.6053169965744019,
    "perc_f1": 0.3711340129375458,
    "backg_f1": 0.3575587570667267
}