{
    "loss": 1.1796875,
    "acc": 0.6712928414344788,
    "macro_f1": 0.5876455307006836,
    "total_f1": 0.7544494867324829,
    "inf_f1": 0.6646210551261902,
    "perc_f1": 0.44676297903060913,
    "backg_f1": 0.4299565255641937
}