{
    "loss": 1.078125,
    "acc": 0.6702823042869568,
    "macro_f1": 0.5211460590362549,
    "total_f1": 0.7052425146102905,
    "inf_f1": 0.6234567761421204,
    "perc_f1": 0.41228702664375305,
    "backg_f1": 0.2278335690498352
}