{
    "loss": 1.28125,
    "acc": 0.6773563027381897,
    "macro_f1": 0.584536075592041,
    "total_f1": 0.7427060008049011,
    "inf_f1": 0.6800239086151123,
    "perc_f1": 0.49773550033569336,
    "backg_f1": 0.3469041585922241
}