{
    "loss": 1.3359375,
    "acc": 0.6538435816764832,
    "macro_f1": 0.4200356602668762,
    "total_f1": 0.5683012008666992,
    "inf_f1": 0.5636192560195923,
    "perc_f1": 0.10244136303663254,
    "backg_f1": 0.20600414276123047
}