{
    "loss": 1.1640625,
    "acc": 0.6266253590583801,
    "macro_f1": 0.5616570711135864,
    "total_f1": 0.7494704127311707,
    "inf_f1": 0.6243749856948853,
    "perc_f1": 0.4534212648868561,
    "backg_f1": 0.39738133549690247
}