{
    "loss": 1.0625,
    "acc": 0.6785016655921936,
    "macro_f1": 0.5670595169067383,
    "total_f1": 0.7393568754196167,
    "inf_f1": 0.6479290127754211,
    "perc_f1": 0.4428904354572296,
    "backg_f1": 0.3566783368587494
}