{
    "loss": 1.0234375,
    "acc": 0.6261537671089172,
    "macro_f1": 0.5264666676521301,
    "total_f1": 0.747523307800293,
    "inf_f1": 0.5812165141105652,
    "perc_f1": 0.33695316314697266,
    "backg_f1": 0.4048921763896942
}