{
    "loss": 1.4375,
    "acc": 0.6285117268562317,
    "macro_f1": 0.5520057082176208,
    "total_f1": 0.7284316420555115,
    "inf_f1": 0.6252743601799011,
    "perc_f1": 0.48032453656196594,
    "backg_f1": 0.3286804258823395
}