{
    "loss": 1.1953125,
    "acc": 0.5353364944458008,
    "macro_f1": 0.4247525930404663,
    "total_f1": 0.6777037382125854,
    "inf_f1": 0.43706294894218445,
    "perc_f1": 0.2802322506904602,
    "backg_f1": 0.26754748821258545
}