{
    "loss": 1.09375,
    "acc": 0.4407464861869812,
    "macro_f1": 0.42658260464668274,
    "total_f1": 0.6820486783981323,
    "inf_f1": 0.5779796838760376,
    "perc_f1": 0.31507551670074463,
    "backg_f1": 0.27326035499572754
}