{
    "loss": 1.046875,
    "acc": 0.6433335542678833,
    "macro_f1": 0.5713969469070435,
    "total_f1": 0.7576168179512024,
    "inf_f1": 0.6444388031959534,
    "perc_f1": 0.4477829039096832,
    "backg_f1": 0.4101359248161316
}