{
    "loss": 1.375,
    "acc": 0.28606078028678894,
    "macro_f1": 0.2630194425582886,
    "total_f1": 0.5869771838188171,
    "inf_f1": 0.24278922379016876,
    "perc_f1": 0.22944983839988708,
    "backg_f1": 0.20368646085262299
}