{
    "loss": 1.0078125,
    "acc": 0.6374722123146057,
    "macro_f1": 0.5729737281799316,
    "total_f1": 0.7596153616905212,
    "inf_f1": 0.6445199847221375,
    "perc_f1": 0.4412654638290405,
    "backg_f1": 0.4310995042324066
}