{
    "loss": 0.98046875,
    "acc": 0.6621302962303162,
    "macro_f1": 0.5740204453468323,
    "total_f1": 0.7659288048744202,
    "inf_f1": 0.6294148564338684,
    "perc_f1": 0.4551432728767395,
    "backg_f1": 0.4033834636211395
}