{
    "loss": 1.171875,
    "acc": 0.6465000510215759,
    "macro_f1": 0.45187121629714966,
    "total_f1": 0.6408437490463257,
    "inf_f1": 0.5152010321617126,
    "perc_f1": 0.41223692893981934,
    "backg_f1": 0.07458363473415375
}