{
    "loss": 1.0546875,
    "acc": 0.6208987236022949,
    "macro_f1": 0.5107898712158203,
    "total_f1": 0.7434933185577393,
    "inf_f1": 0.5562055706977844,
    "perc_f1": 0.3332301080226898,
    "backg_f1": 0.3695025146007538
}