{
    "loss": 1.3046875,
    "acc": 0.6030452251434326,
    "macro_f1": 0.5460346937179565,
    "total_f1": 0.7217908501625061,
    "inf_f1": 0.6425393223762512,
    "perc_f1": 0.41900238394737244,
    "backg_f1": 0.3809949457645416
}