{
    "loss": 1.25,
    "acc": 0.6365290284156799,
    "macro_f1": 0.5546934008598328,
    "total_f1": 0.75,
    "inf_f1": 0.6001150608062744,
    "perc_f1": 0.4547945261001587,
    "backg_f1": 0.3784627318382263
}