{
    "loss": 1.03125,
    "acc": 0.6682611107826233,
    "macro_f1": 0.5655412673950195,
    "total_f1": 0.7428117394447327,
    "inf_f1": 0.6434403657913208,
    "perc_f1": 0.44410809874534607,
    "backg_f1": 0.3640177249908447
}