{
    "loss": 1.359375,
    "acc": 0.33234521746635437,
    "macro_f1": 0.2936987280845642,
    "total_f1": 0.5878386497497559,
    "inf_f1": 0.25747209787368774,
    "perc_f1": 0.236018106341362,
    "backg_f1": 0.22653166949748993
}