{
    "loss": 1.390625,
    "acc": 0.2917200028896332,
    "macro_f1": 0.2606184482574463,
    "total_f1": 0.5720717906951904,
    "inf_f1": 0.21882620453834534,
    "perc_f1": 0.21221259236335754,
    "backg_f1": 0.2110467106103897
}