{
    "loss": 1.359375,
    "acc": 0.33241257071495056,
    "macro_f1": 0.29261332750320435,
    "total_f1": 0.5862805843353271,
    "inf_f1": 0.2543041706085205,
    "perc_f1": 0.2347746044397354,
    "backg_f1": 0.2246190756559372
}