{
    "loss": 1.359375,
    "acc": 0.3387455344200134,
    "macro_f1": 0.2974250614643097,
    "total_f1": 0.5890835523605347,
    "inf_f1": 0.26211848855018616,
    "perc_f1": 0.23764188587665558,
    "backg_f1": 0.22434782981872559
}