{
    "loss": 1.359375,
    "acc": 0.33773496747016907,
    "macro_f1": 0.2966354489326477,
    "total_f1": 0.5883614420890808,
    "inf_f1": 0.2596982717514038,
    "perc_f1": 0.23751835525035858,
    "backg_f1": 0.22518621385097504
}