{
    "loss": 1.40625,
    "acc": 0.27608972787857056,
    "macro_f1": 0.24981388449668884,
    "total_f1": 0.5691066384315491,
    "inf_f1": 0.19525998830795288,
    "perc_f1": 0.205812469124794,
    "backg_f1": 0.22531293332576752
}