{
    "loss": 1.3671875,
    "acc": 0.32958295941352844,
    "macro_f1": 0.2880293130874634,
    "total_f1": 0.5813301801681519,
    "inf_f1": 0.24201248586177826,
    "perc_f1": 0.2321784943342209,
    "backg_f1": 0.22115053236484528
}