{
    "loss": 1.359375,
    "acc": 0.329650342464447,
    "macro_f1": 0.28937315940856934,
    "total_f1": 0.5843377113342285,
    "inf_f1": 0.24906466901302338,
    "perc_f1": 0.2338782101869583,
    "backg_f1": 0.21967154741287231
}