{
    "loss": 1.375,
    "acc": 0.31300950050354004,
    "macro_f1": 0.27780622243881226,
    "total_f1": 0.579353928565979,
    "inf_f1": 0.22875092923641205,
    "perc_f1": 0.22829581797122955,
    "backg_f1": 0.224744975566864
}