{
    "loss": 1.359375,
    "acc": 0.33571380376815796,
    "macro_f1": 0.2957133948802948,
    "total_f1": 0.5873892903327942,
    "inf_f1": 0.25986248254776,
    "perc_f1": 0.23702894151210785,
    "backg_f1": 0.22589531540870667
}