{
    "loss": 1.3828125,
    "acc": 0.30627232789993286,
    "macro_f1": 0.27243664860725403,
    "total_f1": 0.5764904618263245,
    "inf_f1": 0.22552138566970825,
    "perc_f1": 0.22079116106033325,
    "backg_f1": 0.2235410511493683
}