{
    "loss": 1.359375,
    "acc": 0.33786970376968384,
    "macro_f1": 0.2969540059566498,
    "total_f1": 0.5890125632286072,
    "inf_f1": 0.260697603225708,
    "perc_f1": 0.23813001811504364,
    "backg_f1": 0.22488287091255188
}