{
    "loss": 1.3515625,
    "acc": 0.33982348442077637,
    "macro_f1": 0.29812145233154297,
    "total_f1": 0.5886355638504028,
    "inf_f1": 0.2614521086215973,
    "perc_f1": 0.23712094128131866,
    "backg_f1": 0.22685426473617554
}