{
    "loss": 1.453125,
    "acc": 0.22886209189891815,
    "macro_f1": 0.21372880041599274,
    "total_f1": 0.5585545897483826,
    "inf_f1": 0.1660822480916977,
    "perc_f1": 0.17784476280212402,
    "backg_f1": 0.21696843206882477
}