{
    "loss": 1.421875,
    "acc": 0.26692718267440796,
    "macro_f1": 0.2390284538269043,
    "total_f1": 0.5591838955879211,
    "inf_f1": 0.17254455387592316,
    "perc_f1": 0.19334210455417633,
    "backg_f1": 0.2274295538663864
}