{
    "loss": 1.0625,
    "acc": 0.607698917388916,
    "macro_f1": 0.47905412316322327,
    "total_f1": 0.7387485504150391,
    "inf_f1": 0.6477922201156616,
    "perc_f1": 0.3807026743888855,
    "backg_f1": 0.10158927738666534
}