{
    "loss": 1.0234375,
    "acc": 0.6554493308067322,
    "macro_f1": 0.5534157752990723,
    "total_f1": 0.7602141499519348,
    "inf_f1": 0.5736636519432068,
    "perc_f1": 0.44199860095977783,
    "backg_f1": 0.3826794922351837
}