{
    "loss": 1.203125,
    "acc": 0.6136447191238403,
    "macro_f1": 0.5398483276367188,
    "total_f1": 0.7485274076461792,
    "inf_f1": 0.5667892098426819,
    "perc_f1": 0.4567951261997223,
    "backg_f1": 0.36195728182792664
}