{
    "loss": 1.0234375,
    "acc": 0.6935147643089294,
    "macro_f1": 0.5578618049621582,
    "total_f1": 0.7502390742301941,
    "inf_f1": 0.6368656158447266,
    "perc_f1": 0.38685059547424316,
    "backg_f1": 0.36380666494369507
}