{
    "loss": 1.0234375,
    "acc": 0.5133627653121948,
    "macro_f1": 0.482092946767807,
    "total_f1": 0.710765540599823,
    "inf_f1": 0.6056426167488098,
    "perc_f1": 0.3286153972148895,
    "backg_f1": 0.36178743839263916
}