{
    "loss": 1.3671875,
    "acc": 0.5857545733451843,
    "macro_f1": 0.5163257122039795,
    "total_f1": 0.7272031903266907,
    "inf_f1": 0.6176995635032654,
    "perc_f1": 0.3849138021469116,
    "backg_f1": 0.3154795169830322
}