{
    "loss": 1.1875,
    "acc": 0.6880684494972229,
    "macro_f1": 0.5784884691238403,
    "total_f1": 0.757648229598999,
    "inf_f1": 0.6487404704093933,
    "perc_f1": 0.4664117991924286,
    "backg_f1": 0.36618006229400635
}