{
    "loss": 1.15625,
    "acc": 0.6132857203483582,
    "macro_f1": 0.5472031831741333,
    "total_f1": 0.7447163462638855,
    "inf_f1": 0.6455627679824829,
    "perc_f1": 0.4289415180683136,
    "backg_f1": 0.3542770743370056
}