{
    "loss": 1.0546875,
    "acc": 0.6758741736412048,
    "macro_f1": 0.5629676580429077,
    "total_f1": 0.7467405200004578,
    "inf_f1": 0.6555523872375488,
    "perc_f1": 0.4677145183086395,
    "backg_f1": 0.3070807456970215
}