{
    "loss": 1.015625,
    "acc": 0.6561341881752014,
    "macro_f1": 0.527327299118042,
    "total_f1": 0.7772664427757263,
    "inf_f1": 0.5804620981216431,
    "perc_f1": 0.3405612111091614,
    "backg_f1": 0.36272141337394714
}