{
    "loss": 1.0,
    "acc": 0.5612746477127075,
    "macro_f1": 0.510888934135437,
    "total_f1": 0.7306405901908875,
    "inf_f1": 0.6134615540504456,
    "perc_f1": 0.37775734066963196,
    "backg_f1": 0.3485596776008606
}