{
    "loss": 1.265625,
    "acc": 0.6547867655754089,
    "macro_f1": 0.5734801292419434,
    "total_f1": 0.7578635215759277,
    "inf_f1": 0.6560788750648499,
    "perc_f1": 0.42769500613212585,
    "backg_f1": 0.4115534722805023
}