{
    "loss": 1.3046875,
    "acc": 0.39749377965927124,
    "macro_f1": 0.31861254572868347,
    "total_f1": 0.6187838315963745,
    "inf_f1": 0.3236418068408966,
    "perc_f1": 0.26653820276260376,
    "backg_f1": 0.12311074137687683
}