{
    "loss": 1.046875,
    "acc": 0.6246041655540466,
    "macro_f1": 0.5666602849960327,
    "total_f1": 0.7543498873710632,
    "inf_f1": 0.6427448987960815,
    "perc_f1": 0.46232953667640686,
    "backg_f1": 0.3992389440536499
}