{
    "loss": 1.1015625,
    "acc": 0.6507907509803772,
    "macro_f1": 0.5231457948684692,
    "total_f1": 0.7223469614982605,
    "inf_f1": 0.6018872857093811,
    "perc_f1": 0.30528149008750916,
    "backg_f1": 0.37798166275024414
}