{
    "loss": 1.078125,
    "acc": 0.5266641974449158,
    "macro_f1": 0.4914920926094055,
    "total_f1": 0.7236700057983398,
    "inf_f1": 0.5719213485717773,
    "perc_f1": 0.39269405603408813,
    "backg_f1": 0.3254954516887665
}