{
    "loss": 1.1484375,
    "acc": 0.5942748785018921,
    "macro_f1": 0.46246570348739624,
    "total_f1": 0.7477471828460693,
    "inf_f1": 0.5224558711051941,
    "perc_f1": 0.19635234773159027,
    "backg_f1": 0.35723599791526794
}