{
    "loss": 1.0390625,
    "acc": 0.6526308655738831,
    "macro_f1": 0.5728862285614014,
    "total_f1": 0.7655988931655884,
    "inf_f1": 0.642984926700592,
    "perc_f1": 0.44518429040908813,
    "backg_f1": 0.40608957409858704
}