{
    "loss": 0.99609375,
    "acc": 0.651013970375061,
    "macro_f1": 0.5834113955497742,
    "total_f1": 0.7688729166984558,
    "inf_f1": 0.6513369083404541,
    "perc_f1": 0.44664350152015686,
    "backg_f1": 0.4472271800041199
}