{
    "loss": 1.375,
    "acc": 0.2879471778869629,
    "macro_f1": 0.2640090584754944,
    "total_f1": 0.5865108966827393,
    "inf_f1": 0.24262607097625732,
    "perc_f1": 0.23003090918064117,
    "backg_f1": 0.20321254432201385
}