{
    "loss": 1.203125,
    "acc": 0.5201778411865234,
    "macro_f1": 0.4091489911079407,
    "total_f1": 0.6714760661125183,
    "inf_f1": 0.41347187757492065,
    "perc_f1": 0.26184141635894775,
    "backg_f1": 0.26005417108535767
}