{
    "loss": 1.0703125,
    "acc": 0.45469245314598083,
    "macro_f1": 0.43743079900741577,
    "total_f1": 0.6868337392807007,
    "inf_f1": 0.59140944480896,
    "perc_f1": 0.3211446702480316,
    "backg_f1": 0.27792811393737793
}