{
    "loss": 0.9921875,
    "acc": 0.6803880333900452,
    "macro_f1": 0.5838795900344849,
    "total_f1": 0.7723690271377563,
    "inf_f1": 0.631134569644928,
    "perc_f1": 0.4532771706581116,
    "backg_f1": 0.42705026268959045
}