{
    "loss": 1.0,
    "acc": 0.5632284283638,
    "macro_f1": 0.5135320425033569,
    "total_f1": 0.7299317121505737,
    "inf_f1": 0.62744140625,
    "perc_f1": 0.38627889752388,
    "backg_f1": 0.33636942505836487
}