{
    "loss": 1.25,
    "acc": 0.65034019947052,
    "macro_f1": 0.5747911930084229,
    "total_f1": 0.7524257302284241,
    "inf_f1": 0.6566920280456543,
    "perc_f1": 0.44243133068084717,
    "backg_f1": 0.4094681739807129
}