{
    "loss": 1.046875,
    "acc": 0.6119382977485657,
    "macro_f1": 0.5601494312286377,
    "total_f1": 0.7447642087936401,
    "inf_f1": 0.6446540951728821,
    "perc_f1": 0.4566003680229187,
    "backg_f1": 0.3931728005409241
}