{
    "loss": 1.015625,
    "acc": 0.6492622494697571,
    "macro_f1": 0.5327671766281128,
    "total_f1": 0.7637711763381958,
    "inf_f1": 0.5892634391784668,
    "perc_f1": 0.3558282256126404,
    "backg_f1": 0.37553396821022034
}