{
    "loss": 1.1640625,
    "acc": 0.6083002090454102,
    "macro_f1": 0.5464508533477783,
    "total_f1": 0.744757890701294,
    "inf_f1": 0.6472898721694946,
    "perc_f1": 0.43598371744155884,
    "backg_f1": 0.35091787576675415
}