{
    "loss": 1.3046875,
    "acc": 0.39904332160949707,
    "macro_f1": 0.3195268511772156,
    "total_f1": 0.6200163960456848,
    "inf_f1": 0.32497093081474304,
    "perc_f1": 0.267520010471344,
    "backg_f1": 0.1225055456161499
}