{
    "loss": 1.0390625,
    "acc": 0.6728424429893494,
    "macro_f1": 0.5630636811256409,
    "total_f1": 0.7415840029716492,
    "inf_f1": 0.6482122540473938,
    "perc_f1": 0.4799313247203827,
    "backg_f1": 0.3068808317184448
}