{
    "loss": 1.1640625,
    "acc": 0.6799164414405823,
    "macro_f1": 0.576326847076416,
    "total_f1": 0.7551432251930237,
    "inf_f1": 0.6538995504379272,
    "perc_f1": 0.4636218845844269,
    "backg_f1": 0.3633107841014862
}