{
    "loss": 0.98828125,
    "acc": 0.6553257703781128,
    "macro_f1": 0.5729036331176758,
    "total_f1": 0.7605467438697815,
    "inf_f1": 0.6569381952285767,
    "perc_f1": 0.43580785393714905,
    "backg_f1": 0.39953720569610596
}