{
    "loss": 1.046875,
    "acc": 0.6380785703659058,
    "macro_f1": 0.5623371601104736,
    "total_f1": 0.7550784945487976,
    "inf_f1": 0.6482946872711182,
    "perc_f1": 0.42758339643478394,
    "backg_f1": 0.38860592246055603
}