{
    "loss": 1.0390625,
    "acc": 0.6316782236099243,
    "macro_f1": 0.558467447757721,
    "total_f1": 0.7576228380203247,
    "inf_f1": 0.6430030465126038,
    "perc_f1": 0.4182294011116028,
    "backg_f1": 0.3939287066459656
}