{
    "loss": 1.0390625,
    "acc": 0.6379438042640686,
    "macro_f1": 0.5713370442390442,
    "total_f1": 0.7642732262611389,
    "inf_f1": 0.6496309041976929,
    "perc_f1": 0.4232189953327179,
    "backg_f1": 0.43084877729415894
}