{
    "loss": 0.9609375,
    "acc": 0.6249410510063171,
    "macro_f1": 0.5500708818435669,
    "total_f1": 0.7599138617515564,
    "inf_f1": 0.6319279670715332,
    "perc_f1": 0.38795986771583557,
    "backg_f1": 0.40653547644615173
}