{
    "loss": 1.359375,
    "acc": 0.2742033302783966,
    "macro_f1": 0.25960084795951843,
    "total_f1": 0.5927902460098267,
    "inf_f1": 0.2513452470302582,
    "perc_f1": 0.2412966936826706,
    "backg_f1": 0.20624546706676483
}