{
    "loss": 1.0703125,
    "acc": 0.5853937864303589,
    "macro_f1": 0.5005873441696167,
    "total_f1": 0.7446765303611755,
    "inf_f1": 0.5908167362213135,
    "perc_f1": 0.3316440284252167,
    "backg_f1": 0.3303055465221405
}