{
    "loss": 1.421875,
    "acc": 0.29758134484291077,
    "macro_f1": 0.25353318452835083,
    "total_f1": 0.5488970279693604,
    "inf_f1": 0.17607973515987396,
    "perc_f1": 0.20456835627555847,
    "backg_f1": 0.20862451195716858
}