{
    "loss": 1.3359375,
    "acc": 0.5189651846885681,
    "macro_f1": 0.3851594626903534,
    "total_f1": 0.6163954734802246,
    "inf_f1": 0.2503037750720978,
    "perc_f1": 0.27538907527923584,
    "backg_f1": 0.31746962666511536
}