{
    "loss": 1.1875,
    "acc": 0.47369131445884705,
    "macro_f1": 0.40330785512924194,
    "total_f1": 0.6740599274635315,
    "inf_f1": 0.43401551246643066,
    "perc_f1": 0.2841718792915344,
    "backg_f1": 0.2604340612888336
}