{
    "loss": 1.4609375,
    "acc": 0.19665835797786713,
    "macro_f1": 0.19011731445789337,
    "total_f1": 0.570911705493927,
    "inf_f1": 0.150106742978096,
    "perc_f1": 0.1700194627046585,
    "backg_f1": 0.2433997243642807
}