{
    "loss": 0.95703125,
    "acc": 0.6814659833908081,
    "macro_f1": 0.5922321081161499,
    "total_f1": 0.781480073928833,
    "inf_f1": 0.6708965301513672,
    "perc_f1": 0.4720652997493744,
    "backg_f1": 0.4003353714942932
}