{
    "loss": 1.0546875,
    "acc": 0.684228241443634,
    "macro_f1": 0.5965683460235596,
    "total_f1": 0.7643212676048279,
    "inf_f1": 0.6637681126594543,
    "perc_f1": 0.46850091218948364,
    "backg_f1": 0.43383553624153137
}