{
    "loss": 1.109375,
    "acc": 0.6120056509971619,
    "macro_f1": 0.5640458464622498,
    "total_f1": 0.747129499912262,
    "inf_f1": 0.6584599018096924,
    "perc_f1": 0.44127437472343445,
    "backg_f1": 0.414031058549881
}