{
    "loss": 1.3359375,
    "acc": 0.7099642753601074,
    "macro_f1": 0.5902009010314941,
    "total_f1": 0.739955484867096,
    "inf_f1": 0.6692700386047363,
    "perc_f1": 0.48330503702163696,
    "backg_f1": 0.36634570360183716
}