{
    "loss": 1.0,
    "acc": 0.6584248542785645,
    "macro_f1": 0.5369292497634888,
    "total_f1": 0.7660132646560669,
    "inf_f1": 0.5926551222801208,
    "perc_f1": 0.35934099555015564,
    "backg_f1": 0.37697380781173706
}