{
    "loss": 1.1953125,
    "acc": 0.5880212783813477,
    "macro_f1": 0.441928505897522,
    "total_f1": 0.6670441627502441,
    "inf_f1": 0.5346658229827881,
    "perc_f1": 0.35033684968948364,
    "backg_f1": 0.12030075490474701
}