{
    "loss": 1.1875,
    "acc": 0.6057400703430176,
    "macro_f1": 0.5449791550636292,
    "total_f1": 0.7286410927772522,
    "inf_f1": 0.6349563598632812,
    "perc_f1": 0.4393728971481323,
    "backg_f1": 0.35949981212615967
}