{
    "loss": 1.2890625,
    "acc": 0.657616376876831,
    "macro_f1": 0.5658633708953857,
    "total_f1": 0.7376998066902161,
    "inf_f1": 0.6482833027839661,
    "perc_f1": 0.47053253650665283,
    "backg_f1": 0.3458282947540283
}