{
    "loss": 1.1015625,
    "acc": 0.6622650623321533,
    "macro_f1": 0.5778098106384277,
    "total_f1": 0.7624915242195129,
    "inf_f1": 0.6461626887321472,
    "perc_f1": 0.4439675807952881,
    "backg_f1": 0.4141235053539276
}