{
    "loss": 1.125,
    "acc": 0.6683958768844604,
    "macro_f1": 0.4577644169330597,
    "total_f1": 0.6673825979232788,
    "inf_f1": 0.5790908932685852,
    "perc_f1": 0.20354346930980682,
    "backg_f1": 0.2236533910036087
}