{
    "loss": 1.0234375,
    "acc": 0.6125446557998657,
    "macro_f1": 0.5138518214225769,
    "total_f1": 0.7566995620727539,
    "inf_f1": 0.5659701228141785,
    "perc_f1": 0.3456276059150696,
    "backg_f1": 0.3663041591644287
}