{
    "loss": 1.03125,
    "acc": 0.6707538962364197,
    "macro_f1": 0.5699343681335449,
    "total_f1": 0.7543498873710632,
    "inf_f1": 0.6493278741836548,
    "perc_f1": 0.43841424584388733,
    "backg_f1": 0.3742508292198181
}