{
    "loss": 1.0,
    "acc": 0.6659311056137085,
    "macro_f1": 0.57143235206604,
    "total_f1": 0.7622190713882446,
    "inf_f1": 0.5821042060852051,
    "perc_f1": 0.46758198738098145,
    "backg_f1": 0.42018502950668335
}