{
    "loss": 1.1328125,
    "acc": 0.5172857642173767,
    "macro_f1": 0.4659457802772522,
    "total_f1": 0.7104935050010681,
    "inf_f1": 0.5907139778137207,
    "perc_f1": 0.2873637080192566,
    "backg_f1": 0.32601746916770935
}