{
    "loss": 1.0703125,
    "acc": 0.644661009311676,
    "macro_f1": 0.5494028925895691,
    "total_f1": 0.7367976307868958,
    "inf_f1": 0.6439847350120544,
    "perc_f1": 0.37883660197257996,
    "backg_f1": 0.37765583395957947
}