{
    "loss": 1.0078125,
    "acc": 0.6151771545410156,
    "macro_f1": 0.5336958765983582,
    "total_f1": 0.7400771379470825,
    "inf_f1": 0.6770260334014893,
    "perc_f1": 0.3865225613117218,
    "backg_f1": 0.30053964257240295
}