{
    "loss": 0.9609375,
    "acc": 0.6534473299980164,
    "macro_f1": 0.5621734857559204,
    "total_f1": 0.7736098170280457,
    "inf_f1": 0.605337381362915,
    "perc_f1": 0.43923866748809814,
    "backg_f1": 0.39627039432525635
}