{
    "loss": 1.34375,
    "acc": 0.5315626859664917,
    "macro_f1": 0.5203471779823303,
    "total_f1": 0.689713716506958,
    "inf_f1": 0.632160484790802,
    "perc_f1": 0.455068439245224,
    "backg_f1": 0.3524037301540375
}