{
    "loss": 1.046875,
    "acc": 0.6222181916236877,
    "macro_f1": 0.5244232416152954,
    "total_f1": 0.7618557810783386,
    "inf_f1": 0.5862136483192444,
    "perc_f1": 0.3532508611679077,
    "backg_f1": 0.370972603559494
}