{
    "loss": 1.078125,
    "acc": 0.5881996154785156,
    "macro_f1": 0.5374771356582642,
    "total_f1": 0.7412813305854797,
    "inf_f1": 0.6266804337501526,
    "perc_f1": 0.4228591024875641,
    "backg_f1": 0.36627742648124695
}