{
    "loss": 1.0625,
    "acc": 0.5868049263954163,
    "macro_f1": 0.5111778974533081,
    "total_f1": 0.7351480722427368,
    "inf_f1": 0.6020957231521606,
    "perc_f1": 0.3857470750808716,
    "backg_f1": 0.30360379815101624
}