{
    "loss": 0.953125,
    "acc": 0.7811934947967529,
    "total_f1": 0.7077294588088989
}