{
    "loss": 0.494140625,
    "acc": 0.7314647436141968,
    "total_f1": 0.717411994934082
}