{
    "loss": 0.76953125,
    "acc": 0.7811934947967529,
    "total_f1": 0.7091346383094788
}