{
    "loss": 0.57421875,
    "acc": 0.775768518447876,
    "total_f1": 0.7268722653388977
}