{
    "loss": 0.48828125,
    "acc": 0.7703436017036438,
    "total_f1": 0.6792929172515869
}