{
    "loss": 0.5625,
    "acc": 0.7848101258277893,
    "total_f1": 0.667597770690918
}