{
    "loss": 0.486328125,
    "acc": 0.7667269706726074,
    "total_f1": 0.7171052694320679
}