{
    "loss": 1.4140625,
    "acc": 0.27366435527801514,
    "macro_f1": 0.24584269523620605,
    "total_f1": 0.5607101917266846,
    "inf_f1": 0.18766289949417114,
    "perc_f1": 0.20048992335796356,
    "backg_f1": 0.2225695550441742
}