{
    "loss": 1.3828125,
    "acc": 0.2995351254940033,
    "macro_f1": 0.2680467367172241,
    "total_f1": 0.578111469745636,
    "inf_f1": 0.2187943309545517,
    "perc_f1": 0.22057761251926422,
    "backg_f1": 0.22330887615680695
}