{
    "loss": 1.421875,
    "acc": 0.2539917826652527,
    "macro_f1": 0.23302647471427917,
    "total_f1": 0.5615448951721191,
    "inf_f1": 0.17994001507759094,
    "perc_f1": 0.1945965737104416,
    "backg_f1": 0.22020360827445984
}