{
    "loss": 1.40625,
    "acc": 0.2801320552825928,
    "macro_f1": 0.25069960951805115,
    "total_f1": 0.5643354058265686,
    "inf_f1": 0.18937644362449646,
    "perc_f1": 0.20541974902153015,
    "backg_f1": 0.2250962257385254
}