{
    "loss": 1.3828125,
    "acc": 0.2987940311431885,
    "macro_f1": 0.26769348978996277,
    "total_f1": 0.5780060291290283,
    "inf_f1": 0.21893177926540375,
    "perc_f1": 0.2212565690279007,
    "backg_f1": 0.22262060642242432
}