{
    "loss": 1.390625,
    "acc": 0.2923937141895294,
    "macro_f1": 0.2631468176841736,
    "total_f1": 0.5757419466972351,
    "inf_f1": 0.21656721830368042,
    "perc_f1": 0.21735256910324097,
    "backg_f1": 0.22127659618854523
}