{
    "loss": 1.3828125,
    "acc": 0.29603180289268494,
    "macro_f1": 0.26483118534088135,
    "total_f1": 0.5759464502334595,
    "inf_f1": 0.21701602637767792,
    "perc_f1": 0.21676819026470184,
    "backg_f1": 0.22013510763645172
}