{
    "loss": 1.390625,
    "acc": 0.28686922788619995,
    "macro_f1": 0.2587207853794098,
    "total_f1": 0.5740412473678589,
    "inf_f1": 0.20647917687892914,
    "perc_f1": 0.21264049410820007,
    "backg_f1": 0.22721636295318604
}