{
    "loss": 1.3828125,
    "acc": 0.2973792254924774,
    "macro_f1": 0.26630356907844543,
    "total_f1": 0.5775086283683777,
    "inf_f1": 0.21737588942050934,
    "perc_f1": 0.219187930226326,
    "backg_f1": 0.2220410853624344
}