{
    "loss": 1.453125,
    "acc": 0.2079768180847168,
    "macro_f1": 0.19929806888103485,
    "total_f1": 0.5654097199440002,
    "inf_f1": 0.1549036055803299,
    "perc_f1": 0.1735009253025055,
    "backg_f1": 0.24014687538146973
}