{
    "loss": 1.3984375,
    "acc": 0.2874755859375,
    "macro_f1": 0.25591811537742615,
    "total_f1": 0.5667186975479126,
    "inf_f1": 0.19725832343101501,
    "perc_f1": 0.20831003785133362,
    "backg_f1": 0.2223632037639618
}