{
    "loss": 1.4375,
    "acc": 0.2504884600639343,
    "macro_f1": 0.22693026065826416,
    "total_f1": 0.5559238195419312,
    "inf_f1": 0.16351327300071716,
    "perc_f1": 0.18134087324142456,
    "backg_f1": 0.22799097001552582
}