{
    "loss": 1.484375,
    "acc": 0.17375193536281586,
    "macro_f1": 0.16132286190986633,
    "total_f1": 0.5835509896278381,
    "inf_f1": 0.12992864847183228,
    "perc_f1": 0.14719045162200928,
    "backg_f1": 0.26788488030433655
}