{
    "loss": 1.3828125,
    "acc": 0.2985919415950775,
    "macro_f1": 0.2667856216430664,
    "total_f1": 0.5756278038024902,
    "inf_f1": 0.21769189834594727,
    "perc_f1": 0.2188175916671753,
    "backg_f1": 0.22189398109912872
}