{
    "loss": 1.390625,
    "acc": 0.2920568585395813,
    "macro_f1": 0.26200196146965027,
    "total_f1": 0.5735006332397461,
    "inf_f1": 0.2123396098613739,
    "perc_f1": 0.21423304080963135,
    "backg_f1": 0.22328701615333557
}