{
    "loss": 1.3984375,
    "acc": 0.2866671085357666,
    "macro_f1": 0.2570854723453522,
    "total_f1": 0.570213258266449,
    "inf_f1": 0.20362867414951324,
    "perc_f1": 0.21173889935016632,
    "backg_f1": 0.22140458226203918
}