{
    "loss": 1.390625,
    "acc": 0.29933300614356995,
    "macro_f1": 0.26766839623451233,
    "total_f1": 0.5775054693222046,
    "inf_f1": 0.21883313357830048,
    "perc_f1": 0.2214195430278778,
    "backg_f1": 0.22069865465164185
}