{
    "loss": 1.3828125,
    "acc": 0.29966989159584045,
    "macro_f1": 0.2680102586746216,
    "total_f1": 0.5774077773094177,
    "inf_f1": 0.21947340667247772,
    "perc_f1": 0.22137819230556488,
    "backg_f1": 0.22127659618854523
}