{
    "loss": 1.015625,
    "acc": 0.6736401915550232,
    "macro_f1": 0.5520473718643188,
    "total_f1": 0.7566730380058289,
    "inf_f1": 0.6281242370605469,
    "perc_f1": 0.43424826860427856,
    "backg_f1": 0.3157448470592499
}