{
    "loss": 1.0546875,
    "acc": 0.621126651763916,
    "macro_f1": 0.5092946887016296,
    "total_f1": 0.7577720880508423,
    "inf_f1": 0.5978330373764038,
    "perc_f1": 0.2698984742164612,
    "backg_f1": 0.3785077929496765
}