{
    "loss": 1.140625,
    "acc": 0.43945181369781494,
    "macro_f1": 0.387834370136261,
    "total_f1": 0.6973711252212524,
    "inf_f1": 0.3937799632549286,
    "perc_f1": 0.24117185175418854,
    "backg_f1": 0.34455958008766174
}