{
    "loss": 1.2578125,
    "acc": 0.44846293330192566,
    "macro_f1": 0.34233996272087097,
    "total_f1": 0.6340611577033997,
    "inf_f1": 0.4204753339290619,
    "perc_f1": 0.23529411852359772,
    "backg_f1": 0.10628019273281097
}