{
    "loss": 0.87890625,
    "acc": 0.6139240264892578,
    "macro_f1": 0.5406137704849243,
    "total_f1": 0.692656397819519,
    "inf_f1": 0.8939051628112793,
    "perc_f1": 0.26923078298568726,
    "backg_f1": 0.3050000071525574
}