{
    "loss": 0.87890625,
    "acc": 0.690777599811554,
    "macro_f1": 0.5506209135055542,
    "total_f1": 0.7074973583221436,
    "inf_f1": 0.8948546051979065,
    "perc_f1": 0.21935483813285828,
    "backg_f1": 0.3072463870048523
}