{
    "loss": 0.859375,
    "acc": 0.5940325260162354,
    "macro_f1": 0.5408490300178528,
    "total_f1": 0.6742160320281982,
    "inf_f1": 0.9147982001304626,
    "perc_f1": 0.28155338764190674,
    "backg_f1": 0.31854838132858276
}