{
    "loss": 1.03125,
    "acc": 0.6740550994873047,
    "macro_f1": 0.5747129917144775,
    "total_f1": 0.7370370626449585,
    "inf_f1": 0.643203854560852,
    "perc_f1": 0.40667057037353516,
    "backg_f1": 0.4381352961063385
}