{
    "loss": 1.640625,
    "acc": 0.7085494995117188,
    "macro_f1": 0.5895763635635376,
    "total_f1": 0.7478093504905701,
    "inf_f1": 0.6660745739936829,
    "perc_f1": 0.4743419289588928,
    "backg_f1": 0.3753803074359894
}