{
    "loss": 1.0,
    "acc": 0.665364146232605,
    "macro_f1": 0.5555374622344971,
    "total_f1": 0.7453121542930603,
    "inf_f1": 0.6163793206214905,
    "perc_f1": 0.40460720658302307,
    "backg_f1": 0.3899940848350525
}