{
    "loss": 1.84375,
    "acc": 0.698174238204956,
    "macro_f1": 0.5855869054794312,
    "total_f1": 0.7356401681900024,
    "inf_f1": 0.6574850082397461,
    "perc_f1": 0.4675177335739136,
    "backg_f1": 0.3859424889087677
}