{
    "loss": 1.21875,
    "acc": 0.5933436751365662,
    "macro_f1": 0.42799222469329834,
    "total_f1": 0.6732166409492493,
    "inf_f1": 0.47428783774375916,
    "perc_f1": 0.3690136671066284,
    "backg_f1": 0.09388646483421326
}