{
    "loss": 1.46875,
    "acc": 0.6931887269020081,
    "macro_f1": 0.5944353342056274,
    "total_f1": 0.7506152391433716,
    "inf_f1": 0.6732614040374756,
    "perc_f1": 0.4443088173866272,
    "backg_f1": 0.433925062417984
}