{
    "loss": 1.2265625,
    "acc": 0.667048454284668,
    "macro_f1": 0.5835250616073608,
    "total_f1": 0.7575180530548096,
    "inf_f1": 0.6504504680633545,
    "perc_f1": 0.49744245409965515,
    "backg_f1": 0.3786426782608032
}