{
    "loss": 1.0546875,
    "acc": 0.5490376353263855,
    "macro_f1": 0.5177881121635437,
    "total_f1": 0.7311655879020691,
    "inf_f1": 0.601194441318512,
    "perc_f1": 0.43758609890937805,
    "backg_f1": 0.3421345055103302
}