{
    "loss": 1.7109375,
    "acc": 0.7131298184394836,
    "macro_f1": 0.6056691408157349,
    "total_f1": 0.7742427587509155,
    "inf_f1": 0.6843079924583435,
    "perc_f1": 0.5229460597038269,
    "backg_f1": 0.3670026659965515
}