{
    "loss": 0.9921875,
    "acc": 0.6483388543128967,
    "macro_f1": 0.5788936614990234,
    "total_f1": 0.7544577717781067,
    "inf_f1": 0.6856713891029358,
    "perc_f1": 0.46972694993019104,
    "backg_f1": 0.3728034198284149
}