{
    "loss": 1.4375,
    "acc": 0.6523231863975525,
    "macro_f1": 0.5931177139282227,
    "total_f1": 0.775452733039856,
    "inf_f1": 0.6689150929450989,
    "perc_f1": 0.4965571463108063,
    "backg_f1": 0.41339823603630066
}