{
    "loss": 2.046875,
    "acc": 0.7095133066177368,
    "macro_f1": 0.6057361364364624,
    "total_f1": 0.7640517950057983,
    "inf_f1": 0.674596905708313,
    "perc_f1": 0.5182800889015198,
    "backg_f1": 0.38895559310913086
}