{
    "loss": 1.140625,
    "acc": 0.644783616065979,
    "macro_f1": 0.4377771019935608,
    "total_f1": 0.7092836499214172,
    "inf_f1": 0.5410265922546387,
    "perc_f1": 0.3447789251804352,
    "backg_f1": 0.04472396895289421
}