{
    "loss": 1.109375,
    "acc": 0.5925585627555847,
    "macro_f1": 0.49349188804626465,
    "total_f1": 0.7409042119979858,
    "inf_f1": 0.5541903376579285,
    "perc_f1": 0.29054519534111023,
    "backg_f1": 0.37426745891571045
}