{
    "loss": 1.65625,
    "acc": 0.677577555179596,
    "macro_f1": 0.5903885364532471,
    "total_f1": 0.7686609029769897,
    "inf_f1": 0.6751559376716614,
    "perc_f1": 0.4574728012084961,
    "backg_f1": 0.4096021354198456
}