{
    "loss": 1.28125,
    "acc": 0.6723060011863708,
    "macro_f1": 0.5904277563095093,
    "total_f1": 0.7749400734901428,
    "inf_f1": 0.6531519293785095,
    "perc_f1": 0.46236559748649597,
    "backg_f1": 0.4285714328289032
}