{
    "loss": 1.6796875,
    "acc": 0.6954762935638428,
    "macro_f1": 0.6082265973091125,
    "total_f1": 0.769419252872467,
    "inf_f1": 0.6831790804862976,
    "perc_f1": 0.5095398426055908,
    "backg_f1": 0.4108540713787079
}