{
    "loss": 1.3828125,
    "acc": 0.26481109857559204,
    "macro_f1": 0.15754957497119904,
    "total_f1": 0.5549649000167847,
    "inf_f1": 0.21144478023052216,
    "perc_f1": 0.0,
    "backg_f1": 0.009579199366271496
}