{
    "loss": 1.390625,
    "acc": 0.15632769465446472,
    "macro_f1": 0.09850713610649109,
    "total_f1": 0.5963962078094482,
    "inf_f1": 0.21228593587875366,
    "perc_f1": 0.0018596001900732517,
    "backg_f1": 0.050122249871492386
}