{
    "loss": 1.1640625,
    "acc": 0.5701291561126709,
    "macro_f1": 0.4116656184196472,
    "total_f1": 0.7121201753616333,
    "inf_f1": 0.4019851088523865,
    "perc_f1": 0.35179784893989563,
    "backg_f1": 0.11726576089859009
}