{
    "loss": 1.34375,
    "acc": 0.3953397870063782,
    "macro_f1": 0.31628796458244324,
    "total_f1": 0.596507728099823,
    "inf_f1": 0.2519397437572479,
    "perc_f1": 0.2511293590068817,
    "backg_f1": 0.19342629611492157
}