{
    "loss": 1.375,
    "acc": 0.34503796696662903,
    "macro_f1": 0.28172656893730164,
    "total_f1": 0.5718168020248413,
    "inf_f1": 0.21354526281356812,
    "perc_f1": 0.23157711327075958,
    "backg_f1": 0.1792057454586029
}