{
    "loss": 1.40625,
    "acc": 0.2863308787345886,
    "macro_f1": 0.24700331687927246,
    "total_f1": 0.5624876022338867,
    "inf_f1": 0.18313977122306824,
    "perc_f1": 0.20429231226444244,
    "backg_f1": 0.18637187778949738
}