{
    "loss": 1.34375,
    "acc": 0.40170052647590637,
    "macro_f1": 0.31910809874534607,
    "total_f1": 0.5990634560585022,
    "inf_f1": 0.2543279230594635,
    "perc_f1": 0.2538061738014221,
    "backg_f1": 0.1903887391090393
}