{
    "loss": 1.3515625,
    "acc": 0.3801518678665161,
    "macro_f1": 0.3087538182735443,
    "total_f1": 0.5938289165496826,
    "inf_f1": 0.24282008409500122,
    "perc_f1": 0.24856072664260864,
    "backg_f1": 0.19605949521064758
}