{
    "loss": 1.359375,
    "acc": 0.37138962745666504,
    "macro_f1": 0.3003958463668823,
    "total_f1": 0.5843608975410461,
    "inf_f1": 0.22941577434539795,
    "perc_f1": 0.25189852714538574,
    "backg_f1": 0.18465909361839294
}