{
    "loss": 1.15625,
    "acc": 0.6323403120040894,
    "macro_f1": 0.5266594886779785,
    "total_f1": 0.732222855091095,
    "inf_f1": 0.630293607711792,
    "perc_f1": 0.31238558888435364,
    "backg_f1": 0.3725736737251282
}