{
    "loss": 0.96875,
    "acc": 0.6579625010490417,
    "macro_f1": 0.5897548198699951,
    "total_f1": 0.7747653126716614,
    "inf_f1": 0.6464646458625793,
    "perc_f1": 0.48859649896621704,
    "backg_f1": 0.42119866609573364
}