{
    "loss": 1.0234375,
    "acc": 0.5161211490631104,
    "macro_f1": 0.5010123252868652,
    "total_f1": 0.696226954460144,
    "inf_f1": 0.6384000182151794,
    "perc_f1": 0.4160602390766144,
    "backg_f1": 0.3306434154510498
}