{
    "loss": 1.03125,
    "acc": 0.6221650242805481,
    "macro_f1": 0.5190298557281494,
    "total_f1": 0.7448847889900208,
    "inf_f1": 0.6395173668861389,
    "perc_f1": 0.384398490190506,
    "backg_f1": 0.2616693377494812
}