{
    "loss": 1.171875,
    "acc": 0.5969106554985046,
    "macro_f1": 0.49037742614746094,
    "total_f1": 0.7478537559509277,
    "inf_f1": 0.5328274369239807,
    "perc_f1": 0.30463120341300964,
    "backg_f1": 0.35862478613853455
}