{
    "loss": 1.0703125,
    "acc": 0.5433369874954224,
    "macro_f1": 0.499551922082901,
    "total_f1": 0.719307541847229,
    "inf_f1": 0.6134969592094421,
    "perc_f1": 0.3955555558204651,
    "backg_f1": 0.2938530743122101
}