{
    "loss": 1.03125,
    "acc": 0.668137788772583,
    "macro_f1": 0.5414584875106812,
    "total_f1": 0.7504249215126038,
    "inf_f1": 0.6222551465034485,
    "perc_f1": 0.31300559639930725,
    "backg_f1": 0.40740740299224854
}