{
    "loss": 1.0703125,
    "acc": 0.4965977370738983,
    "macro_f1": 0.45969727635383606,
    "total_f1": 0.7043956518173218,
    "inf_f1": 0.5846611261367798,
    "perc_f1": 0.3255814015865326,
    "backg_f1": 0.3004184067249298
}