{
    "loss": 1.0,
    "acc": 0.6646904349327087,
    "macro_f1": 0.571564793586731,
    "total_f1": 0.7755193114280701,
    "inf_f1": 0.6365865468978882,
    "perc_f1": 0.42279019951820374,
    "backg_f1": 0.41236376762390137
}