{
    "loss": 1.34375,
    "acc": 0.31583911180496216,
    "macro_f1": 0.28013861179351807,
    "total_f1": 0.5995415449142456,
    "inf_f1": 0.27246469259262085,
    "perc_f1": 0.24585512280464172,
    "backg_f1": 0.17333628237247467
}