{
    "loss": 1.1875,
    "acc": 0.5648453831672668,
    "macro_f1": 0.4455166459083557,
    "total_f1": 0.6774969696998596,
    "inf_f1": 0.47787609696388245,
    "perc_f1": 0.26849010586738586,
    "backg_f1": 0.2973233163356781
}