{
    "loss": 0.984375,
    "acc": 0.685912549495697,
    "macro_f1": 0.5791299343109131,
    "total_f1": 0.7649043798446655,
    "inf_f1": 0.6572116613388062,
    "perc_f1": 0.45498546957969666,
    "backg_f1": 0.37404412031173706
}