{
    "loss": 0.9765625,
    "acc": 0.6362594962120056,
    "macro_f1": 0.5669469237327576,
    "total_f1": 0.7648854851722717,
    "inf_f1": 0.6459446549415588,
    "perc_f1": 0.422258585691452,
    "backg_f1": 0.42137035727500916
}