{
    "loss": 1.046875,
    "acc": 0.593208909034729,
    "macro_f1": 0.5414188504219055,
    "total_f1": 0.7386589050292969,
    "inf_f1": 0.634340226650238,
    "perc_f1": 0.3894297778606415,
    "backg_f1": 0.4132593870162964
}