{
    "loss": 1.296875,
    "acc": 0.4324597418308258,
    "macro_f1": 0.35948804020881653,
    "total_f1": 0.6259297132492065,
    "inf_f1": 0.30656933784484863,
    "perc_f1": 0.23451194167137146,
    "backg_f1": 0.31092342734336853
}