{
    "loss": 1.09375,
    "acc": 0.6306002736091614,
    "macro_f1": 0.5579210519790649,
    "total_f1": 0.7532044649124146,
    "inf_f1": 0.6208862662315369,
    "perc_f1": 0.4348258674144745,
    "backg_f1": 0.399871826171875
}