{
    "loss": 1.421875,
    "acc": 0.28936198353767395,
    "macro_f1": 0.2473299205303192,
    "total_f1": 0.5534442067146301,
    "inf_f1": 0.19579017162322998,
    "perc_f1": 0.21066071093082428,
    "backg_f1": 0.16826504468917847
}