{
    "loss": 1.140625,
    "acc": 0.3665027320384979,
    "macro_f1": 0.38292092084884644,
    "total_f1": 0.6459561586380005,
    "inf_f1": 0.5753676295280457,
    "perc_f1": 0.30285972356796265,
    "backg_f1": 0.26764339208602905
}