{
    "loss": 0.97265625,
    "acc": 0.6290507316589355,
    "macro_f1": 0.560727596282959,
    "total_f1": 0.7502272129058838,
    "inf_f1": 0.6336173415184021,
    "perc_f1": 0.4085422456264496,
    "backg_f1": 0.4330503046512604
}