{
    "loss": 1.7421875,
    "acc": 0.6509611010551453,
    "macro_f1": 0.49893200397491455,
    "total_f1": 0.7077854871749878,
    "inf_f1": 0.5521438717842102,
    "perc_f1": 0.3975186049938202,
    "backg_f1": 0.22553017735481262
}