{
    "loss": 1.0625,
    "acc": 0.5398095846176147,
    "macro_f1": 0.49512869119644165,
    "total_f1": 0.7337691783905029,
    "inf_f1": 0.5389681458473206,
    "perc_f1": 0.36736202239990234,
    "backg_f1": 0.38419902324676514
}