{
    "loss": 1.0078125,
    "acc": 0.6150020956993103,
    "macro_f1": 0.5272825360298157,
    "total_f1": 0.756483256816864,
    "inf_f1": 0.600104033946991,
    "perc_f1": 0.31894105672836304,
    "backg_f1": 0.4142873287200928
}