{
    "loss": 1.0625,
    "acc": 0.5788611769676208,
    "macro_f1": 0.4418864846229553,
    "total_f1": 0.7317581176757812,
    "inf_f1": 0.45753851532936096,
    "perc_f1": 0.22513948380947113,
    "backg_f1": 0.3187631368637085
}