{
    "loss": 1.1015625,
    "acc": 0.6207022070884705,
    "macro_f1": 0.44416913390159607,
    "total_f1": 0.7444150447845459,
    "inf_f1": 0.3968313932418823,
    "perc_f1": 0.40070489048957825,
    "backg_f1": 0.1586592197418213
}