{
    "loss": 1.078125,
    "acc": 0.6299265623092651,
    "macro_f1": 0.5669105052947998,
    "total_f1": 0.7516235113143921,
    "inf_f1": 0.6431021094322205,
    "perc_f1": 0.4515349268913269,
    "backg_f1": 0.4045049250125885
}