{
    "loss": 1.078125,
    "acc": 0.6330256462097168,
    "macro_f1": 0.5712417364120483,
    "total_f1": 0.7533788681030273,
    "inf_f1": 0.6524633765220642,
    "perc_f1": 0.4534069299697876,
    "backg_f1": 0.4099864065647125
}