{
    "loss": 0.98828125,
    "acc": 0.6347099542617798,
    "macro_f1": 0.5627663135528564,
    "total_f1": 0.750071108341217,
    "inf_f1": 0.6380113959312439,
    "perc_f1": 0.4254577159881592,
    "backg_f1": 0.4124777317047119
}