{
    "loss": 1.2890625,
    "acc": 0.6553257703781128,
    "macro_f1": 0.5817501544952393,
    "total_f1": 0.7521543502807617,
    "inf_f1": 0.6683388948440552,
    "perc_f1": 0.4466251730918884,
    "backg_f1": 0.4209258258342743
}