{
    "loss": 1.2578125,
    "acc": 0.6595028042793274,
    "macro_f1": 0.5861284136772156,
    "total_f1": 0.761346161365509,
    "inf_f1": 0.6687953472137451,
    "perc_f1": 0.4381583034992218,
    "backg_f1": 0.44040170311927795
}