{
    "loss": 1.203125,
    "acc": 0.6660378575325012,
    "macro_f1": 0.5876032114028931,
    "total_f1": 0.764604926109314,
    "inf_f1": 0.6679965853691101,
    "perc_f1": 0.4625176787376404,
    "backg_f1": 0.41365888714790344
}