{
    "loss": 1.2890625,
    "acc": 0.6633430123329163,
    "macro_f1": 0.582372784614563,
    "total_f1": 0.7565537691116333,
    "inf_f1": 0.6655564904212952,
    "perc_f1": 0.4426776170730591,
    "backg_f1": 0.4192049503326416
}