{
    "loss": 1.046875,
    "acc": 0.5967122316360474,
    "macro_f1": 0.5550111532211304,
    "total_f1": 0.738585352897644,
    "inf_f1": 0.6610025763511658,
    "perc_f1": 0.4208763539791107,
    "backg_f1": 0.4108430743217468
}