{
    "loss": 1.296875,
    "acc": 0.4308428168296814,
    "macro_f1": 0.35880807042121887,
    "total_f1": 0.6261025071144104,
    "inf_f1": 0.30582523345947266,
    "perc_f1": 0.23454929888248444,
    "backg_f1": 0.3115244209766388
}