{
    "loss": 1.1640625,
    "acc": 0.351276695728302,
    "macro_f1": 0.377777636051178,
    "total_f1": 0.6420037746429443,
    "inf_f1": 0.6019812226295471,
    "perc_f1": 0.2967793643474579,
    "backg_f1": 0.2567567527294159
}