{
    "loss": 1.421875,
    "acc": 0.28969883918762207,
    "macro_f1": 0.2475915253162384,
    "total_f1": 0.5537145733833313,
    "inf_f1": 0.19656266272068024,
    "perc_f1": 0.21086262166500092,
    "backg_f1": 0.16790230572223663
}