{
    "loss": 1.0390625,
    "acc": 0.5745469331741333,
    "macro_f1": 0.5409166812896729,
    "total_f1": 0.7282518148422241,
    "inf_f1": 0.6527514457702637,
    "perc_f1": 0.41390204429626465,
    "backg_f1": 0.39792898297309875
}