{
    "loss": 1.421875,
    "acc": 0.289968341588974,
    "macro_f1": 0.24780677258968353,
    "total_f1": 0.5536085367202759,
    "inf_f1": 0.1971595585346222,
    "perc_f1": 0.21119795739650726,
    "backg_f1": 0.16764898598194122
}