{
    "loss": 0.97265625,
    "acc": 0.6474432349205017,
    "macro_f1": 0.5717537999153137,
    "total_f1": 0.7512779235839844,
    "inf_f1": 0.6550692915916443,
    "perc_f1": 0.4327335059642792,
    "backg_f1": 0.41219374537467957
}