{
    "loss": 1.296875,
    "acc": 0.4323923587799072,
    "macro_f1": 0.3605273962020874,
    "total_f1": 0.6257770657539368,
    "inf_f1": 0.3069963753223419,
    "perc_f1": 0.23957091569900513,
    "backg_f1": 0.31015563011169434
}