{
    "loss": 1.125,
    "acc": 0.4059152603149414,
    "macro_f1": 0.42290621995925903,
    "total_f1": 0.6642135381698608,
    "inf_f1": 0.6198025941848755,
    "perc_f1": 0.32766175270080566,
    "backg_f1": 0.2768316864967346
}