{
    "loss": 1.0703125,
    "acc": 0.627096951007843,
    "macro_f1": 0.5622251629829407,
    "total_f1": 0.7508723139762878,
    "inf_f1": 0.6373856067657471,
    "perc_f1": 0.4463597238063812,
    "backg_f1": 0.3976377844810486
}