{
    "loss": 1.8515625,
    "acc": 0.7005639672279358,
    "macro_f1": 0.5819884538650513,
    "total_f1": 0.7666895985603333,
    "inf_f1": 0.6448911428451538,
    "perc_f1": 0.477479487657547,
    "backg_f1": 0.3588612675666809
}