{
    "loss": 0.984375,
    "acc": 0.6373172998428345,
    "macro_f1": 0.5374923348426819,
    "total_f1": 0.7457330822944641,
    "inf_f1": 0.6264198422431946,
    "perc_f1": 0.35943517088890076,
    "backg_f1": 0.3731750249862671
}