{
    "loss": 1.578125,
    "acc": 0.6720635294914246,
    "macro_f1": 0.5622527599334717,
    "total_f1": 0.7574924230575562,
    "inf_f1": 0.6529976725578308,
    "perc_f1": 0.38788551092147827,
    "backg_f1": 0.3828984498977661
}