{
    "loss": 1.0390625,
    "acc": 0.6242192983627319,
    "macro_f1": 0.5090104341506958,
    "total_f1": 0.7373702526092529,
    "inf_f1": 0.6094371676445007,
    "perc_f1": 0.4183516800403595,
    "backg_f1": 0.21554404497146606
}