{
    "loss": 1.109375,
    "acc": 0.6247650384902954,
    "macro_f1": 0.5685458183288574,
    "total_f1": 0.7567768096923828,
    "inf_f1": 0.6211640238761902,
    "perc_f1": 0.483455091714859,
    "backg_f1": 0.4031589925289154
}