{
    "loss": 1.046875,
    "acc": 0.6207022070884705,
    "macro_f1": 0.5508068799972534,
    "total_f1": 0.751192569732666,
    "inf_f1": 0.6096880435943604,
    "perc_f1": 0.40355271100997925,
    "backg_f1": 0.4224795997142792
}