{
    "loss": 1.59375,
    "acc": 0.688254177570343,
    "macro_f1": 0.592889666557312,
    "total_f1": 0.7751162648200989,
    "inf_f1": 0.6438803672790527,
    "perc_f1": 0.4691418707370758,
    "backg_f1": 0.42843201756477356
}