{
    "loss": 1.890625,
    "acc": 0.6973500847816467,
    "macro_f1": 0.5718814134597778,
    "total_f1": 0.756919264793396,
    "inf_f1": 0.6444017291069031,
    "perc_f1": 0.4600987732410431,
    "backg_f1": 0.3405884802341461
}