{
    "loss": 1.5,
    "acc": 0.5294838547706604,
    "macro_f1": 0.405415803194046,
    "total_f1": 0.6056898832321167,
    "inf_f1": 0.34745118021965027,
    "perc_f1": 0.3086393475532532,
    "backg_f1": 0.2641509473323822
}