{
    "loss": 1.328125,
    "acc": 0.3913816213607788,
    "macro_f1": 0.3393058180809021,
    "total_f1": 0.6070427298545837,
    "inf_f1": 0.2955408990383148,
    "perc_f1": 0.29616087675094604,
    "backg_f1": 0.2392270565032959
}