{
    "loss": 1.546875,
    "acc": 0.5079686045646667,
    "macro_f1": 0.4011349678039551,
    "total_f1": 0.6231517195701599,
    "inf_f1": 0.3199373781681061,
    "perc_f1": 0.3003663122653961,
    "backg_f1": 0.3054578900337219
}