{
    "loss": 1.3671875,
    "acc": 0.5036778450012207,
    "macro_f1": 0.4113457500934601,
    "total_f1": 0.6215144395828247,
    "inf_f1": 0.348562628030777,
    "perc_f1": 0.312178373336792,
    "backg_f1": 0.3223443329334259
}