{
    "loss": 1.3203125,
    "acc": 0.40597033500671387,
    "macro_f1": 0.3675084412097931,
    "total_f1": 0.628236711025238,
    "inf_f1": 0.337058961391449,
    "perc_f1": 0.3133848011493683,
    "backg_f1": 0.29246795177459717
}