{
    "loss": 1.3203125,
    "acc": 0.5242123603820801,
    "macro_f1": 0.39859646558761597,
    "total_f1": 0.6019527316093445,
    "inf_f1": 0.3578631281852722,
    "perc_f1": 0.30731001496315,
    "backg_f1": 0.23341946303844452
}