{
    "loss": 1.4765625,
    "acc": 0.35423561930656433,
    "macro_f1": 0.29631614685058594,
    "total_f1": 0.5595080852508545,
    "inf_f1": 0.25045570731163025,
    "perc_f1": 0.2370559126138687,
    "backg_f1": 0.20113515853881836
}