{
    "loss": 1.421875,
    "acc": 0.2958296835422516,
    "macro_f1": 0.2523023784160614,
    "total_f1": 0.5488690137863159,
    "inf_f1": 0.1745409518480301,
    "perc_f1": 0.20488785207271576,
    "backg_f1": 0.20732124149799347
}