{
    "loss": 1.359375,
    "acc": 0.27029576897621155,
    "macro_f1": 0.25695377588272095,
    "total_f1": 0.5924119353294373,
    "inf_f1": 0.24857978522777557,
    "perc_f1": 0.24165385961532593,
    "backg_f1": 0.2068588137626648
}