{
    "loss": 0.97265625,
    "acc": 0.6557299494743347,
    "macro_f1": 0.5690022706985474,
    "total_f1": 0.7673252820968628,
    "inf_f1": 0.6558293104171753,
    "perc_f1": 0.42343541979789734,
    "backg_f1": 0.39250147342681885
}