{
    "loss": 1.0234375,
    "acc": 0.6270295977592468,
    "macro_f1": 0.5649411082267761,
    "total_f1": 0.7630026340484619,
    "inf_f1": 0.6407169103622437,
    "perc_f1": 0.42226192355155945,
    "backg_f1": 0.4253457486629486
}