{
    "loss": 1.015625,
    "acc": 0.6319476962089539,
    "macro_f1": 0.5574712753295898,
    "total_f1": 0.76148921251297,
    "inf_f1": 0.6473815441131592,
    "perc_f1": 0.4117518961429596,
    "backg_f1": 0.3897216320037842
}