{
    "loss": 1.4609375,
    "acc": 0.19571515917778015,
    "macro_f1": 0.18939629197120667,
    "total_f1": 0.5714285969734192,
    "inf_f1": 0.15093718469142914,
    "perc_f1": 0.16940362751483917,
    "backg_f1": 0.24351435899734497
}