{
    "loss": 0.94921875,
    "acc": 0.6305329203605652,
    "macro_f1": 0.544240415096283,
    "total_f1": 0.7638711333274841,
    "inf_f1": 0.6246851682662964,
    "perc_f1": 0.38101819157600403,
    "backg_f1": 0.38470107316970825
}