{
    "loss": 1.1953125,
    "acc": 0.458128422498703,
    "macro_f1": 0.39567339420318604,
    "total_f1": 0.6645327210426331,
    "inf_f1": 0.42581337690353394,
    "perc_f1": 0.2815491855144501,
    "backg_f1": 0.26397353410720825
}