{
    "loss": 1.3359375,
    "acc": 0.5223337411880493,
    "macro_f1": 0.38491806387901306,
    "total_f1": 0.6150404810905457,
    "inf_f1": 0.2480808049440384,
    "perc_f1": 0.2730448842048645,
    "backg_f1": 0.3170335292816162
}