{
    "loss": 1.03125,
    "acc": 0.6427271962165833,
    "macro_f1": 0.5647023916244507,
    "total_f1": 0.761375904083252,
    "inf_f1": 0.64798504114151,
    "perc_f1": 0.42399001121520996,
    "backg_f1": 0.3960135281085968
}