{
    "loss": 1.0625,
    "acc": 0.5911877751350403,
    "macro_f1": 0.5051758289337158,
    "total_f1": 0.7405869364738464,
    "inf_f1": 0.5938977003097534,
    "perc_f1": 0.3447030484676361,
    "backg_f1": 0.32806652784347534
}