{
    "loss": 1.0,
    "acc": 0.5684918761253357,
    "macro_f1": 0.49876710772514343,
    "total_f1": 0.7412367463111877,
    "inf_f1": 0.6159066557884216,
    "perc_f1": 0.2696417272090912,
    "backg_f1": 0.39064353704452515
}