{
    "loss": 1.09375,
    "acc": 0.5959007740020752,
    "macro_f1": 0.43587225675582886,
    "total_f1": 0.7368420958518982,
    "inf_f1": 0.5062253475189209,
    "perc_f1": 0.14264151453971863,
    "backg_f1": 0.3093562126159668
}