{
    "loss": 1.078125,
    "acc": 0.5326541662216187,
    "macro_f1": 0.47785088419914246,
    "total_f1": 0.7202048897743225,
    "inf_f1": 0.5454545617103577,
    "perc_f1": 0.32962024211883545,
    "backg_f1": 0.3553008735179901
}