{
    "loss": 1.0546875,
    "acc": 0.5039111971855164,
    "macro_f1": 0.46241289377212524,
    "total_f1": 0.7203303575515747,
    "inf_f1": 0.564689576625824,
    "perc_f1": 0.28278180956840515,
    "backg_f1": 0.36597511172294617
}