{
    "loss": 1.5,
    "acc": 0.6563898921012878,
    "macro_f1": 0.5544750690460205,
    "total_f1": 0.7294706702232361,
    "inf_f1": 0.6486818194389343,
    "perc_f1": 0.4077318012714386,
    "backg_f1": 0.35295140743255615
}