{
    "loss": 1.0859375,
    "acc": 0.6400260925292969,
    "macro_f1": 0.5380665063858032,
    "total_f1": 0.7335466146469116,
    "inf_f1": 0.6372305750846863,
    "perc_f1": 0.3659696877002716,
    "backg_f1": 0.3507637679576874
}