{
    "loss": 1.0859375,
    "acc": 0.572940468788147,
    "macro_f1": 0.4771007001399994,
    "total_f1": 0.7092234492301941,
    "inf_f1": 0.5588141083717346,
    "perc_f1": 0.2755037248134613,
    "backg_f1": 0.3338368535041809
}