{
    "loss": 1.25,
    "acc": 0.6440873742103577,
    "macro_f1": 0.5397127866744995,
    "total_f1": 0.7333402633666992,
    "inf_f1": 0.6392151713371277,
    "perc_f1": 0.37776654958724976,
    "backg_f1": 0.3408135771751404
}