{
    "loss": 1.234375,
    "acc": 0.48646727204322815,
    "macro_f1": 0.3967229723930359,
    "total_f1": 0.6576176881790161,
    "inf_f1": 0.42210230231285095,
    "perc_f1": 0.2855951488018036,
    "backg_f1": 0.21000196039676666
}