{
    "loss": 1.0703125,
    "acc": 0.645154595375061,
    "macro_f1": 0.5301440954208374,
    "total_f1": 0.7148728966712952,
    "inf_f1": 0.616327166557312,
    "perc_f1": 0.34353941679000854,
    "backg_f1": 0.3568172752857208
}