{
    "loss": 1.6953125,
    "acc": 0.672042191028595,
    "macro_f1": 0.5522435903549194,
    "total_f1": 0.7267794609069824,
    "inf_f1": 0.6525399088859558,
    "perc_f1": 0.386299192905426,
    "backg_f1": 0.3473042845726013
}