{
    "loss": 0.9921875,
    "acc": 0.6504749655723572,
    "macro_f1": 0.5614579916000366,
    "total_f1": 0.7697114944458008,
    "inf_f1": 0.6281265020370483,
    "perc_f1": 0.40620309114456177,
    "backg_f1": 0.4104977250099182
}