{
    "loss": 1.3125,
    "acc": 0.419254869222641,
    "macro_f1": 0.35149624943733215,
    "total_f1": 0.6144216656684875,
    "inf_f1": 0.29334816336631775,
    "perc_f1": 0.24478743970394135,
    "backg_f1": 0.298172265291214
}