{
    "loss": 1.140625,
    "acc": 0.4959239959716797,
    "macro_f1": 0.4431720972061157,
    "total_f1": 0.6810532808303833,
    "inf_f1": 0.5325031280517578,
    "perc_f1": 0.3039422333240509,
    "backg_f1": 0.2880423665046692
}