{
    "loss": 1.0,
    "acc": 0.6543825268745422,
    "macro_f1": 0.5495818257331848,
    "total_f1": 0.7614960074424744,
    "inf_f1": 0.6106032729148865,
    "perc_f1": 0.3984729051589966,
    "backg_f1": 0.37629276514053345
}