{
    "loss": 1.40625,
    "acc": 0.26813986897468567,
    "macro_f1": 0.24372583627700806,
    "total_f1": 0.5697208642959595,
    "inf_f1": 0.2076345682144165,
    "perc_f1": 0.21587608754634857,
    "backg_f1": 0.18991661071777344
}