{
    "loss": 0.984375,
    "acc": 0.6362594962120056,
    "macro_f1": 0.5526827573776245,
    "total_f1": 0.767304539680481,
    "inf_f1": 0.6340649127960205,
    "perc_f1": 0.41083332896232605,
    "backg_f1": 0.37512338161468506
}