{
    "loss": 0.96875,
    "acc": 0.634777307510376,
    "macro_f1": 0.5633265972137451,
    "total_f1": 0.7651615738868713,
    "inf_f1": 0.6409807205200195,
    "perc_f1": 0.41860464215278625,
    "backg_f1": 0.41283950209617615
}