{
    "loss": 1.109375,
    "acc": 0.5512703657150269,
    "macro_f1": 0.45164644718170166,
    "total_f1": 0.7166420221328735,
    "inf_f1": 0.5015379190444946,
    "perc_f1": 0.23984737694263458,
    "backg_f1": 0.34032899141311646
}