{
    "loss": 1.1640625,
    "acc": 0.601176381111145,
    "macro_f1": 0.4028903841972351,
    "total_f1": 0.7044951915740967,
    "inf_f1": 0.4823659658432007,
    "perc_f1": 0.08728652447462082,
    "backg_f1": 0.24848222732543945
}