{
    "loss": 1.109375,
    "acc": 0.5721908807754517,
    "macro_f1": 0.4857783913612366,
    "total_f1": 0.7241902947425842,
    "inf_f1": 0.490207701921463,
    "perc_f1": 0.3504043221473694,
    "backg_f1": 0.35637366771698
}