{
    "loss": 1.3671875,
    "acc": 0.5392032265663147,
    "macro_f1": 0.4483235776424408,
    "total_f1": 0.710983395576477,
    "inf_f1": 0.43712761998176575,
    "perc_f1": 0.3098700940608978,
    "backg_f1": 0.3187989592552185
}