{
    "loss": 1.1015625,
    "acc": 0.5499969720840454,
    "macro_f1": 0.47543758153915405,
    "total_f1": 0.7276557087898254,
    "inf_f1": 0.46797892451286316,
    "perc_f1": 0.36248934268951416,
    "backg_f1": 0.34775304794311523
}