{
    "loss": 1.140625,
    "acc": 0.5516948699951172,
    "macro_f1": 0.4519791007041931,
    "total_f1": 0.718022346496582,
    "inf_f1": 0.5111199617385864,
    "perc_f1": 0.2487538605928421,
    "backg_f1": 0.3143279254436493
}