{
    "loss": 1.2578125,
    "acc": 0.5738281607627869,
    "macro_f1": 0.45104295015335083,
    "total_f1": 0.723839521408081,
    "inf_f1": 0.46661171317100525,
    "perc_f1": 0.2378348857164383,
    "backg_f1": 0.33728864789009094
}