{
    "loss": 1.0390625,
    "acc": 0.6619281768798828,
    "macro_f1": 0.5625007748603821,
    "total_f1": 0.7273743152618408,
    "inf_f1": 0.6449170112609863,
    "perc_f1": 0.4714907705783844,
    "backg_f1": 0.332709401845932
}