{
    "loss": 1.171875,
    "acc": 0.6565384268760681,
    "macro_f1": 0.46561092138290405,
    "total_f1": 0.6348303556442261,
    "inf_f1": 0.5463154911994934,
    "perc_f1": 0.38870683312416077,
    "backg_f1": 0.118513323366642
}