{
    "loss": 2.078125,
    "acc": 0.6944687962532043,
    "macro_f1": 0.5917104482650757,
    "total_f1": 0.7281736135482788,
    "inf_f1": 0.6668689250946045,
    "perc_f1": 0.48673322796821594,
    "backg_f1": 0.39021405577659607
}