{
    "loss": 2.109375,
    "acc": 0.688674807548523,
    "macro_f1": 0.5798977613449097,
    "total_f1": 0.7127493619918823,
    "inf_f1": 0.6635266542434692,
    "perc_f1": 0.4781622290611267,
    "backg_f1": 0.3603212535381317
}