{
    "loss": 1.5703125,
    "acc": 0.6744593381881714,
    "macro_f1": 0.5848506689071655,
    "total_f1": 0.7291029095649719,
    "inf_f1": 0.6702702641487122,
    "perc_f1": 0.4917333424091339,
    "backg_f1": 0.3722103536128998
}