{
    "loss": 1.7265625,
    "acc": 0.6667789816856384,
    "macro_f1": 0.5858181715011597,
    "total_f1": 0.7324850559234619,
    "inf_f1": 0.6603600978851318,
    "perc_f1": 0.4950287938117981,
    "backg_f1": 0.388780415058136
}