{
    "loss": 1.3984375,
    "acc": 0.6663073301315308,
    "macro_f1": 0.5754033327102661,
    "total_f1": 0.7432010173797607,
    "inf_f1": 0.659822404384613,
    "perc_f1": 0.45253244042396545,
    "backg_f1": 0.38381150364875793
}