{
    "loss": 1.1953125,
    "acc": 0.5163376927375793,
    "macro_f1": 0.39670678973197937,
    "total_f1": 0.7117117047309875,
    "inf_f1": 0.45742636919021606,
    "perc_f1": 0.09507639706134796,
    "backg_f1": 0.3416741192340851
}