{
    "loss": 1.921875,
    "acc": 0.6821397542953491,
    "macro_f1": 0.5918240547180176,
    "total_f1": 0.7340330481529236,
    "inf_f1": 0.6684831976890564,
    "perc_f1": 0.49661985039711,
    "backg_f1": 0.39012056589126587
}