{
    "loss": 1.171875,
    "acc": 0.5978575944900513,
    "macro_f1": 0.5587321519851685,
    "total_f1": 0.7177539467811584,
    "inf_f1": 0.6664624810218811,
    "perc_f1": 0.45087993144989014,
    "backg_f1": 0.3961670398712158
}