{
    "loss": 1.890625,
    "acc": 0.6832177042961121,
    "macro_f1": 0.5820140838623047,
    "total_f1": 0.7289015650749207,
    "inf_f1": 0.6569254398345947,
    "perc_f1": 0.4803975820541382,
    "backg_f1": 0.3732380270957947
}