{
    "loss": 1.109375,
    "acc": 0.5985689163208008,
    "macro_f1": 0.46839261054992676,
    "total_f1": 0.718438446521759,
    "inf_f1": 0.49685361981391907,
    "perc_f1": 0.3422885537147522,
    "backg_f1": 0.24840904772281647
}