{
    "loss": 1.0859375,
    "acc": 0.5373234152793884,
    "macro_f1": 0.4567944407463074,
    "total_f1": 0.7240293622016907,
    "inf_f1": 0.5304835438728333,
    "perc_f1": 0.2587306499481201,
    "backg_f1": 0.3370538353919983
}