{
    "loss": 1.1015625,
    "acc": 0.5775271654129028,
    "macro_f1": 0.44633710384368896,
    "total_f1": 0.7213220596313477,
    "inf_f1": 0.48924899101257324,
    "perc_f1": 0.18978102505207062,
    "backg_f1": 0.3531310558319092
}