{
    "loss": 1.140625,
    "acc": 0.4792831540107727,
    "macro_f1": 0.4285491108894348,
    "total_f1": 0.6804421544075012,
    "inf_f1": 0.5235052704811096,
    "perc_f1": 0.29324203729629517,
    "backg_f1": 0.26710909605026245
}