{
    "loss": 1.40625,
    "acc": 0.2679377496242523,
    "macro_f1": 0.24368387460708618,
    "total_f1": 0.5701566338539124,
    "inf_f1": 0.20670926570892334,
    "perc_f1": 0.2155630737543106,
    "backg_f1": 0.1913241147994995
}