{
    "loss": 0.99609375,
    "acc": 0.6450852155685425,
    "macro_f1": 0.5512614250183105,
    "total_f1": 0.770750105381012,
    "inf_f1": 0.6164255738258362,
    "perc_f1": 0.38081106543540955,
    "backg_f1": 0.4061753451824188
}