{
    "loss": 1.3046875,
    "acc": 0.4216802418231964,
    "macro_f1": 0.3524327874183655,
    "total_f1": 0.6168020963668823,
    "inf_f1": 0.2904309034347534,
    "perc_f1": 0.24593716859817505,
    "backg_f1": 0.29941409826278687
}