{
    "loss": 0.98046875,
    "acc": 0.6266927123069763,
    "macro_f1": 0.5447083711624146,
    "total_f1": 0.7675199508666992,
    "inf_f1": 0.6126295924186707,
    "perc_f1": 0.3856315314769745,
    "backg_f1": 0.39658477902412415
}