{
    "loss": 1.0,
    "acc": 0.6539109349250793,
    "macro_f1": 0.5497028827667236,
    "total_f1": 0.7651331424713135,
    "inf_f1": 0.6053470969200134,
    "perc_f1": 0.3861728310585022,
    "backg_f1": 0.3957555592060089
}