{
    "loss": 1.0078125,
    "acc": 0.61881023645401,
    "macro_f1": 0.5424582958221436,
    "total_f1": 0.7581071853637695,
    "inf_f1": 0.6166064739227295,
    "perc_f1": 0.41177716851234436,
    "backg_f1": 0.3684018850326538
}