{
    "loss": 0.99609375,
    "acc": 0.633699357509613,
    "macro_f1": 0.5456693172454834,
    "total_f1": 0.7639595866203308,
    "inf_f1": 0.615821897983551,
    "perc_f1": 0.4038379490375519,
    "backg_f1": 0.3722960948944092
}