{
    "loss": 1.015625,
    "acc": 0.561639666557312,
    "macro_f1": 0.48945870995521545,
    "total_f1": 0.7317616939544678,
    "inf_f1": 0.592474639415741,
    "perc_f1": 0.2791430354118347,
    "backg_f1": 0.3733483850955963
}