{
    "loss": 1.0234375,
    "acc": 0.6703656315803528,
    "macro_f1": 0.5278716087341309,
    "total_f1": 0.7536600232124329,
    "inf_f1": 0.606581449508667,
    "perc_f1": 0.3244938552379608,
    "backg_f1": 0.3487279713153839
}