{
    "loss": 1.0625,
    "acc": 0.577648401260376,
    "macro_f1": 0.49201202392578125,
    "total_f1": 0.7451503276824951,
    "inf_f1": 0.5370177030563354,
    "perc_f1": 0.35157936811447144,
    "backg_f1": 0.334455281496048
}