{
    "loss": 0.96875,
    "acc": 0.5958401560783386,
    "macro_f1": 0.5320339202880859,
    "total_f1": 0.7504296898841858,
    "inf_f1": 0.6227649450302124,
    "perc_f1": 0.3464523255825043,
    "backg_f1": 0.4203249216079712
}