{
    "loss": 1.0703125,
    "acc": 0.48432478308677673,
    "macro_f1": 0.4338100552558899,
    "total_f1": 0.7070793509483337,
    "inf_f1": 0.4932061433792114,
    "perc_f1": 0.28408628702163696,
    "backg_f1": 0.3402513861656189
}