{
    "loss": 1.03125,
    "acc": 0.5841367840766907,
    "macro_f1": 0.5356886982917786,
    "total_f1": 0.7409781813621521,
    "inf_f1": 0.6331753730773926,
    "perc_f1": 0.40809348225593567,
    "backg_f1": 0.37197062373161316
}