{
    "loss": 1.21875,
    "acc": 0.6194287538528442,
    "macro_f1": 0.5308094024658203,
    "total_f1": 0.7509020566940308,
    "inf_f1": 0.5272138714790344,
    "perc_f1": 0.4444923400878906,
    "backg_f1": 0.3655794560909271
}