{
    "loss": 1.59375,
    "acc": 0.5834091305732727,
    "macro_f1": 0.5230735540390015,
    "total_f1": 0.7338208556175232,
    "inf_f1": 0.595267117023468,
    "perc_f1": 0.4112499952316284,
    "backg_f1": 0.34935426712036133
}