{
    "loss": 1.3125,
    "acc": 0.6564186811447144,
    "macro_f1": 0.540586531162262,
    "total_f1": 0.759838879108429,
    "inf_f1": 0.61176997423172,
    "perc_f1": 0.38981232047080994,
    "backg_f1": 0.3412831723690033
}