{
    "loss": 1.0390625,
    "acc": 0.6336789727210999,
    "macro_f1": 0.4778979420661926,
    "total_f1": 0.7583444714546204,
    "inf_f1": 0.5513837337493896,
    "perc_f1": 0.21876035630702972,
    "backg_f1": 0.3248510956764221
}