{
    "loss": 1.5078125,
    "acc": 0.6196713447570801,
    "macro_f1": 0.5383099317550659,
    "total_f1": 0.7233188152313232,
    "inf_f1": 0.6259030103683472,
    "perc_f1": 0.4158899188041687,
    "backg_f1": 0.34069785475730896
}