{
    "loss": 1.2890625,
    "acc": 0.4640571177005768,
    "macro_f1": 0.3414175808429718,
    "total_f1": 0.632097065448761,
    "inf_f1": 0.35911795496940613,
    "perc_f1": 0.2720230519771576,
    "backg_f1": 0.08227848261594772
}