{
    "loss": 1.5234375,
    "acc": 0.6831502914428711,
    "macro_f1": 0.5984966158866882,
    "total_f1": 0.7541912794113159,
    "inf_f1": 0.6846022009849548,
    "perc_f1": 0.48321759700775146,
    "backg_f1": 0.4100781977176666
}