{
    "loss": 1.03125,
    "acc": 0.5606683492660522,
    "macro_f1": 0.5183716416358948,
    "total_f1": 0.7244235873222351,
    "inf_f1": 0.6365614533424377,
    "perc_f1": 0.4067845344543457,
    "backg_f1": 0.33414337038993835
}