{
    "loss": 1.1328125,
    "acc": 0.6315435171127319,
    "macro_f1": 0.5732712149620056,
    "total_f1": 0.7459376454353333,
    "inf_f1": 0.6668482422828674,
    "perc_f1": 0.4350404441356659,
    "backg_f1": 0.4285714328289032
}