{
    "loss": 1.421875,
    "acc": 0.6764131188392639,
    "macro_f1": 0.5952665209770203,
    "total_f1": 0.7537018656730652,
    "inf_f1": 0.6861732602119446,
    "perc_f1": 0.47058823704719543,
    "backg_f1": 0.4135582149028778
}