{
    "loss": 1.015625,
    "acc": 0.6271643042564392,
    "macro_f1": 0.5310240387916565,
    "total_f1": 0.7561776638031006,
    "inf_f1": 0.5827468037605286,
    "perc_f1": 0.3681192696094513,
    "backg_f1": 0.39090415835380554
}