{
    "loss": 1.4296875,
    "acc": 0.6797817349433899,
    "macro_f1": 0.5979704856872559,
    "total_f1": 0.7459680438041687,
    "inf_f1": 0.6952491402626038,
    "perc_f1": 0.4820318818092346,
    "backg_f1": 0.40482187271118164
}