{
    "loss": 1.4375,
    "acc": 0.690291702747345,
    "macro_f1": 0.6082387566566467,
    "total_f1": 0.755027711391449,
    "inf_f1": 0.6981796622276306,
    "perc_f1": 0.49145784974098206,
    "backg_f1": 0.424719899892807
}