{
    "loss": 1.0703125,
    "acc": 0.6795796155929565,
    "macro_f1": 0.5871385335922241,
    "total_f1": 0.7582080364227295,
    "inf_f1": 0.661138117313385,
    "perc_f1": 0.48324429988861084,
    "backg_f1": 0.38497838377952576
}