{
    "loss": 1.1953125,
    "acc": 0.6811291575431824,
    "macro_f1": 0.5916054248809814,
    "total_f1": 0.7493847608566284,
    "inf_f1": 0.6695181131362915,
    "perc_f1": 0.4946455955505371,
    "backg_f1": 0.38699689507484436
}