{
    "loss": 1.234375,
    "acc": 0.6372700929641724,
    "macro_f1": 0.5758782625198364,
    "total_f1": 0.7396652698516846,
    "inf_f1": 0.6842821836471558,
    "perc_f1": 0.46102744340896606,
    "backg_f1": 0.3899913728237152
}