{
    "loss": 1.0703125,
    "acc": 0.6786808967590332,
    "macro_f1": 0.5516675114631653,
    "total_f1": 0.7634842395782471,
    "inf_f1": 0.5624802112579346,
    "perc_f1": 0.4153882563114166,
    "backg_f1": 0.38837653398513794
}