{
    "loss": 1.1015625,
    "acc": 0.5693269371986389,
    "macro_f1": 0.4197120666503906,
    "total_f1": 0.746618926525116,
    "inf_f1": 0.4932791590690613,
    "perc_f1": 0.35162854194641113,
    "backg_f1": 0.05179283022880554
}