{
    "loss": 1.0078125,
    "acc": 0.5899227857589722,
    "macro_f1": 0.5265864729881287,
    "total_f1": 0.7504346370697021,
    "inf_f1": 0.604201078414917,
    "perc_f1": 0.35516294836997986,
    "backg_f1": 0.4080340564250946
}