{
    "loss": 1.0234375,
    "acc": 0.6417800784111023,
    "macro_f1": 0.5516966581344604,
    "total_f1": 0.7536470293998718,
    "inf_f1": 0.5810810923576355,
    "perc_f1": 0.4396825432777405,
    "backg_f1": 0.3855571150779724
}