{
    "loss": 1.0859375,
    "acc": 0.598626971244812,
    "macro_f1": 0.47068578004837036,
    "total_f1": 0.7515796422958374,
    "inf_f1": 0.6097362041473389,
    "perc_f1": 0.3834158480167389,
    "backg_f1": 0.1018913984298706
}