{
    "loss": 1.03125,
    "acc": 0.6990315318107605,
    "macro_f1": 0.5655872225761414,
    "total_f1": 0.7693387269973755,
    "inf_f1": 0.6511740684509277,
    "perc_f1": 0.41125428676605225,
    "backg_f1": 0.34928426146507263
}