{
    "loss": 1.0,
    "acc": 0.6439254879951477,
    "macro_f1": 0.5782377123832703,
    "total_f1": 0.7577762007713318,
    "inf_f1": 0.6223933100700378,
    "perc_f1": 0.5041384696960449,
    "backg_f1": 0.3995320200920105
}