{
    "loss": 1.078125,
    "acc": 0.4918474853038788,
    "macro_f1": 0.4629092216491699,
    "total_f1": 0.7029628157615662,
    "inf_f1": 0.5799760818481445,
    "perc_f1": 0.3229324519634247,
    "backg_f1": 0.33749139308929443
}