{
    "loss": 1.0,
    "acc": 0.5598598718643188,
    "macro_f1": 0.5188281536102295,
    "total_f1": 0.7272148728370667,
    "inf_f1": 0.6449040770530701,
    "perc_f1": 0.38495317101478577,
    "backg_f1": 0.35216766595840454
}