{
    "loss": 1.15625,
    "acc": 0.6813312768936157,
    "macro_f1": 0.5889075994491577,
    "total_f1": 0.7602632641792297,
    "inf_f1": 0.6546546816825867,
    "perc_f1": 0.468395471572876,
    "backg_f1": 0.41340988874435425
}