{
    "loss": 1.171875,
    "acc": 0.6213029623031616,
    "macro_f1": 0.5593826770782471,
    "total_f1": 0.7449804544448853,
    "inf_f1": 0.6635228991508484,
    "perc_f1": 0.44065308570861816,
    "backg_f1": 0.37178516387939453
}