{
    "loss": 1.0234375,
    "acc": 0.6522266268730164,
    "macro_f1": 0.5249782204627991,
    "total_f1": 0.768025815486908,
    "inf_f1": 0.5811826586723328,
    "perc_f1": 0.33572542667388916,
    "backg_f1": 0.36430466175079346
}