{
    "loss": 1.0625,
    "acc": 0.6262884736061096,
    "macro_f1": 0.5715055465698242,
    "total_f1": 0.7517118453979492,
    "inf_f1": 0.6544391512870789,
    "perc_f1": 0.45982348918914795,
    "backg_f1": 0.4121786952018738
}