{
    "loss": 1.28125,
    "acc": 0.6519571542739868,
    "macro_f1": 0.5789398550987244,
    "total_f1": 0.7514628171920776,
    "inf_f1": 0.6706882119178772,
    "perc_f1": 0.4301459491252899,
    "backg_f1": 0.4271145761013031
}