{
    "loss": 1.3046875,
    "acc": 0.40079498291015625,
    "macro_f1": 0.3200972080230713,
    "total_f1": 0.6206374168395996,
    "inf_f1": 0.32582780718803406,
    "perc_f1": 0.2675875425338745,
    "backg_f1": 0.12126292288303375
}