{
    "loss": 1.0546875,
    "acc": 0.6737856268882751,
    "macro_f1": 0.5651587247848511,
    "total_f1": 0.7466903328895569,
    "inf_f1": 0.6542056202888489,
    "perc_f1": 0.4698641896247864,
    "backg_f1": 0.31797346472740173
}