{
    "loss": 1.046875,
    "acc": 0.632466197013855,
    "macro_f1": 0.5091603398323059,
    "total_f1": 0.7482479214668274,
    "inf_f1": 0.6275781989097595,
    "perc_f1": 0.3995124101638794,
    "backg_f1": 0.20837867259979248
}