{
    "loss": 1.015625,
    "acc": 0.5669152736663818,
    "macro_f1": 0.5088092088699341,
    "total_f1": 0.7304952144622803,
    "inf_f1": 0.6156747937202454,
    "perc_f1": 0.3434254229068756,
    "backg_f1": 0.3622170090675354
}