{
    "loss": 1.015625,
    "acc": 0.5651567578315735,
    "macro_f1": 0.497546523809433,
    "total_f1": 0.7328583002090454,
    "inf_f1": 0.568571925163269,
    "perc_f1": 0.3604790270328522,
    "backg_f1": 0.3495336174964905
}