{
    "loss": 1.109375,
    "acc": 0.6048824787139893,
    "macro_f1": 0.4909898340702057,
    "total_f1": 0.7051416635513306,
    "inf_f1": 0.49038460850715637,
    "perc_f1": 0.3674698770046234,
    "backg_f1": 0.329297810792923
}