{
    "loss": 1.296875,
    "acc": 0.45027124881744385,
    "macro_f1": 0.34152278304100037,
    "total_f1": 0.6257668733596802,
    "inf_f1": 0.11023622006177902,
    "perc_f1": 0.350547730922699,
    "backg_f1": 0.30399999022483826
}