{
    "loss": 1.09375,
    "acc": 0.5922242403030396,
    "macro_f1": 0.4964757263660431,
    "total_f1": 0.7058823704719543,
    "inf_f1": 0.49514561891555786,
    "perc_f1": 0.39523810148239136,
    "backg_f1": 0.3395225405693054
}