{
    "loss": 1.1796875,
    "acc": 0.6437612771987915,
    "macro_f1": 0.5257911682128906,
    "total_f1": 0.7346938848495483,
    "inf_f1": 0.5469387769699097,
    "perc_f1": 0.3835616409778595,
    "backg_f1": 0.36548224091529846
}