{
    "loss": 1.0703125,
    "acc": 0.6419529914855957,
    "macro_f1": 0.5436602830886841,
    "total_f1": 0.7333333492279053,
    "inf_f1": 0.573913037776947,
    "perc_f1": 0.455331414937973,
    "backg_f1": 0.3498694598674774
}