{
    "loss": 1.15625,
    "acc": 0.5913200974464417,
    "macro_f1": 0.4607385993003845,
    "total_f1": 0.704049825668335,
    "inf_f1": 0.4498480260372162,
    "perc_f1": 0.33220338821411133,
    "backg_f1": 0.2890855371952057
}