{
    "loss": 1.1484375,
    "acc": 0.6446654796600342,
    "macro_f1": 0.5349562168121338,
    "total_f1": 0.730975329875946,
    "inf_f1": 0.5488371849060059,
    "perc_f1": 0.42405062913894653,
    "backg_f1": 0.3631840944290161
}