{
    "loss": 1.1484375,
    "acc": 0.5976593494415283,
    "macro_f1": 0.4254707396030426,
    "total_f1": 0.6937131881713867,
    "inf_f1": 0.487607479095459,
    "perc_f1": 0.3236541450023651,
    "backg_f1": 0.10045112669467926
}