{
    "loss": 1.125,
    "acc": 0.5545449256896973,
    "macro_f1": 0.40463441610336304,
    "total_f1": 0.7117117047309875,
    "inf_f1": 0.5011617541313171,
    "perc_f1": 0.03758389130234718,
    "backg_f1": 0.34367120265960693
}