{
    "loss": 1.171875,
    "acc": 0.5433266758918762,
    "macro_f1": 0.40605607628822327,
    "total_f1": 0.7142138481140137,
    "inf_f1": 0.4435518682003021,
    "perc_f1": 0.14156626164913177,
    "backg_f1": 0.3051171600818634
}