{
    "loss": 1.34375,
    "acc": 0.347099632024765,
    "macro_f1": 0.30063319206237793,
    "total_f1": 0.5869894027709961,
    "inf_f1": 0.2591642141342163,
    "perc_f1": 0.2381308376789093,
    "backg_f1": 0.22381535172462463
}