{
    "loss": 1.4296875,
    "acc": 0.2555413246154785,
    "macro_f1": 0.23157024383544922,
    "total_f1": 0.5581632256507874,
    "inf_f1": 0.18462488055229187,
    "perc_f1": 0.1930333822965622,
    "backg_f1": 0.199543297290802
}