{
    "loss": 1.3671875,
    "acc": 0.34312471747398376,
    "macro_f1": 0.2942282557487488,
    "total_f1": 0.5774278044700623,
    "inf_f1": 0.2469450980424881,
    "perc_f1": 0.2334277629852295,
    "backg_f1": 0.21694914996623993
}