{
    "loss": 1.3203125,
    "acc": 0.37761908769607544,
    "macro_f1": 0.32297980785369873,
    "total_f1": 0.6021744608879089,
    "inf_f1": 0.29664722084999084,
    "perc_f1": 0.24764829874038696,
    "backg_f1": 0.22473138570785522
}