{
    "loss": 1.3359375,
    "acc": 0.38300883769989014,
    "macro_f1": 0.32181382179260254,
    "total_f1": 0.5912713408470154,
    "inf_f1": 0.2838023900985718,
    "perc_f1": 0.24786162376403809,
    "backg_f1": 0.22128748893737793
}