{
    "loss": 1.328125,
    "acc": 0.38044869899749756,
    "macro_f1": 0.3248317837715149,
    "total_f1": 0.5983448624610901,
    "inf_f1": 0.29427480697631836,
    "perc_f1": 0.25132274627685547,
    "backg_f1": 0.22783896327018738
}