{
    "loss": 1.3203125,
    "acc": 0.37970760464668274,
    "macro_f1": 0.3243100047111511,
    "total_f1": 0.6015373468399048,
    "inf_f1": 0.2963922321796417,
    "perc_f1": 0.24879273772239685,
    "backg_f1": 0.22630630433559418
}