{
    "loss": 1.328125,
    "acc": 0.3803139626979828,
    "macro_f1": 0.3250812888145447,
    "total_f1": 0.6001613736152649,
    "inf_f1": 0.2957242429256439,
    "perc_f1": 0.250662624835968,
    "backg_f1": 0.22834360599517822
}