{
    "loss": 1.3828125,
    "acc": 0.2884187698364258,
    "macro_f1": 0.263359010219574,
    "total_f1": 0.5819662809371948,
    "inf_f1": 0.23048201203346252,
    "perc_f1": 0.22557376325130463,
    "backg_f1": 0.21280337870121002
}