{
    "loss": 1.328125,
    "acc": 0.3786296546459198,
    "macro_f1": 0.32367315888404846,
    "total_f1": 0.6028684377670288,
    "inf_f1": 0.2963370084762573,
    "perc_f1": 0.24823102355003357,
    "backg_f1": 0.2256242036819458
}