{
    "loss": 1.3984375,
    "acc": 0.2960991859436035,
    "macro_f1": 0.2598932683467865,
    "total_f1": 0.5648229718208313,
    "inf_f1": 0.19615459442138672,
    "perc_f1": 0.20161767303943634,
    "backg_f1": 0.23183341324329376
}