{
    "loss": 1.34375,
    "acc": 0.3660984933376312,
    "macro_f1": 0.31284862756729126,
    "total_f1": 0.5910466313362122,
    "inf_f1": 0.2726588845252991,
    "perc_f1": 0.2437524050474167,
    "backg_f1": 0.22590307891368866
}