{
    "loss": 1.3203125,
    "acc": 0.38220036029815674,
    "macro_f1": 0.3258111774921417,
    "total_f1": 0.602448582649231,
    "inf_f1": 0.29775384068489075,
    "perc_f1": 0.2500962018966675,
    "backg_f1": 0.22593533992767334
}