{
    "loss": 1.3359375,
    "acc": 0.37593477964401245,
    "macro_f1": 0.31976357102394104,
    "total_f1": 0.596022367477417,
    "inf_f1": 0.2921389937400818,
    "perc_f1": 0.24769628047943115,
    "backg_f1": 0.21730077266693115
}