{
    "loss": 1.3359375,
    "acc": 0.37970760464668274,
    "macro_f1": 0.3234865963459015,
    "total_f1": 0.5971841812133789,
    "inf_f1": 0.29198184609413147,
    "perc_f1": 0.24880747497081757,
    "backg_f1": 0.2274126410484314
}