{
    "loss": 1.2578125,
    "acc": 0.6549215316772461,
    "macro_f1": 0.5777609348297119,
    "total_f1": 0.7469627857208252,
    "inf_f1": 0.6708930730819702,
    "perc_f1": 0.4410664141178131,
    "backg_f1": 0.4077634811401367
}