{
    "loss": 1.1484375,
    "acc": 0.37519368529319763,
    "macro_f1": 0.4019222855567932,
    "total_f1": 0.651185154914856,
    "inf_f1": 0.6153390407562256,
    "perc_f1": 0.31820860505104065,
    "backg_f1": 0.2706359922885895
}