{
    "loss": 1.421875,
    "acc": 0.2903725802898407,
    "macro_f1": 0.24843887984752655,
    "total_f1": 0.5542097091674805,
    "inf_f1": 0.19739913940429688,
    "perc_f1": 0.21111465990543365,
    "backg_f1": 0.16979484260082245
}