{
    "loss": 0.97265625,
    "acc": 0.630398154258728,
    "macro_f1": 0.5594316720962524,
    "total_f1": 0.7473759055137634,
    "inf_f1": 0.6437565684318542,
    "perc_f1": 0.40561822056770325,
    "backg_f1": 0.41689032316207886
}