{
    "loss": 1.234375,
    "acc": 0.6613892316818237,
    "macro_f1": 0.5821592807769775,
    "total_f1": 0.7656226754188538,
    "inf_f1": 0.6559672951698303,
    "perc_f1": 0.41817641258239746,
    "backg_f1": 0.45270270109176636
}