{
    "loss": 1.0703125,
    "acc": 0.6147005558013916,
    "macro_f1": 0.5580876469612122,
    "total_f1": 0.7428922653198242,
    "inf_f1": 0.6612607836723328,
    "perc_f1": 0.4232825040817261,
    "backg_f1": 0.3977075517177582
}