{
    "loss": 1.0703125,
    "acc": 0.6502728462219238,
    "macro_f1": 0.5736086964607239,
    "total_f1": 0.7609981298446655,
    "inf_f1": 0.6611735224723816,
    "perc_f1": 0.4239654839038849,
    "backg_f1": 0.4187774360179901
}