{
    "loss": 1.1875,
    "acc": 0.6659030914306641,
    "macro_f1": 0.5881257057189941,
    "total_f1": 0.760773777961731,
    "inf_f1": 0.6709786057472229,
    "perc_f1": 0.4613220691680908,
    "backg_f1": 0.4167415201663971
}