{
    "loss": 1.2421875,
    "acc": 0.6592333316802979,
    "macro_f1": 0.5799243450164795,
    "total_f1": 0.7523802518844604,
    "inf_f1": 0.6711750030517578,
    "perc_f1": 0.43615421652793884,
    "backg_f1": 0.41442373394966125
}