{
    "loss": 1.296875,
    "acc": 0.4332008361816406,
    "macro_f1": 0.3595883250236511,
    "total_f1": 0.6268025636672974,
    "inf_f1": 0.30055317282676697,
    "perc_f1": 0.23730850219726562,
    "backg_f1": 0.3139689564704895
}