{
    "loss": 1.03125,
    "acc": 0.5825641751289368,
    "macro_f1": 0.543488085269928,
    "total_f1": 0.7348181009292603,
    "inf_f1": 0.6502702832221985,
    "perc_f1": 0.4103825092315674,
    "backg_f1": 0.4009398818016052
}