{
    "loss": 1.1640625,
    "acc": 0.5588492751121521,
    "macro_f1": 0.5296076536178589,
    "total_f1": 0.7102815508842468,
    "inf_f1": 0.6672264337539673,
    "perc_f1": 0.39507514238357544,
    "backg_f1": 0.3765973746776581
}