{
    "loss": 1.28125,
    "acc": 0.3675132989883423,
    "macro_f1": 0.3372189998626709,
    "total_f1": 0.626420795917511,
    "inf_f1": 0.3858764171600342,
    "perc_f1": 0.2896115481853485,
    "backg_f1": 0.19115044176578522
}