{
    "loss": 1.0703125,
    "acc": 0.6124772429466248,
    "macro_f1": 0.5491399168968201,
    "total_f1": 0.7381938695907593,
    "inf_f1": 0.6472926139831543,
    "perc_f1": 0.41418904066085815,
    "backg_f1": 0.38451889157295227
}