{
    "loss": 1.4375,
    "acc": 0.28734081983566284,
    "macro_f1": 0.23981276154518127,
    "total_f1": 0.5325947999954224,
    "inf_f1": 0.17601065337657928,
    "perc_f1": 0.19162112474441528,
    "backg_f1": 0.1708603948354721
}