{
    "loss": 1.28125,
    "acc": 0.6504749655723572,
    "macro_f1": 0.5632691383361816,
    "total_f1": 0.7263264060020447,
    "inf_f1": 0.6791666746139526,
    "perc_f1": 0.44480985403060913,
    "backg_f1": 0.3386402726173401
}