{
    "loss": 1.5703125,
    "acc": 0.6694064736366272,
    "macro_f1": 0.568917989730835,
    "total_f1": 0.7285959720611572,
    "inf_f1": 0.6735415458679199,
    "perc_f1": 0.4416731595993042,
    "backg_f1": 0.3505816161632538
}