{
    "loss": 1.71875,
    "acc": 0.6741898655891418,
    "macro_f1": 0.566773533821106,
    "total_f1": 0.7323010563850403,
    "inf_f1": 0.6735491156578064,
    "perc_f1": 0.43531468510627747,
    "backg_f1": 0.34182968735694885
}