{
    "loss": 1.4296875,
    "acc": 0.6730445623397827,
    "macro_f1": 0.5648789405822754,
    "total_f1": 0.7236476540565491,
    "inf_f1": 0.6774386763572693,
    "perc_f1": 0.46727508306503296,
    "backg_f1": 0.29936304688453674
}