{
    "loss": 1.59375,
    "acc": 0.6498686075210571,
    "macro_f1": 0.4155910611152649,
    "total_f1": 0.5248454213142395,
    "inf_f1": 0.41606152057647705,
    "perc_f1": 0.16965456306934357,
    "backg_f1": 0.2747199237346649
}