{
    "loss": 1.015625,
    "acc": 0.6205618977546692,
    "macro_f1": 0.5450805425643921,
    "total_f1": 0.7524299025535583,
    "inf_f1": 0.6097561120986938,
    "perc_f1": 0.4038461446762085,
    "backg_f1": 0.40006640553474426
}