{
    "loss": 1.3515625,
    "acc": 0.3470322787761688,
    "macro_f1": 0.294636070728302,
    "total_f1": 0.5894950032234192,
    "inf_f1": 0.192136749625206,
    "perc_f1": 0.23450817167758942,
    "backg_f1": 0.2878994345664978
}