{
    "loss": 1.515625,
    "acc": 0.6612544655799866,
    "macro_f1": 0.5738393068313599,
    "total_f1": 0.7354309558868408,
    "inf_f1": 0.6708784699440002,
    "perc_f1": 0.4615384638309479,
    "backg_f1": 0.36023515462875366
}