{
    "loss": 1.328125,
    "acc": 0.5930507779121399,
    "macro_f1": 0.4072757363319397,
    "total_f1": 0.6877458691596985,
    "inf_f1": 0.4681564271450043,
    "perc_f1": 0.05049208551645279,
    "backg_f1": 0.3260984718799591
}