{
    "loss": 1.1328125,
    "acc": 0.5199806094169617,
    "macro_f1": 0.4462704062461853,
    "total_f1": 0.7277000546455383,
    "inf_f1": 0.43699565529823303,
    "perc_f1": 0.3154059648513794,
    "backg_f1": 0.32295817136764526
}