{
    "loss": 1.2265625,
    "acc": 0.5315626859664917,
    "macro_f1": 0.4267370104789734,
    "total_f1": 0.7032788991928101,
    "inf_f1": 0.4565385580062866,
    "perc_f1": 0.1966751217842102,
    "backg_f1": 0.33472609519958496
}