{
    "loss": 1.265625,
    "acc": 0.5817718505859375,
    "macro_f1": 0.31035923957824707,
    "total_f1": 0.6788321137428284,
    "inf_f1": 0.09584352374076843,
    "perc_f1": 0.3442389667034149,
    "backg_f1": 0.0
}