{
    "loss": 1.1484375,
    "acc": 0.49208658933639526,
    "macro_f1": 0.3707932233810425,
    "total_f1": 0.7104285955429077,
    "inf_f1": 0.4779815077781677,
    "perc_f1": 0.003574620233848691,
    "backg_f1": 0.34021180868148804
}