{
    "loss": 1.1484375,
    "acc": 0.5675823092460632,
    "macro_f1": 0.3820211887359619,
    "total_f1": 0.7184064984321594,
    "inf_f1": 0.46043795347213745,
    "perc_f1": 0.0,
    "backg_f1": 0.30285903811454773
}