{
    "loss": 1.0859375,
    "acc": 0.509623646736145,
    "macro_f1": 0.4630969166755676,
    "total_f1": 0.7168691754341125,
    "inf_f1": 0.5239930152893066,
    "perc_f1": 0.36951014399528503,
    "backg_f1": 0.2875817120075226
}