{
    "loss": 1.171875,
    "acc": 0.6540395021438599,
    "macro_f1": 0.48150521516799927,
    "total_f1": 0.6946224570274353,
    "inf_f1": 0.5823754668235779,
    "perc_f1": 0.3979550004005432,
    "backg_f1": 0.13116763532161713
}