{
    "loss": 1.1484375,
    "acc": 0.5917003750801086,
    "macro_f1": 0.46131137013435364,
    "total_f1": 0.7434480786323547,
    "inf_f1": 0.5439093708992004,
    "perc_f1": 0.16438356041908264,
    "backg_f1": 0.37106749415397644
}