{
    "loss": 1.0390625,
    "acc": 0.6064811944961548,
    "macro_f1": 0.5036600828170776,
    "total_f1": 0.7562012672424316,
    "inf_f1": 0.5884748697280884,
    "perc_f1": 0.31759655475616455,
    "backg_f1": 0.32942163944244385
}