{
    "loss": 0.9921875,
    "acc": 0.6247389316558838,
    "macro_f1": 0.5503290891647339,
    "total_f1": 0.760158360004425,
    "inf_f1": 0.6317535638809204,
    "perc_f1": 0.4009651243686676,
    "backg_f1": 0.3944464325904846
}