{
    "loss": 0.99609375,
    "acc": 0.6272990703582764,
    "macro_f1": 0.5550565719604492,
    "total_f1": 0.7594566345214844,
    "inf_f1": 0.630795955657959,
    "perc_f1": 0.4117647111415863,
    "backg_f1": 0.4028954803943634
}