{
    "loss": 1.09375,
    "acc": 0.5381661653518677,
    "macro_f1": 0.4714152216911316,
    "total_f1": 0.7114901542663574,
    "inf_f1": 0.5537366271018982,
    "perc_f1": 0.3159199655056,
    "backg_f1": 0.3157294690608978
}