{
    "loss": 1.2734375,
    "acc": 0.4619012475013733,
    "macro_f1": 0.3880036175251007,
    "total_f1": 0.6362854838371277,
    "inf_f1": 0.33591005206108093,
    "perc_f1": 0.2807537615299225,
    "backg_f1": 0.31284767389297485
}