{
    "loss": 1.0078125,
    "acc": 0.6136899590492249,
    "macro_f1": 0.5402657389640808,
    "total_f1": 0.7560808062553406,
    "inf_f1": 0.611815333366394,
    "perc_f1": 0.38431552052497864,
    "backg_f1": 0.3995342552661896
}