{
    "loss": 1.03125,
    "acc": 0.6334298849105835,
    "macro_f1": 0.5560237765312195,
    "total_f1": 0.7615828514099121,
    "inf_f1": 0.6280794143676758,
    "perc_f1": 0.40884995460510254,
    "backg_f1": 0.40584301948547363
}