{
    "loss": 1.0078125,
    "acc": 0.6031125783920288,
    "macro_f1": 0.521477460861206,
    "total_f1": 0.7547892928123474,
    "inf_f1": 0.6065120100975037,
    "perc_f1": 0.3464285731315613,
    "backg_f1": 0.3707927167415619
}