{
    "loss": 1.453125,
    "acc": 0.23175907135009766,
    "macro_f1": 0.21411597728729248,
    "total_f1": 0.5552915334701538,
    "inf_f1": 0.16349810361862183,
    "perc_f1": 0.17509949207305908,
    "backg_f1": 0.21211189031600952
}