{
    "loss": 1.328125,
    "acc": 0.33658963441848755,
    "macro_f1": 0.30917197465896606,
    "total_f1": 0.6049830317497253,
    "inf_f1": 0.28963911533355713,
    "perc_f1": 0.2574719488620758,
    "backg_f1": 0.247389554977417
}