{
    "loss": 1.015625,
    "acc": 0.6433335542678833,
    "macro_f1": 0.5609078407287598,
    "total_f1": 0.7651064395904541,
    "inf_f1": 0.6288335919380188,
    "perc_f1": 0.41236141324043274,
    "backg_f1": 0.410698264837265
}