{
    "loss": 1.0,
    "acc": 0.6448157429695129,
    "macro_f1": 0.562042772769928,
    "total_f1": 0.7655296325683594,
    "inf_f1": 0.6283636093139648,
    "perc_f1": 0.41201314330101013,
    "backg_f1": 0.41495123505592346
}