{
    "loss": 0.99609375,
    "acc": 0.6216398477554321,
    "macro_f1": 0.5541781187057495,
    "total_f1": 0.7565486431121826,
    "inf_f1": 0.6275100111961365,
    "perc_f1": 0.40614035725593567,
    "backg_f1": 0.41693049669265747
}