{
    "loss": 1.3828125,
    "acc": 0.2978508472442627,
    "macro_f1": 0.2614806294441223,
    "total_f1": 0.5744864344596863,
    "inf_f1": 0.17766624689102173,
    "perc_f1": 0.2117408961057663,
    "backg_f1": 0.257392942905426
}