{
    "loss": 0.98828125,
    "acc": 0.623795747756958,
    "macro_f1": 0.5439810752868652,
    "total_f1": 0.7623707056045532,
    "inf_f1": 0.6261113882064819,
    "perc_f1": 0.39811205863952637,
    "backg_f1": 0.372795969247818
}