{
    "loss": 1.09375,
    "acc": 0.5630746483802795,
    "macro_f1": 0.49093255400657654,
    "total_f1": 0.7428670525550842,
    "inf_f1": 0.6157024502754211,
    "perc_f1": 0.2438846230506897,
    "backg_f1": 0.3936082422733307
}