{
    "loss": 1.046875,
    "acc": 0.6914306879043579,
    "macro_f1": 0.5439516305923462,
    "total_f1": 0.7384837865829468,
    "inf_f1": 0.6468200087547302,
    "perc_f1": 0.38952454924583435,
    "backg_f1": 0.300589382648468
}