{
    "loss": 1.0390625,
    "acc": 0.5225573182106018,
    "macro_f1": 0.49954742193222046,
    "total_f1": 0.7107066512107849,
    "inf_f1": 0.6431237459182739,
    "perc_f1": 0.396632581949234,
    "backg_f1": 0.30579614639282227
}