{
    "loss": 1.390625,
    "acc": 0.6491948962211609,
    "macro_f1": 0.5826191902160645,
    "total_f1": 0.7426148056983948,
    "inf_f1": 0.677836537361145,
    "perc_f1": 0.4858156144618988,
    "backg_f1": 0.38668718934059143
}