{
    "loss": 1.84375,
    "acc": 0.698174238204956,
    "macro_f1": 0.596743643283844,
    "total_f1": 0.7381916046142578,
    "inf_f1": 0.6928761601448059,
    "perc_f1": 0.4480557143688202,
    "backg_f1": 0.42013129591941833
}