{
    "loss": 0.98046875,
    "acc": 0.5364818572998047,
    "macro_f1": 0.5172281265258789,
    "total_f1": 0.7086412310600281,
    "inf_f1": 0.6440498232841492,
    "perc_f1": 0.42933210730552673,
    "backg_f1": 0.3539558947086334
}