{
    "loss": 1.28125,
    "acc": 0.6638819575309753,
    "macro_f1": 0.594183087348938,
    "total_f1": 0.749962568283081,
    "inf_f1": 0.6689676642417908,
    "perc_f1": 0.47597137093544006,
    "backg_f1": 0.43657252192497253
}