{
    "loss": 1.28125,
    "acc": 0.49397021532058716,
    "macro_f1": 0.35635459423065186,
    "total_f1": 0.6363701820373535,
    "inf_f1": 0.381477028131485,
    "perc_f1": 0.29797786474227905,
    "backg_f1": 0.06740792095661163
}