{
    "loss": 1.265625,
    "acc": 0.6805227994918823,
    "macro_f1": 0.5742600560188293,
    "total_f1": 0.7393099069595337,
    "inf_f1": 0.6455906629562378,
    "perc_f1": 0.493742436170578,
    "backg_f1": 0.33742478489875793
}