{
    "loss": 1.625,
    "acc": 0.6819376349449158,
    "macro_f1": 0.5990509986877441,
    "total_f1": 0.7509200572967529,
    "inf_f1": 0.696502685546875,
    "perc_f1": 0.44856083393096924,
    "backg_f1": 0.43919837474823
}