{
    "loss": 1.7734375,
    "acc": 0.6931213140487671,
    "macro_f1": 0.5984903573989868,
    "total_f1": 0.7389538288116455,
    "inf_f1": 0.6951740980148315,
    "perc_f1": 0.45517241954803467,
    "backg_f1": 0.4223017394542694
}