{
    "loss": 1.0625,
    "acc": 0.5686855912208557,
    "macro_f1": 0.48623406887054443,
    "total_f1": 0.7308903336524963,
    "inf_f1": 0.525733232498169,
    "perc_f1": 0.344311386346817,
    "backg_f1": 0.3470645546913147
}