{
    "loss": 1.3125,
    "acc": 0.6044509410858154,
    "macro_f1": 0.5287471413612366,
    "total_f1": 0.726200520992279,
    "inf_f1": 0.6172839403152466,
    "perc_f1": 0.3778616487979889,
    "backg_f1": 0.3605700135231018
}