{
    "loss": 1.09375,
    "acc": 0.6006912589073181,
    "macro_f1": 0.517265796661377,
    "total_f1": 0.733183741569519,
    "inf_f1": 0.5942095518112183,
    "perc_f1": 0.36391639709472656,
    "backg_f1": 0.3502538204193115
}