{
    "loss": 1.1484375,
    "acc": 0.6059062480926514,
    "macro_f1": 0.5204850435256958,
    "total_f1": 0.738499104976654,
    "inf_f1": 0.6135494112968445,
    "perc_f1": 0.34868887066841125,
    "backg_f1": 0.3533681631088257
}