{
    "loss": 1.4375,
    "acc": 0.4273846447467804,
    "macro_f1": 0.3937120735645294,
    "total_f1": 0.653150200843811,
    "inf_f1": 0.4729498028755188,
    "perc_f1": 0.2952859401702881,
    "backg_f1": 0.24149025976657867
}