{
    "loss": 1.40625,
    "acc": 0.6055424213409424,
    "macro_f1": 0.5193235874176025,
    "total_f1": 0.7332123517990112,
    "inf_f1": 0.6179696321487427,
    "perc_f1": 0.34117957949638367,
    "backg_f1": 0.35262155532836914
}