{
    "loss": 1.6171875,
    "acc": 0.6314959526062012,
    "macro_f1": 0.5384044647216797,
    "total_f1": 0.7354112267494202,
    "inf_f1": 0.6206699013710022,
    "perc_f1": 0.3758079409599304,
    "backg_f1": 0.36641448736190796
}