{
    "loss": 1.125,
    "acc": 0.5525438189506531,
    "macro_f1": 0.4844089150428772,
    "total_f1": 0.7129501104354858,
    "inf_f1": 0.5562050342559814,
    "perc_f1": 0.32586556673049927,
    "backg_f1": 0.34569501876831055
}