{
    "loss": 1.1328125,
    "acc": 0.5878386497497559,
    "macro_f1": 0.4269869327545166,
    "total_f1": 0.73221355676651,
    "inf_f1": 0.5184099674224854,
    "perc_f1": 0.33597925305366516,
    "backg_f1": 0.07166556268930435
}