{
    "loss": 1.03125,
    "acc": 0.5973396897315979,
    "macro_f1": 0.5309814214706421,
    "total_f1": 0.7483960390090942,
    "inf_f1": 0.6170036196708679,
    "perc_f1": 0.41096892952919006,
    "backg_f1": 0.3350447416305542
}