{
    "loss": 1.0234375,
    "acc": 0.6289689540863037,
    "macro_f1": 0.5555092692375183,
    "total_f1": 0.7526533603668213,
    "inf_f1": 0.6925052404403687,
    "perc_f1": 0.4289027750492096,
    "backg_f1": 0.32314881682395935
}