{
    "loss": 1.1171875,
    "acc": 0.658636748790741,
    "macro_f1": 0.5118204355239868,
    "total_f1": 0.7712305188179016,
    "inf_f1": 0.5801580548286438,
    "perc_f1": 0.3300389349460602,
    "backg_f1": 0.30577483773231506
}