{
    "loss": 1.4609375,
    "acc": 0.6526296138763428,
    "macro_f1": 0.5736000537872314,
    "total_f1": 0.7482014298439026,
    "inf_f1": 0.7081999778747559,
    "perc_f1": 0.43386244773864746,
    "backg_f1": 0.356130987405777
}