{
    "loss": 1.953125,
    "acc": 0.7043643593788147,
    "macro_f1": 0.5957068204879761,
    "total_f1": 0.7623208165168762,
    "inf_f1": 0.6886507272720337,
    "perc_f1": 0.49041810631752014,
    "backg_f1": 0.3621262311935425
}