{
    "loss": 1.3828125,
    "acc": 0.6943729519844055,
    "macro_f1": 0.5989742279052734,
    "total_f1": 0.7601776719093323,
    "inf_f1": 0.6886870265007019,
    "perc_f1": 0.48208922147750854,
    "backg_f1": 0.39459457993507385
}