{
    "loss": 1.25,
    "acc": 0.6416574716567993,
    "macro_f1": 0.5557750463485718,
    "total_f1": 0.7535027265548706,
    "inf_f1": 0.6577420830726624,
    "perc_f1": 0.421848326921463,
    "backg_f1": 0.3511209487915039
}