{
    "loss": 1.1171875,
    "acc": 0.5895336866378784,
    "macro_f1": 0.5510788559913635,
    "total_f1": 0.7373485565185547,
    "inf_f1": 0.6486204862594604,
    "perc_f1": 0.4494597911834717,
    "backg_f1": 0.3801110088825226
}