{
    "loss": 1.0,
    "acc": 0.6344066262245178,
    "macro_f1": 0.5693777203559875,
    "total_f1": 0.7752940654754639,
    "inf_f1": 0.6483566164970398,
    "perc_f1": 0.44008907675743103,
    "backg_f1": 0.40700697898864746
}