{
    "loss": 1.1015625,
    "acc": 0.6391971111297607,
    "macro_f1": 0.48275500535964966,
    "total_f1": 0.7192593216896057,
    "inf_f1": 0.4854501783847809,
    "perc_f1": 0.4101087749004364,
    "backg_f1": 0.2197125256061554
}