{
    "loss": 1.8046875,
    "acc": 0.6774604320526123,
    "macro_f1": 0.5656242966651917,
    "total_f1": 0.7359939217567444,
    "inf_f1": 0.608222484588623,
    "perc_f1": 0.5010438561439514,
    "backg_f1": 0.3283959627151489
}