{
    "loss": 1.4609375,
    "acc": 0.6474440693855286,
    "macro_f1": 0.5627285838127136,
    "total_f1": 0.7572504878044128,
    "inf_f1": 0.6383981108665466,
    "perc_f1": 0.43828222155570984,
    "backg_f1": 0.3767031133174896
}