{
    "loss": 1.359375,
    "acc": 0.6948638558387756,
    "macro_f1": 0.5892698764801025,
    "total_f1": 0.7747987508773804,
    "inf_f1": 0.6417445540428162,
    "perc_f1": 0.4878048896789551,
    "backg_f1": 0.384347528219223
}