{
    "loss": 1.0,
    "acc": 0.6191862225532532,
    "macro_f1": 0.5257886648178101,
    "total_f1": 0.7640863060951233,
    "inf_f1": 0.5711634755134583,
    "perc_f1": 0.3852739632129669,
    "backg_f1": 0.3626037538051605
}